time,soc,soh,temp,voltage,current,v1,v2,R0,R1,R2,power,tte_estimate,brightness,cpu_load,gpu_load,network_traffic,signal_quality,gps_flag,power_base,power_screen,power_cpu,power_gpu,power_network,power_gps,power_background,stop_reason,actual_tte_s
5.0,0.9996394206994269,0.9999999999999968,25.006910474801927,4.1792625777103245,0.8956789826236171,0.0030826529573736274,0.0008607884081100585,0.01875,0.00625,0.0125,3.7468097112707897,13848.508151030419,0.75,0.85,0.75,0.15,4.0,0.0,0.35,0.8021711060847014,1.0837499999999998,0.9558886051860883,0.51,0.0,0.045,,
15.0,0.9989172649118884,0.9999999999999903,25.02074964246843,4.174735336276652,0.8972043827987822,0.005093733559467599,0.0023910221567886862,0.018731411851430235,0.006243803950476746,0.012487607900953492,3.7468097112707897,13823.513021210045,0.75,0.85,0.75,0.15,4.0,0.0,0.35,0.8021711060847014,1.0837499999999998,0.9558886051860883,0.51,0.0,0.045,,
25.0,0.9981944338032258,0.9999999999999839,25.034580492207002,4.172053457811315,0.8979115046696685,0.005498935177185087,0.0036959342131024516,0.018712831428179,0.006237610476059667,0.012475220952119333,3.7468097112707897,13804.63623232323,0.75,0.85,0.75,0.15,4.0,0.0,0.35,0.8021711060847014,1.0837499999999998,0.9558886051860883,0.51,0.0,0.045,,
35.0,0.9974711665272156,0.9999999999999775,25.048389313100998,4.169893054220143,0.8984183414865075,0.0055787439383510615,0.0048079669550878034,0.01869428109614694,0.006231427032048981,0.012462854064097962,3.7468097112707897,13787.490491193013,0.75,0.85,0.75,0.15,4.0,0.0,0.35,0.8021711060847014,1.0837499999999998,0.9558886051860883,0.51,0.0,0.045,,
45.0,0.9967475359475769,0.999999999999971,25.062173649747503,4.1679643236040675,0.8988555153668097,0.005592579038590622,0.00575521730979212,0.018675766085286944,0.006225255361762314,0.012450510723524629,3.7468097112707897,13771.115546541267,0.75,0.85,0.75,0.15,4.0,0.0,0.35,0.8021711060847014,1.0837499999999998,0.9558886051860883,0.51,0.0,0.045,,
55.0,0.996023577642611,0.9999999999999646,25.075932910779873,4.166190169596645,0.8992537385545949,0.005592936214822268,0.006561772778238086,0.018657287652846678,0.0062190958842822264,0.012438191768564453,3.7468097112707897,13755.255685176848,0.75,0.85,0.75,0.15,4.0,0.0,0.35,0.8021711060847014,1.0837499999999998,0.9558886051860883,0.51,0.0,0.045,,
65.0,0.9952993166053359,0.9999999999999581,25.08966642424815,4.16453922176826,0.8996228509947081,0.005590440537982095,0.0072482317531374334,0.01863884650155957,0.00621294883385319,0.01242589766770638,3.7468097112707897,13739.806646532661,0.75,0.85,0.75,0.15,4.0,0.0,0.35,0.8021711060847014,1.0837499999999998,0.9558886051860883,0.51,0.0,0.045,,
75.0,0.9945747730881253,0.9999999999999517,25.103373234783994,4.162991647799212,0.8999679461577549,0.005587255364837116,0.00783219631164255,0.01862044337729947,0.006206814459099824,0.012413628918199648,3.7468097112707897,13724.70244376218,0.75,0.85,0.75,0.15,4.0,0.0,0.35,0.8021711060847014,1.0837499999999998,0.9558886051860883,0.51,0.0,0.045,,
85.0,0.9938499641592208,0.9999999999999453,25.117052200038653,4.1615319112637525,0.90029271062836,0.005583834403605025,0.008328703691068487,0.018602079102792376,0.0062006930342641264,0.012401386068528253,3.7468097112707897,13709.891388110535,0.75,0.85,0.75,0.15,4.0,0.0,0.35,0.8021711060847014,1.0837499999999998,0.9558886051860883,0.51,0.0,0.045,,
95.0,0.9931249043385725,0.9999999999999388,25.130702101198217,4.160147025029514,0.900600162949739,0.005580284482971017,0.008750597567137757,0.018583754526714305,0.006194584842238101,0.012389169684476202,3.7468097112707897,13695.330296511653,0.75,0.85,0.75,0.15,4.0,0.0,0.35,0.8021711060847014,1.0837499999999998,0.9558886051860883,0.51,0.0,0.045,,
105.0,0.992399606001867,0.9999999999999324,25.14432172349368,4.1588259550671225,0.9008928576068961,0.005576640441740636,0.0091088462054813,0.01856547047714571,0.00618849015904857,0.01237698031809714,3.7468097112707897,13680.982505502969,0.75,0.85,0.75,0.15,4.0,0.0,0.35,0.8021711060847014,1.0837499999999998,0.9558886051860883,0.51,0.0,0.045,,
115.0,0.9916740796983361,0.999999999999926,25.157909907870458,4.157559291345797,0.901172973321708,0.005572920732061381,0.009412814788330396,0.018547227730718537,0.006182409243572847,0.012364818487145693,3.7468097112707897,13666.816770463442,0.75,0.85,0.75,0.15,4.0,0.0,0.35,0.8021711060847014,1.0837499999999998,0.9558886051860883,0.51,0.0,0.045,,
125.0,0.9909483344172686,0.9999999999999195,25.17146558124177,4.1563390026740334,0.9014423713736974,0.005569138858211007,0.009670498428112368,0.018529026994995923,0.0061763423316653085,0.012352684663330617,3.7468097112707897,13652.80644459396,0.75,0.85,0.75,0.15,4.0,0.0,0.35,0.8021711060847014,1.0837499999999998,0.9558886051860883,0.51,0.0,0.045,,
135.0,0.9902223778150612,0.9999999999999131,25.184987771922202,4.155158234285473,0.901702642144851,0.005565305906160455,0.009888721501268962,0.018510868900233308,0.006170289633411104,0.012340579266822208,3.7468097112707897,13638.928801165912,0.75,0.85,0.75,0.15,4.0,0.0,0.35,0.8021711060847014,1.0837499999999998,0.9558886051860883,0.51,0.0,0.045,,
145.0,0.9894962164093264,0.9999999999999066,25.198475615165346,4.154011136171117,0.9019551443482575,0.00556143125376533,0.010073308141325425,0.018492753997389692,0.0061642513324632305,0.012328502664926461,3.7468097112707897,13625.16445905963,0.75,0.85,0.75,0.15,4.0,0.0,0.35,0.8021711060847014,1.0837499999999998,0.9558886051860883,0.51,0.0,0.045,,
155.0,0.9887698557449303,0.9999999999999002,25.21192835231094,4.152892716561085,0.9022010385263372,0.005557522888339224,0.010229228040534494,0.018474682760119432,0.006158227586706476,0.012316455173412953,3.7468097112707897,13611.496892804236,0.75,0.85,0.75,0.15,4.0,0.0,0.35,0.8021711060847014,1.0837499999999998,0.9558886051860883,0.51,0.0,0.045,,
165.0,0.9880433005360055,0.9999999999998938,25.225345325987995,4.151798716700129,0.902441315734754,0.0055535876211562,0.010360721116097451,0.018456655589159394,0.0061522185297197985,0.012304437059439597,3.7468097112707897,13597.912014127101,0.75,0.85,0.75,0.15,4.0,0.0,0.35,0.8021711060847014,1.0837499999999998,0.9558886051860883,0.51,0.0,0.045,,
175.0,0.9873165547873867,0.9999999999998873,25.23872597305576,4.1507255038013975,0.9026768221118326,0.005549631260082762,0.010471404087730687,0.018438672818027503,0.0061462242726758355,0.012292448545351671,3.7468097112707897,13584.397814509119,0.75,0.85,0.75,0.15,4.0,0.0,0.35,0.8021711060847014,1.0837499999999998,0.9558886051860883,0.51,0.0,0.045,,
185.0,0.9865896218984207,0.9999999999998809,25.252069816420025,4.149669979547049,0.9029082799184394,0.0055456587554491826,0.010564361576579905,0.01842073471930579,0.006140244906435263,0.012280489812870526,3.7468097112707897,13570.944059877287,0.75,0.85,0.75,0.15,4.0,0.0,0.35,0.8021711060847014,1.0837499999999998,0.9558886051860883,0.51,0.0,0.045,,
195.0,0.9858625047516897,0.9999999999998744,25.26537645647752,4.148629501889094,0.9031363055502805,0.005541674324702676,0.010642223960976575,0.01840284151103274,0.00613428050367758,0.01226856100735516,3.7468097112707897,13557.542029867998,0.75,0.85,0.75,0.15,4.0,0.0,0.35,0.8021711060847014,1.0837499999999998,0.9558886051860883,0.51,0.0,0.045,,
205.0,0.9851352057888194,0.999999999999868,25.278645562671656,4.1476018182279075,0.903361424952432,0.0055376815591457445,0.010707233903465226,0.01838499336290549,0.0061283311209684955,0.012256662241936991,3.7468097112707897,13544.184295190289,0.75,0.85,0.75,0.15,4.0,0.0,0.35,0.8021711060847014,1.0837499999999998,0.9558886051860883,0.51,0.0,0.045,,
215.0,0.9844077270752378,0.9999999999998616,25.291876865455844,4.146585008322318,0.9035840868076689,0.005533683515333526,0.010761303188324708,0.01836719040211346,0.006122396800704487,0.012244793601408973,3.7468097112707897,13530.864527552993,0.75,0.85,0.75,0.15,4.0,0.0,0.35,0.8021711060847014,1.0837499999999998,0.9558886051860883,0.51,0.0,0.045,,
225.0,0.9836800703554839,0.9999999999998551,25.30507014883227,4.145577435522105,0.9038046738158951,0.005529682793296142,0.010806061272943982,0.018349432718707506,0.006116477572902503,0.012232955145805005,3.7468097112707897,13517.57733741987,0.75,0.85,0.75,0.15,4.0,0.0,0.35,0.8021711060847014,1.0837499999999998,0.9558886051860883,0.51,0.0,0.045,,
235.0,0.982952237100433,0.9999999999998487,25.31822524354766,4.144577705116505,0.9040235123390352,0.0055256816034531565,0.010842896754302176,0.0183317203704638,0.006110573456821267,0.012221146913642534,3.7468097112707897,13504.318135541322,0.75,0.85,0.75,0.15,4.0,0.0,0.35,0.8021711060847014,1.0837499999999998,0.9558886051860883,0.51,0.0,0.045,,
245.0,0.9822242285476139,0.9999999999998422,25.331342020970325,4.1435846287662965,0.9042408806459407,0.0055216818238262785,0.01087299277863624,0.01831405338723734,0.006104684462412448,0.012209368924824895,3.7468097112707897,13491.083014798034,0.75,0.85,0.75,0.15,4.0,0.0,0.35,0.8021711060847014,1.0837499999999998,0.9558886051860883,0.51,0.0,0.045,,
255.0,0.9814960457356205,0.9999999999998358,25.34442038763647,4.142597194135886,0.904457015958712,0.005517685048935446,0.010897357274037248,0.018296431774822756,0.0060988105916075855,0.012197621183215171,3.7468097112707897,13477.868649393646,0.75,0.85,0.75,0.15,4.0,0.0,0.35,0.8021711060847014,1.0837499999999998,0.9558886051860883,0.51,0.0,0.045,,
265.0,0.980767689533477,0.9999999999998294,25.35746028043138,4.141614538969475,0.9046721204735092,0.005513692631571235,0.010916848758657909,0.018278855518352996,0.006092951839450998,0.012185903678901997,3.7468097112707897,13464.672208863421,0.75,0.85,0.75,0.15,4.0,0.0,0.35,0.8021711060847014,1.0837499999999998,0.9558886051860883,0.51,0.0,0.045,,
275.0,0.9800391606656927,0.9999999999998229,25.370461662358725,4.140635928964577,0.904886366503773,0.005509705718467879,0.010932198368402136,0.018261324585273655,0.006087108195091219,0.012174216390182438,3.7468097112707897,13451.491284733454,0.75,0.85,0.75,0.15,4.0,0.0,0.35,0.8021711060847014,1.0837499999999998,0.9558886051860883,0.51,0.0,0.045,,
285.0,0.9793104597336347,0.9999999999998165,25.383424518845434,4.139660738889795,0.9050999008730777,0.00550572528075793,0.010944028654797109,0.018243838927933544,0.006081279642644515,0.01216255928528903,3.7468097112707897,13438.323827979788,0.75,0.85,0.75,0.15,4.0,0.0,0.35,0.8021711060847014,1.0837499999999998,0.9558886051860883,0.51,0.0,0.045,,
295.0,0.9785815872337562,0.99999999999981,25.396348854527837,4.138688436473819,0.9053128486659585,0.005501752139963172,0.010952869623983041,0.01822639848583204,0.006075466161944013,0.012150932323888025,3.7468097112707897,13425.16809570594,0.75,0.85,0.75,0.15,4.0,0.0,0.35,0.8021711060847014,1.0837499999999998,0.9558886051860883,0.51,0.0,0.045,,
305.0,0.9778525435731404,0.9999999999998036,25.409234690466207,4.137718568661216,0.9055253164303366,0.0054977869901704545,0.01095917241947827,0.018209003187562446,0.006069667729187483,0.012139335458374966,3.7468097112707897,13412.022605687562,0.75,0.85,0.75,0.15,4.0,0.0,0.35,0.8021711060847014,1.0837499999999998,0.9558886051860883,0.51,0.0,0.045,,
315.0,0.9771233290827532,0.9999999999997972,25.422082061737537,4.1367507498892335,0.9057373949108776,0.005493830416947118,0.010963320992942185,0.01819165295248779,0.006063884317495931,0.012127768634991862,3.7468097112707897,13398.886097629993,0.75,0.85,0.75,0.15,4.0,0.0,0.35,0.8021711060847014,1.0837499999999998,0.9558886051860883,0.51,0.0,0.045,,
325.0,0.9763939440287398,0.9999999999997907,25.434891015360265,4.135784652090102,0.9059491613816892,0.005489882913471017,0.010965642057154761,0.018174347692182635,0.006058115897394213,0.012116231794788426,3.7468097112707897,13385.757500152764,0.75,0.85,0.75,0.15,4.0,0.0,0.35,0.8021711060847014,1.0837499999999998,0.9558886051860883,0.51,0.0,0.045,,
335.0,0.9756643886220525,0.9999999999997843,25.447661608508824,4.134819996166291,0.9061606816366063,0.005485944894282295,0.01096641357265049,0.018157087311671077,0.006052362437223693,0.012104724874447387,3.7468097112707897,13372.635902659282,0.75,0.85,0.75,0.15,4.0,0.0,0.35,0.8021711060847014,1.0837499999999998,0.9558886051860883,0.51,0.0,0.045,,
345.0,0.9749346630266559,0.9999999999997778,25.460393906980208,4.13385654472286,0.906372011687236,0.005482016707005014,0.010965871982848034,0.01813987171048799,0.006046623903495998,0.012093247806991995,3.7468097112707897,13359.520531372627,0.75,0.85,0.75,0.15,4.0,0.0,0.35,0.8021711060847014,1.0837499999999998,0.9558886051860883,0.51,0.0,0.045,,
355.0,0.9742047673665161,0.9999999999997714,25.47308798387896,4.132894095872599,0.9065831992111671,0.005478098642336074,0.010964218381216745,0.018122700783587426,0.00604090026119581,0.01208180052239162,3.7468097112707897,13346.41072892401,0.75,0.85,0.75,0.15,4.0,0.0,0.35,0.8021711060847014,1.0837499999999998,0.9558886051860883,0.51,0.0,0.045,,
365.0,0.9734747017315559,0.999999999999765,25.48574391849088,4.131932477956448,0.9067942847869565,0.005474190942555127,0.010961623767254479,0.018105574422119124,0.006035191474039708,0.012070382948079416,3.7468097112707897,13333.30593697002,0.75,0.85,0.75,0.15,4.0,0.0,0.35,0.8021711060847014,1.0837499999999998,0.9558886051860883,0.51,0.0,0.045,,
375.0,0.9727444661827257,0.9999999999997585,25.498361795319475,4.130971545044709,0.90700530294722,0.00547029380877419,0.010958233525166713,0.01808849251409163,0.006029497504697211,0.012058995009394422,3.7468097112707897,13320.205681391688,0.75,0.85,0.75,0.15,4.0,0.0,0.35,0.8021711060847014,1.0837499999999998,0.9558886051860883,0.51,0.0,0.045,,
385.0,0.9720140607563226,0.9999999999997521,25.51094170326239,4.130011173104212,0.9072162830763084,0.005466407407111412,0.010954171239572595,0.018071454944937913,0.006023818314979306,0.012047636629958612,3.7468097112707897,13307.109559693965,0.75,0.85,0.75,0.15,4.0,0.0,0.35,0.8021711060847014,1.0837499999999998,0.9558886051860883,0.51,0.0,0.045,,
395.0,0.9712834854676669,0.9999999999997456,25.523483734908112,4.1290512567333995,0.9074272501754375,0.005462531873948014,0.010949541945842614,0.01805446159799742,0.0060181538659991405,0.012036307731998281,3.7468097112707897,13294.017230280317,0.75,0.85,0.75,0.15,4.0,0.0,0.35,0.8021711060847014,1.0837499999999998,0.9558886051860883,0.51,0.0,0.045,,
405.0,0.9705527403142324,0.9999999999997392,25.535987985935826,4.12809170638162,0.907638225514788,0.005458667320403631,0.010944434898382744,0.01803751235492656,0.006012504118308853,0.012025008236617707,3.7468097112707897,13280.928403324811,0.75,0.85,0.75,0.15,4.0,0.0,0.35,0.8021711060847014,1.0837499999999998,0.9558886051860883,0.51,0.0,0.045,,
415.0,0.9698218252783108,0.9999999999997328,25.548454554603627,4.127132445981224,0.9078492271890921,0.005454813836145827,0.010938925927970822,0.018020607096047945,0.006006869032015982,0.012013738064031963,3.7468097112707897,13267.842833005137,0.75,0.85,0.75,0.15,4.0,0.0,0.35,0.8021711060847014,1.0837499999999998,0.9558886051860883,0.51,0.0,0.045,,
425.0,0.9690907403292781,0.9999999999997263,25.56088354131235,4.126173410931509,0.9080602705908144,0.005450971492631339,0.010933079448819893,0.018003745700647306,0.006001248566882435,0.01200249713376487,3.7468097112707897,13254.760310894668,0.75,0.85,0.75,0.15,4.0,0.0,0.35,0.8021711060847014,1.0837499999999998,0.9558886051860883,0.51,0.0,0.045,,
435.0,0.9683594854255241,0.9999999999997199,25.57327504823407,4.1252145463825025,0.9082713688134342,0.0054471403458645744,0.010926950167135003,0.017986928047225723,0.005995642682408574,0.011991285364817148,3.7468097112707897,13241.680660341546,0.75,0.85,0.75,0.15,4.0,0.0,0.35,0.8021711060847014,1.0837499999999998,0.9558886051860883,0.51,0.0,0.045,,
445.0,0.9676280605160932,0.9999999999997135,25.585629178995823,4.124255805774257,0.908482532994693,0.005443320438744056,0.010920584535321215,0.01797015401371375,0.005990051337904585,0.01198010267580917,3.7468097112707897,13228.603731688236,0.75,0.85,0.75,0.15,4.0,0.0,0.35,0.8021711060847014,1.0837499999999998,0.9558886051860883,0.51,0.0,0.045,,
455.0,0.9668964655420803,0.999999999999707,25.597946038410463,4.1232971495937685,0.9086937726089362,0.0054395118030579215,0.01091402198950417,0.017953423477653035,0.005984474492551011,0.011968948985102023,3.7468097112707897,13215.529398206334,0.75,0.85,0.75,0.15,4.0,0.0,0.35,0.8021711060847014,1.0837499999999998,0.9558886051860883,0.51,0.0,0.045,,
465.0,0.9661647004378179,0.9999999999997006,25.610225732247777,4.122338544317339,0.908905095716003,0.005435714461181289,0.010907296002478988,0.017936736316350226,0.005978912105450076,0.011957824210900152,3.7468097112707897,13202.457552640471,0.75,0.85,0.75,0.15,4.0,0.0,0.35,0.8021711060847014,1.0837499999999998,0.9558886051860883,0.51,0.0,0.045,,
475.0,0.9654327651318849,0.9999999999996941,25.62246836703989,4.121379961510803,0.909116509173026,0.005431928427518851,0.010900434979468751,0.01792009240700731,0.005973364135669104,0.011946728271338207,3.7468097112707897,13189.388104270272,0.75,0.85,0.75,0.15,4.0,0.0,0.35,0.8021711060847014,1.0837499999999998,0.9558886051860883,0.51,0.0,0.045,,
485.0,0.964700659547965,0.9999999999996877,25.634674049915898,4.120421377064212,0.9093280188147866,0.005428153709732013,0.01089346302003472,0.017903491626831886,0.0059678305422772955,0.011935661084554591,3.7468097112707897,13176.320976413277,0.75,0.85,0.75,0.15,4.0,0.0,0.35,0.8021711060847014,1.0837499999999998,0.9558886051860883,0.51,0.0,0.045,,
495.0,0.9639683836055759,0.9999999999996813,25.64684288846141,4.119462770540996,0.9095396296070536,0.005424390309780916,0.010886400566032026,0.01788693385313035,0.005962311284376783,0.011924622568753566,3.7468097112707897,13163.25610430296,0.75,0.85,0.75,0.15,4.0,0.0,0.35,0.8021711060847014,1.0837499999999998,0.9558886051860883,0.51,0.0,0.045,,
505.0,0.963235937220689,0.9999999999996748,25.65897499059932,4.118504124624529,0.9097513457771158,0.005420638224810672,0.010879264952564891,0.0178704189633865,0.005956806321128835,0.01191361264225767,3.7468097112707897,13150.193433285734,0.75,0.85,0.75,0.15,4.0,0.0,0.35,0.8021711060847014,1.0837499999999998,0.9558886051860883,0.51,0.0,0.045,,
515.0,0.9625033203062563,0.9999999999996684,25.671070464488594,4.117545424647667,0.9099631709248228,0.005416897447903812,0.01087207087638566,0.017853946835327896,0.0059513156117759645,0.011902631223551929,3.7468097112707897,13137.132917289386,0.75,0.85,0.75,0.15,4.0,0.0,0.35,0.8021711060847014,1.0837499999999998,0.9558886051860883,0.51,0.0,0.045,,
525.0,0.9617705327726573,0.9999999999996619,25.683129418438458,4.116586658192804,0.910175108116972,0.0054131679687197,0.010864830794043386,0.017837517346981614,0.005945839115660539,0.011891678231321078,3.7468097112707897,13124.074517522102,0.75,0.85,0.75,0.15,4.0,0.0,0.35,0.8021711060847014,1.0837499999999998,0.9558886051860883,0.51,0.0,0.045,,
535.0,0.9610375745280798,0.9999999999996555,25.69515196083564,4.115627814751996,0.9103871599676652,0.005409449774037709,0.010857555260262879,0.017821130376721162,0.0059403767922403886,0.011880753584480777,3.7468097112707897,13111.018201367706,0.75,0.85,0.75,0.15,4.0,0.0,0.35,0.8021711060847014,1.0837499999999998,0.9558886051860883,0.51,0.0,0.045,,
545.0,0.9603044454788418,0.9999999999996491,25.707138200082724,4.114668885438142,0.9105993287065159,0.005405742848218044,0.01085025321547978,0.01780478580330577,0.005934928601101923,0.011869857202203847,3.7468097112707897,13097.963941447599,0.75,0.85,0.75,0.15,4.0,0.0,0.35,0.8021711060847014,1.0837499999999998,0.9558886051860883,0.51,0.0,0.045,,
555.0,0.959571145529666,0.9999999999996426,25.719088244545965,4.113709862739615,0.9108116162366909,0.005402047173593122,0.010842932230131644,0.017788483505913274,0.005929494501971092,0.011858989003942184,3.7468097112707897,13084.911714824388,0.75,0.85,0.75,0.15,4.0,0.0,0.35,0.8021711060847014,1.0837499999999998,0.9558886051860883,0.51,0.0,0.045,,
565.0,0.9588376745839127,0.9999999999996362,25.731002202511135,4.112750740311808,0.9110240241842144,0.005398362730799828,0.010835598712175024,0.01777222336416755,0.005924074454722517,0.011848148909445034,3.7468097112707897,13071.861502325903,0.75,0.85,0.75,0.15,4.0,0.0,0.35,0.8021711060847014,1.0837499999999998,0.9558886051860883,0.51,0.0,0.045,,
575.0,0.9581040325437766,0.9999999999996297,25.742880182146195,4.111791512800119,0.9112365539399648,0.005394689499061479,0.010828258083335521,0.017756005258161272,0.005918668419387093,0.011837336838774186,3.7468097112707897,13058.813287971543,0.75,0.85,0.75,0.15,4.0,0.0,0.35,0.8021711060847014,1.0837499999999998,0.9558886051860883,0.51,0.0,0.045,,
585.0,0.957370219310455,0.9999999999996233,25.75472229146976,4.110832175689605,0.9114492066952234,0.005391027456427026,0.010820914928777675,0.017739829068474815,0.0059132763561582724,0.011826552712316545,3.7468097112707897,13045.76705848547,0.75,0.85,0.75,0.15,4.0,0.0,0.35,0.8021711060847014,1.0837499999999998,0.9558886051860883,0.51,0.0,0.045,,
595.0,0.9566362347842894,0.9999999999996169,25.766528638324516,4.109872725177348,0.9116619834718864,0.005387376579973522,0.010813573124182315,0.017723694676191747,0.0059078982253972494,0.011815796450794499,3.7468097112707897,13032.722802883614,0.75,0.85,0.75,0.15,4.0,0.0,0.35,0.8021711060847014,1.0837499999999998,0.9558886051860883,0.51,0.0,0.045,,
605.0,0.9559020788648865,0.9999999999996104,25.778299330354795,4.108913158064098,0.9118748851482512,0.005383736845978378,0.010806235943624455,0.017707601962911552,0.0059025339876371844,0.011805067975274369,3.7468097112707897,13019.680512123392,0.75,0.85,0.75,0.15,4.0,0.0,0.35,0.8021711060847014,1.0837499999999998,0.9558886051860883,0.51,0.0,0.045,,
615.0,0.9551677514512207,0.999999999999604,25.7900344749877,4.107953471662306,0.9120879124808304,0.005380108230065384,0.01079890615113763,0.017691550810759935,0.005897183603586646,0.011794367207173292,3.7468097112707897,13006.640178806543,0.75,0.85,0.75,0.15,4.0,0.0,0.35,0.8021711060847014,1.0837499999999998,0.9558886051860883,0.51,0.0,0.045,,
625.0,0.9544332524417202,0.9999999999995975,25.801734179417284,4.1069936637180735,0.9123010661227992,0.005376490707327703,0.010791586078418666,0.017675541102397125,0.005891847034132375,0.01178369406826475,3.7468097112707897,12993.601796927229,0.75,0.85,0.75,0.15,4.0,0.0,0.35,0.8021711060847014,1.0837499999999998,0.9558886051860883,0.51,0.0,0.045,,
635.0,0.9536985817343409,0.9999999999995911,25.813398550591238,4.106033732344937,0.9125143466397945,0.005372884252432873,0.01078427769076048,0.01765957272102443,0.0058865242403414765,0.011773048480682953,3.7468097112707897,12980.565361658413,0.75,0.85,0.75,0.15,4.0,0.0,0.35,0.8021711060847014,1.0837499999999998,0.9558886051860883,0.51,0.0,0.045,,
645.0,0.9529637392266288,0.9999999999995847,25.82502769519979,4.105073675967675,0.9127277545233122,0.0053692888397116265,0.010776982642987062,0.017643645550389348,0.005881215183463116,0.011762430366926232,3.7468097112707897,12967.530869170752,0.75,0.85,0.75,0.15,4.0,0.0,0.35,0.8021711060847014,1.0837499999999998,0.9558886051860883,0.51,0.0,0.045,,
655.0,0.9522287248157728,0.9999999999995782,25.83662171966643,4.104113493274668,0.9129412902019217,0.005365704443232503,0.010769702326898847,0.017627759474789485,0.005875919824929828,0.011751839649859656,3.7468097112707897,12954.498316479188,0.75,0.85,0.75,0.15,4.0,0.0,0.35,0.8021711060847014,1.0837499999999998,0.9558886051860883,0.51,0.0,0.045,,
665.0,0.951493538398649,0.9999999999995718,25.848180730140186,4.103153183177479,0.9131549540509625,0.005362131036865543,0.010762437911510669,0.017611914379075364,0.005870638126358456,0.011741276252716912,3.7468097112707897,12941.467701312844,0.75,0.85,0.75,0.15,4.0,0.0,0.35,0.8021711060847014,1.0837499999999998,0.9558886051860883,0.51,0.0,0.045,,
675.0,0.9507581798718593,0.9999999999995653,25.859704832489257,4.102192744776581,0.9133687464007207,0.005358568594336281,0.01075519037717169,0.01759611014865245,0.0058653700495508165,0.011730740099101633,3.7468097112707897,12928.439022004843,0.75,0.85,0.75,0.15,4.0,0.0,0.35,0.8021711060847014,1.0837499999999998,0.9558886051860883,0.51,0.0,0.045,,
685.0,0.9500226491317626,0.9999999999995589,25.871194132295734,4.101232177332314,0.9135826675432802,0.005355017089270567,0.010747960544492435,0.017580346669482334,0.005860115556494112,0.011720231112988224,3.7468097112707897,12915.412277398971,0.75,0.85,0.75,0.15,4.0,0.0,0.35,0.8021711060847014,1.0837499999999998,0.9558886051860883,0.51,0.0,0.045,,
695.0,0.9492869460745027,0.9999999999995525,25.882648734851294,4.100271480240245,0.9137967177384537,0.005351476495233499,0.01074074909886588,0.01756462382808338,0.005854874609361127,0.011709749218722254,3.7468097112707897,12902.387466770602,0.75,0.85,0.75,0.15,4.0,0.0,0.35,0.8021711060847014,1.0837499999999998,0.9558886051860883,0.51,0.0,0.045,,
705.0,0.9485510705960309,0.999999999999546,25.894068745153703,4.099310653010313,0.9140108972187159,0.0053479467857613745,0.010733556611249724,0.017548941511530775,0.005849647170510258,0.011699294341020516,3.7468097112707897,12889.364589759753,0.75,0.85,0.75,0.15,4.0,0.0,0.35,0.8021711060847014,1.0837499999999998,0.9558886051860883,0.51,0.0,0.045,,
715.0,0.9478150225921254,0.9999999999995396,25.90545426790398,4.098349695249128,0.914225206193474,0.005344427934389268,0.01072638355577745,0.017533299607456178,0.0058444332024853935,0.011688866404970787,3.7468097112707897,12876.343646314375,0.75,0.85,0.75,0.15,4.0,0.0,0.35,0.8021711060847014,1.0837499999999998,0.9558886051860883,0.51,0.0,0.045,,
725.0,0.9470788019584077,0.9999999999995332,25.91680540750417,4.097388606644996,0.9144396448525984,0.005340919914673961,0.010719230324679445,0.017517698004047,0.005839232668015667,0.011678465336031334,3.7468097112707897,12863.324636642388,0.75,0.85,0.75,0.15,4.0,0.0,0.35,0.8021711060847014,1.0837499999999998,0.9558886051860883,0.51,0.0,0.045,,
735.0,0.9463424085903566,0.9999999999995267,25.928122268055578,4.096427386955217,0.9146542133694563,0.005337422700213385,0.010712097240923125,0.017502136590045323,0.005834045530015109,0.011668091060030217,3.7468097112707897,12850.30756117102,0.75,0.85,0.75,0.15,4.0,0.0,0.35,0.8021711060847014,1.0837499999999998,0.9558886051860883,0.51,0.0,0.045,,
745.0,0.9456058423833198,0.9999999999995203,25.93940495335744,4.095466035995342,0.9148689119035668,0.005333936264662961,0.010704984568918805,0.017486615254746624,0.005828871751582209,0.011657743503164418,3.7468097112707897,12837.29242051246,0.75,0.85,0.75,0.15,4.0,0.0,0.35,0.8021711060847014,1.0837499999999998,0.9558886051860883,0.51,0.0,0.045,,
755.0,0.9448691032325238,0.9999999999995138,25.950653566905924,4.09450455363007,0.915083740602651,0.005330460581749218,0.010697892523586048,0.017471133887998216,0.005823711295999406,0.011647422591998812,3.7468097112707897,12824.279215434777,0.75,0.85,0.75,0.15,4.0,0.0,0.35,0.8021711060847014,1.0837499999999998,0.9558886051860883,0.51,0.0,0.045,,
765.0,0.9441321910330822,0.9999999999995074,25.961868211893464,4.093542939765535,0.9152986996045229,0.005326995625281192,0.010690821278030095,0.017455692380197535,0.005818564126732512,0.011637128253465023,3.7468097112707897,12811.267946837288,0.75,0.85,0.75,0.15,4.0,0.0,0.35,0.8021711060847014,1.0837499999999998,0.9558886051860883,0.51,0.0,0.045,,
775.0,0.9433951056800027,0.999999999999501,25.973048991208284,4.0925811943427775,0.9155137890387687,0.0053235413691604845,0.010683770970040642,0.017440290622290286,0.005813430207430095,0.01162686041486019,3.7468097112707897,12798.258615729741,0.75,0.85,0.75,0.15,4.0,0.0,0.35,0.8021711060847014,1.0837499999999998,0.9558886051860883,0.51,0.0,0.045,,
785.0,0.942657847068193,0.9999999999994945,25.984196007434203,4.091619317332237,0.9157290090278568,0.005320097787388695,0.010676741707592384,0.017424928505768444,0.005808309501922815,0.01161661900384563,3.7468097112707897,12785.251223214762,0.75,0.85,0.75,0.15,4.0,0.0,0.35,0.8021711060847014,1.0837499999999998,0.9558886051860883,0.51,0.0,0.045,,
795.0,0.9419204150924658,0.9999999999994881,25.99530936285056,4.090657308729065,0.9159443596883885,0.005316664854074433,0.010669733573500184,0.017409605922668152,0.005803201974222717,0.011606403948445435,3.7468097112707897,12772.245770472931,0.75,0.85,0.75,0.15,4.0,0.0,0.35,0.8021711060847014,1.0837499999999998,0.9558886051860883,0.51,0.0,0.045,,
805.0,0.9411828096475429,0.9999999999994816,26.006389159432334,4.0896951685491745,0.9161598411321286,0.005313242543439096,0.010662746629358004,0.017394322765567526,0.0057981075885225105,0.011596215177045021,3.7468097112707897,12759.242258750206,0.75,0.85,0.75,0.15,4.0,0.0,0.35,0.8021711060847014,1.0837499999999998,0.9558886051860883,0.51,0.0,0.045,,
815.0,0.9404450306280586,0.9999999999994752,26.017435498850368,4.088732896825901,0.9163754534665857,0.005309830829820954,0.010655780918871162,0.017379078927584418,0.005793026309194807,0.011586052618389613,3.7468097112707897,12746.240689347322,0.75,0.85,0.75,0.15,4.0,0.0,0.35,0.8021711060847014,1.0837499999999998,0.9558886051860883,0.51,0.0,0.045,,
825.0,0.9397070779285629,0.9999999999994688,26.028448482471696,4.087770493607168,0.9165911967958815,0.005306429687679366,0.010648836470675044,0.01736387430237408,0.005787958100791361,0.011575916201582721,3.7468097112707897,12733.241063610772,0.75,0.85,0.75,0.15,4.0,0.0,0.35,0.8021711060847014,1.0837499999999998,0.9558886051860883,0.51,0.0,0.045,,
835.0,0.9389689514435237,0.9999999999994623,26.03942821135998,4.086807958953099,0.9168070712212416,0.0053030390915975115,0.010641913300718737,0.017348708784126816,0.005782902928042272,0.011565805856084544,3.7468097112707897,12720.243382925246,0.75,0.85,0.75,0.15,4.0,0.0,0.35,0.8021711060847014,1.0837499999999998,0.9558886051860883,0.51,0.0,0.045,,
845.0,0.9382306510673287,0.9999999999994559,26.050374786276013,4.085845292933993,0.9170230768414921,0.005299659016285303,0.010635011414280793,0.0173335822675656,0.0057778607558552,0.0115557215117104,3.7468097112707897,12707.24764870722,0.75,0.85,0.75,0.15,4.0,0.0,0.35,0.8021711060847014,1.0837499999999998,0.9558886051860883,0.51,0.0,0.045,,
855.0,0.9374921766942874,0.9999999999994494,26.06128830767828,4.084882495628616,0.9172392137535095,0.005296289436581208,0.010628130807673185,0.01731849464794361,0.0057728315493145365,0.011545663098629073,3.7468097112707897,12694.253862399515,0.75,0.85,0.75,0.15,4.0,0.0,0.35,0.8021711060847014,1.0837499999999998,0.9558886051860883,0.51,0.0,0.045,,
865.0,0.9367535282186323,0.999999999999443,26.072168875723577,4.0839195671227575,0.9174554820525193,0.00529293032745376,0.010621271469681576,0.01730344582104183,0.00576781527368061,0.01153563054736122,3.7468097112707897,12681.262025466769,0.75,0.85,0.75,0.15,4.0,0.0,0.35,0.8021711060847014,1.0837499999999998,0.9558886051860883,0.51,0.0,0.045,,
875.0,0.93601470553452,0.9999999999994366,26.083016590267686,4.082956507508014,0.9176718818323979,0.005289581664002951,0.010614433382782592,0.017288435683166556,0.005762811894388852,0.011525623788777703,3.7468097112707897,12668.272139391567,0.75,0.85,0.75,0.15,4.0,0.0,0.35,0.8021711060847014,1.0837499999999998,0.9558886051860883,0.51,0.0,0.045,,
885.0,0.9352757085360323,0.9999999999994301,26.093831550866067,4.081993316880747,0.9178884131859268,0.005286243421461132,0.010607616524172261,0.01727346413114692,0.005757821377048973,0.011515642754097947,3.7468097112707897,12655.284205671162,0.75,0.85,0.75,0.15,4.0,0.0,0.35,0.8021711060847014,1.0837499999999998,0.9558886051860883,0.51,0.0,0.045,,
895.0,0.9345365371171765,0.9999999999994237,26.10461385677459,4.081029995341227,0.9181050762050446,0.005282915575193866,0.010600820866634865,0.01725853106233243,0.005752843687444144,0.011505687374888288,3.7468097112707897,12642.298225814775,0.75,0.85,0.75,0.15,4.0,0.0,0.35,0.8021711060847014,1.0837499999999998,0.9558886051860883,0.51,0.0,0.045,,
905.0,0.9337971911718869,0.9999999999994172,26.115363606950314,4.080066542992893,0.9183218709809507,0.005279598100700293,0.010594046379276746,0.017243636374590473,0.005747878791530157,0.011495757583060314,3.7468097112707897,12629.314201341267,0.75,0.85,0.75,0.15,4.0,0.0,0.35,0.8021711060847014,1.0837499999999998,0.9558886051860883,0.51,0.0,0.045,,
915.0,0.9330576705940239,0.9999999999994108,26.12608090005224,4.079102959941728,0.9185387976043369,0.005276290973613516,0.010587293028145907,0.017228779966303814,0.005742926655434606,0.011485853310869211,3.7468097112707897,12616.332133777174,0.75,0.85,0.75,0.15,4.0,0.0,0.35,0.8021711060847014,1.0837499999999998,0.9558886051860883,0.51,0.0,0.045,,
925.0,0.9323179752773759,0.9999999999994044,26.13676583444213,4.078139246295739,0.9187558561654119,0.005272994169700726,0.010580560776755168,0.017213961736368147,0.005737987245456049,0.011475974490912097,3.7468097112707897,12603.352024655078,0.75,0.85,0.75,0.15,4.0,0.0,0.35,0.8021711060847014,1.0837499999999998,0.9558886051860883,0.51,0.0,0.045,,
935.0,0.9315781051156586,0.9999999999993979,26.14741850818531,4.07717540216452,0.9189730467541366,0.005269707664863446,0.010573849586523729,0.017199181584189573,0.005733060528063191,0.011466121056126382,3.7468097112707897,12590.373875512225,0.75,0.85,0.75,0.15,4.0,0.0,0.35,0.8021711060847014,1.0837499999999998,0.9558886051860883,0.51,0.0,0.045,,
945.0,0.9308380600025152,0.9999999999993915,26.158039019051508,4.07621142765888,0.919190369460198,0.005266431435137199,0.010567159417149684,0.017184439409682152,0.0057281464698940516,0.011456292939788103,3.7468097112707897,12577.397687889375,0.75,0.85,0.75,0.15,4.0,0.0,0.35,0.8021711060847014,1.0837499999999998,0.9558886051860883,0.51,0.0,0.045,,
955.0,0.9300978398315171,0.999999999999385,26.16862746451567,4.07524732289052,0.9194078243731667,0.0052631654566916665,0.01056049022692442,0.017169735113265427,0.005723245037755142,0.011446490075510284,3.7468097112707897,12564.423463329797,0.75,0.85,0.75,0.15,4.0,0.0,0.35,0.8021711060847014,1.0837499999999998,0.9558886051860883,0.51,0.0,0.045,,
965.0,0.9293574444961632,0.9999999999993786,26.17918394175882,4.074283087971778,0.9196254115824462,0.005259909705830011,0.010553841972997571,0.017155068595861946,0.005718356198620649,0.011436712397241299,3.7468097112707897,12551.451203378449,0.75,0.85,0.75,0.15,4.0,0.0,0.35,0.8021711060847014,1.0837499999999998,0.9558886051860883,0.51,0.0,0.045,,
975.0,0.9286168738898811,0.9999999999993722,26.189708547668896,4.07331872301541,0.919843131177533,0.0052566641589893385,0.01054721461160069,0.017140439758894833,0.00571347991963161,0.01142695983926322,3.7468097112707897,12538.48090958134,0.75,0.85,0.75,0.15,4.0,0.0,0.35,0.8021711060847014,1.0837499999999998,0.9558886051860883,0.51,0.0,0.045,,
985.0,0.9278761279060257,0.9999999999993657,26.200201378841616,4.0723542281343885,0.9200609832478637,0.005253428792739784,0.010540608098235545,0.01712584850428532,0.005708616168095107,0.011417232336190214,3.7468097112707897,12525.512583484859,0.75,0.85,0.75,0.15,4.0,0.0,0.35,0.8021711060847014,1.0837499999999998,0.9558886051860883,0.51,0.0,0.045,,
995.0,0.9271352064378803,0.9999999999993593,26.210662531581328,4.071389603441764,0.920278967882918,0.005250203583784152,0.01053402238783276,0.01711129473445034,0.005703764911483447,0.011407529822966894,3.7468097112707897,12512.546226635384,0.75,0.85,0.75,0.15,4.0,0.0,0.35,0.8021711060847014,1.0837499999999998,0.9558886051860883,0.51,0.0,0.045,,
1005.0,0.9263941093786557,0.999999999999353,26.22109210190186,4.070424849050515,0.9204970851722732,0.005246988508957832,0.010527457434885609,0.01709677835230007,0.005698926117433357,0.011397852234866715,3.7468097112707897,12499.5818405788,0.75,0.85,0.75,0.15,4.0,0.0,0.35,0.8021711060847014,1.0837499999999998,0.9558886051860883,0.51,0.0,0.045,,
1015.0,0.9256528366214909,0.9999999999993467,26.2314901855274,4.069459965073454,0.9207153352056822,0.00524378354522833,0.010520913193562523,0.017082299261235542,0.005694099753745181,0.011388199507490362,3.7468097112707897,12486.619426860216,0.75,0.85,0.75,0.15,4.0,0.0,0.35,0.8021711060847014,1.0837499999999998,0.9558886051860883,0.51,0.0,0.045,,
1025.0,0.9249113880594525,0.9999999999993405,26.24185687789334,4.068494951623122,0.9209337180729158,0.0052405886696943555,0.010514389617801687,0.017067857365146252,0.005689285788382084,0.011378571576764168,3.7468097112707897,12473.658987023658,0.75,0.85,0.75,0.15,4.0,0.0,0.35,0.8021711060847014,1.0837499999999998,0.9558886051860883,0.51,0.0,0.045,,
1035.0,0.9241697635855344,0.9999999999993343,26.252192274147163,4.067529808811713,0.9211522338640512,0.005237403859586128,0.010507886661390829,0.017053452568407748,0.005684484189469249,0.011368968378938499,3.7468097112707897,12460.700522611809,0.75,0.85,0.75,0.15,4.0,0.0,0.35,0.8021711060847014,1.0837499999999998,0.9558886051860883,0.51,0.0,0.045,,
1045.0,0.9234279630926581,0.9999999999993281,26.262496469149273,4.06656453675102,0.9213708826691582,0.005234229092263957,0.010501404278033982,0.017039084775879253,0.005679694925293085,0.01135938985058617,3.7468097112707897,12447.74403516587,0.75,0.85,0.75,0.15,4.0,0.0,0.35,0.8021711060847014,1.0837499999999998,0.9558886051860883,0.51,0.0,0.045,,
1055.0,0.9226859864736725,0.9999999999993219,26.272769557473886,4.065599135552364,0.9215896645786616,0.005231064345218622,0.010494942421407824,0.017024753892901322,0.005674917964300442,0.011349835928600885,3.7468097112707897,12434.789526225353,0.75,0.85,0.75,0.15,4.0,0.0,0.35,0.8021711060847014,1.0837499999999998,0.9558886051860883,0.51,0.0,0.045,,
1065.0,0.9219438336213537,0.9999999999993157,26.283011633409878,4.064633605326562,0.9218085796830796,0.00522790959607017,0.010488501045208737,0.01701045982529348,0.005670153275097827,0.011340306550195654,3.7468097112707897,12421.836997327968,0.75,0.85,0.75,0.15,4.0,0.0,0.35,0.8021711060847014,1.0837499999999998,0.9558886051860883,0.51,0.0,0.045,,
1075.0,0.9212015044284043,0.9999999999993094,26.293222790961643,4.063667946183879,0.922027628073153,0.005224764822567702,0.010482080103192383,0.016996202479351866,0.005665400826450623,0.011330801652901247,3.7468097112707897,12408.886450009482,0.75,0.85,0.75,0.15,4.0,0.0,0.35,0.8021711060847014,1.0837499999999998,0.9558886051860883,0.51,0.0,0.045,,
1085.0,0.9204589987874542,0.9999999999993032,26.303403123849964,4.062702158234009,0.9222468098398935,0.005221630002589002,0.010475679549206888,0.01698198176184692,0.005660660587282307,0.011321321174564613,3.7468097112707897,12395.937885803693,0.75,0.85,0.75,0.15,4.0,0.0,0.35,0.8021711060847014,1.0837499999999998,0.9558886051860883,0.51,0.0,0.045,,
1095.0,0.9197163165910598,0.999999999999297,26.313552725512864,4.061736241586038,0.922466125074502,0.00521850511413972,0.010469299337220486,0.016967797580021083,0.005655932526673694,0.011311865053347388,3.7468097112707897,12382.991306242293,0.75,0.85,0.75,0.15,4.0,0.0,0.35,0.8021711060847014,1.0837499999999998,0.9558886051860883,0.51,0.0,0.045,,
1105.0,0.9189734577317037,0.9999999999992908,26.32367168910645,4.0607701963484315,0.9226855738683405,0.005215390135352625,0.01046293942134455,0.016953649841586458,0.005651216613862153,0.011302433227724305,3.7468097112707897,12370.046712854848,0.75,0.85,0.75,0.15,4.0,0.0,0.35,0.8021711060847014,1.0837499999999998,0.9558886051860883,0.51,0.0,0.045,,
1115.0,0.918230422101795,0.9999999999992846,26.333760107505793,4.0598040226290095,0.9229051563131081,0.0052122850444877205,0.010456599755853049,0.01693953845472257,0.005646512818240857,0.011293025636481714,3.7468097112707897,12357.104107168727,0.75,0.85,0.75,0.15,4.0,0.0,0.35,0.8021711060847014,1.0837499999999998,0.9558886051860883,0.51,0.0,0.045,,
1125.0,0.9174872095936688,0.9999999999992784,26.343818073305762,4.058837720534941,0.9231248725006821,0.00520918981993108,0.010450280295198424,0.016925463328074035,0.005641821109358013,0.011283642218716026,3.7468097112707897,12344.1634907091,0.75,0.85,0.75,0.15,4.0,0.0,0.35,0.8021711060847014,1.0837499999999998,0.9558886051860883,0.51,0.0,0.045,,
1135.0,0.9167438200995861,0.9999999999992721,26.353845678821877,4.057871290172723,0.9233447225231886,0.005206104440194694,0.010443980994025027,0.01691142437074835,0.005637141456916117,0.011274282913832234,3.7468097112707897,12331.224864998861,0.75,0.85,0.75,0.15,4.0,0.0,0.35,0.8021711060847014,1.0837499999999998,0.9558886051860883,0.51,0.0,0.045,,
1145.0,0.9160002535117335,0.9999999999992659,26.363843016091156,4.056904731648182,0.9235647064730255,0.005203028883915682,0.010437701807180021,0.016897421492313585,0.005632473830771196,0.011264947661542391,3.7468097112707897,12318.288231558663,0.75,0.85,0.75,0.15,4.0,0.0,0.35,0.8021711060847014,1.0837499999999998,0.9558886051860883,0.51,0.0,0.045,,
1155.0,0.9152565097222232,0.9999999999992597,26.37381017687297,4.055938045066457,0.9237848244428005,0.005199963129855883,0.010431442689722525,0.016883454602796204,0.005627818200932069,0.011255636401864139,3.7468097112707897,12305.35359190685,0.75,0.85,0.75,0.15,4.0,0.0,0.35,0.8021711060847014,1.0837499999999998,0.9558886051860883,0.51,0.0,0.045,,
1165.0,0.9145125886230923,0.9999999999992535,26.383747252649865,4.054971230532004,0.9240050765253797,0.005196907156901248,0.010425203596931033,0.016869523612678787,0.005623174537559596,0.011246349075119191,3.7468097112707897,12292.420947559498,0.75,0.85,0.75,0.15,4.0,0.0,0.35,0.8021711060847014,1.0837499999999998,0.9558886051860883,0.51,0.0,0.045,,
1175.0,0.9137684901063035,0.9999999999992473,26.39365433462844,4.054004288148584,0.9242254628138771,0.005193860944061279,0.010418984484309467,0.016855628432897854,0.005618542810965952,0.011237085621931904,3.7468097112707897,12279.490300030366,0.75,0.85,0.75,0.15,4.0,0.0,0.35,0.8021711060847014,1.0837499999999998,0.9558886051860883,0.51,0.0,0.045,,
1185.0,0.9130242140637441,0.999999999999241,26.403531513740152,4.053037218019262,0.924445983401649,0.005190824470468473,0.010412785307592083,0.01684176897484163,0.005613922991613877,0.011227845983227755,3.7468097112707897,12266.561650830918,0.75,0.85,0.75,0.15,4.0,0.0,0.35,0.8021711060847014,1.0837499999999998,0.9558886051860883,0.51,0.0,0.045,,
1195.0,0.912279760387226,0.9999999999992348,26.413378880642163,4.05207002024641,0.9246666383823353,0.005187797715377982,0.010406606022747492,0.0168279451503479,0.005609315050115967,0.011218630100231934,3.7468097112707897,12253.635001470328,0.75,0.85,0.75,0.15,4.0,0.0,0.35,0.8021711060847014,1.0837499999999998,0.9558886051860883,0.51,0.0,0.045,,
1205.0,0.9115351289684859,0.9999999999992286,26.423196525718183,4.051102694931699,0.9248874278497479,0.005184780658166636,0.010400446585981679,0.016814156871701777,0.0056047189572339265,0.011209437914467853,3.7468097112707897,12240.710353455464,0.75,0.85,0.75,0.15,4.0,0.0,0.35,0.8021711060847014,1.0837499999999998,0.9558886051860883,0.51,0.0,0.045,,
1215.0,0.9107903196991843,0.9999999999992224,26.43298453907929,4.050135242176099,0.9251083518980684,0.0051817732783329806,0.010394306953740556,0.016800404051633595,0.0056001346838778655,0.011200269367755731,3.7468097112707897,12227.787708290902,0.75,0.85,0.75,0.15,4.0,0.0,0.35,0.8021711060847014,1.0837499999999998,0.9558886051860883,0.51,0.0,0.045,,
1225.0,0.9100453324709062,0.9999999999992162,26.44274301056476,4.049167662079888,0.9253294106216564,0.005178775555496394,0.010388187082711851,0.016786686603316704,0.005595562201105567,0.011191124402211134,3.7468097112707897,12214.867067478948,0.75,0.85,0.75,0.15,4.0,0.0,0.35,0.8021711060847014,1.0837499999999998,0.9558886051860883,0.51,0.0,0.045,,
1235.0,0.9093001671751604,0.99999999999921,26.45247202974291,4.0481999547426435,0.9255506041151147,0.005175787469396348,0.010382086929826333,0.01677300444036538,0.005591001480121795,0.01118200296024359,3.7468097112707897,12201.948432519628,0.75,0.85,0.75,0.15,4.0,0.0,0.35,0.8021711060847014,1.0837499999999998,0.9558886051860883,0.51,0.0,0.045,,
1245.0,0.908554823703379,0.9999999999992037,26.4621716859119,4.047232120263244,0.9257719324733064,0.005172808999892222,0.010376006452258911,0.016759357476832656,0.0055864524922775525,0.011172904984555105,3.7468097112707897,12189.031804910705,0.75,0.85,0.75,0.15,4.0,0.0,0.35,0.8021711060847014,1.0837499999999998,0.9558886051860883,0.51,0.0,0.045,,
1255.0,0.907809301946918,0.9999999999991975,26.471842068100568,4.046264158739875,0.9259933957914206,0.005169840126962982,0.010369945607429362,0.016745745627208236,0.005581915209069413,0.011163830418138825,3.7468097112707897,12176.117186147683,0.75,0.85,0.75,0.15,4.0,0.0,0.35,0.8021711060847014,1.0837499999999998,0.9558886051860883,0.51,0.0,0.045,,
1265.0,0.9070636017970563,0.9999999999991913,26.481483265069247,4.04529607027003,0.9262149941647767,0.0051668808307059385,0.010363904353002534,0.016732168806416352,0.005577389602138786,0.011154779204277572,3.7468097112707897,12163.204577723844,0.75,0.85,0.75,0.15,4.0,0.0,0.35,0.8021711060847014,1.0837499999999998,0.9558886051860883,0.51,0.0,0.045,,
1275.0,0.9063177231449959,0.9999999999991851,26.49109536531059,4.044327854950505,0.926436727689073,0.0051639310913369485,0.010357882646888564,0.016718626929813733,0.005572875643271244,0.011145751286542488,3.7468097112707897,12150.29398113021,0.75,0.85,0.75,0.15,4.0,0.0,0.35,0.8021711060847014,1.0837499999999998,0.9558886051860883,0.51,0.0,0.045,,
1285.0,0.9055716658818621,0.9999999999991789,26.50067845705037,4.043359512877412,0.9266585964601644,0.005160990889189375,0.010351880447242758,0.016705119913187457,0.005568373304395821,0.011136746608791642,3.7468097112707897,12137.385397855618,0.75,0.85,0.75,0.15,4.0,0.0,0.35,0.8021711060847014,1.0837499999999998,0.9558886051860883,0.51,0.0,0.045,,
1295.0,0.9048254298987022,0.9999999999991727,26.510232628248296,4.0423910441461715,0.9268806005742305,0.005158060204713974,0.010345897712465402,0.016691647672752937,0.005563882557584313,0.011127765115168626,3.7468097112707897,12124.478829386691,0.75,0.85,0.75,0.15,4.0,0.0,0.35,0.8021711060847014,1.0837499999999998,0.9558886051860883,0.51,0.0,0.045,,
1305.0,0.9040790150864864,0.9999999999991664,26.51975796659884,4.04142244885152,0.9271027401276573,0.005155139018478045,0.010339934401201331,0.01667821012515183,0.0055594033750506104,0.011118806750101221,3.7468097112707897,12111.574277207863,0.75,0.85,0.75,0.15,4.0,0.0,0.35,0.8021711060847014,1.0837499999999998,0.9558886051860883,0.51,0.0,0.045,,
1315.0,0.9033324213361068,0.9999999999991602,26.52925455953201,4.0404537270875105,0.9273250152170732,0.005152227311164999,0.010333990472339412,0.016664807187450007,0.005554935729150002,0.011109871458300004,3.7468097112707897,12098.67174280139,0.75,0.85,0.75,0.15,4.0,0.0,0.35,0.8021711060847014,1.0837499999999998,0.9558886051860883,0.51,0.0,0.045,,
1325.0,0.9025856485383777,0.999999999999154,26.53872249421419,4.0394848789475155,0.9275474259394141,0.005149325063574083,0.01032806588501202,0.016651438777135517,0.005550479592378506,0.011100959184757012,3.7468097112707897,12085.77122764738,0.75,0.85,0.75,0.15,4.0,0.0,0.35,0.8021711060847014,1.0837499999999998,0.9558886051860883,0.51,0.0,0.045,,
1335.0,0.9018386965840354,0.9999999999991478,26.548161857548926,4.038515904524232,0.927769972391853,0.005146432256619671,0.010322160598594336,0.01663810481211656,0.005546034937372186,0.011092069874744372,3.7468097112707897,12072.872733223792,0.75,0.85,0.75,0.15,4.0,0.0,0.35,0.8021711060847014,1.0837499999999998,0.9558886051860883,0.51,0.0,0.045,,
1345.0,0.9010915653637372,0.9999999999991416,26.557572736177725,4.037546803909674,0.9279926546717834,0.005143548871330676,0.010316274572703588,0.01662480521071948,0.0055416017369064935,0.011083203473812987,3.7468097112707897,12059.976261006434,0.75,0.85,0.75,0.15,4.0,0.0,0.35,0.8021711060847014,1.0837499999999998,0.9558886051860883,0.51,0.0,0.045,,
1355.0,0.9003442547680625,0.9999999999991354,26.56695521648086,4.0365775771951915,0.9282154728768818,0.005140674888850263,0.010310407767198285,0.01661153989168676,0.005537179963895586,0.011074359927791173,3.7468097112707897,12047.081812469029,0.75,0.85,0.75,0.15,4.0,0.0,0.35,0.8021711060847014,1.0837499999999998,0.9558886051860883,0.51,0.0,0.045,,
1365.0,0.8995967646875114,0.9999999999991291,26.576309384578146,4.035608224471462,0.9284384271050898,0.005137810290435334,0.01030456014217742,0.016598308774175043,0.005532769591391681,0.011065539182783362,3.7468097112707897,12034.189389083183,0.75,0.85,0.75,0.15,4.0,0.0,0.35,0.8021711060847014,1.0837499999999998,0.9558886051860883,0.51,0.0,0.045,,
1375.0,0.8988490950125054,0.9999999999991229,26.585635326329765,4.034638745828491,0.9286615174545683,0.00513495505745579,0.010298731657979515,0.01658511177775315,0.005528370592584384,0.011056741185168768,3.7468097112707897,12021.298992318412,0.75,0.85,0.75,0.15,4.0,0.0,0.35,0.8021711060847014,1.0837499999999998,0.9558886051860883,0.51,0.0,0.045,,
1385.0,0.8981012456333867,0.9999999999991167,26.59493312733703,4.033669141355626,0.9288847440237318,0.0051321091713941915,0.010292922275181724,0.016571948822400116,0.005523982940800039,0.011047965881600078,3.7468097112707897,12008.410623642174,0.75,0.85,0.75,0.15,4.0,0.0,0.35,0.8021711060847014,1.0837499999999998,0.9558886051860883,0.51,0.0,0.045,,
1395.0,0.8973532164404179,0.9999999999991105,26.60420287294318,4.032699411141547,0.9291081069113114,0.005129272613845509,0.010287131954599,0.01655881982850321,0.00551960660950107,0.01103921321900214,3.7468097112707897,11995.524284519854,0.75,0.85,0.75,0.15,4.0,0.0,0.35,0.8021711060847014,1.0837499999999998,0.9558886051860883,0.51,0.0,0.045,,
1405.0,0.8966050073237821,0.9999999999991043,26.613444648234175,4.03172955527428,0.929331606216197,0.005126445366516172,0.01028136065728307,0.016545724716856038,0.005515241572285347,0.011030483144570695,3.7468097112707897,11982.639976414814,0.75,0.85,0.75,0.15,4.0,0.0,0.35,0.8021711060847014,1.0837499999999998,0.9558886051860883,0.51,0.0,0.045,,
1415.0,0.8958566181735828,0.999999999999098,26.622658538039456,4.030759573841191,0.9295552420375801,0.005123627411223846,0.010275608344521455,0.016532663408656577,0.005510887802885525,0.01102177560577105,3.7468097112707897,11969.757700788374,0.75,0.85,0.75,0.15,4.0,0.0,0.35,0.8021711060847014,1.0837499999999998,0.9558886051860883,0.51,0.0,0.045,,
1425.0,0.8951080488798429,0.9999999999990918,26.631844626932754,4.0297894669289915,0.9297790144749594,0.005120818729897232,0.010269874977836647,0.01651963582550525,0.0055065452751684165,0.011013090550336833,3.7468097112707897,11956.877459099835,0.75,0.85,0.75,0.15,4.0,0.0,0.35,0.8021711060847014,1.0837499999999998,0.9558886051860883,0.51,0.0,0.045,,
1435.0,0.8943592993325058,0.9999999999990856,26.64100299923285,4.028819234623748,0.9300029236279302,0.0051180193045747,0.010264160518984876,0.01650664188940302,0.005502213963134339,0.011004427926268679,3.7468097112707897,11943.99925280653,0.75,0.85,0.75,0.15,4.0,0.0,0.35,0.8021711060847014,1.0837499999999998,0.9558886051860883,0.51,0.0,0.045,,
1445.0,0.893610369421434,0.9999999999990794,26.650133739004357,4.027848877010873,0.9302269695965116,0.005115229117404968,0.010258464929955387,0.016493681522749506,0.005497893840916503,0.010995787681833007,3.7468097112707897,11931.12308336379,0.75,0.85,0.75,0.15,4.0,0.0,0.35,0.8021711060847014,1.0837499999999998,0.9558886051860883,0.51,0.0,0.045,,
1455.0,0.8928612590364097,0.9999999999990732,26.65923693005849,4.026878394175136,0.9304511524809095,0.005112448150645868,0.010252788172969311,0.01648075464834108,0.0054935848827803585,0.010987169765560717,3.7468097112707897,11918.248952224969,0.75,0.85,0.75,0.15,4.0,0.0,0.35,0.8021711060847014,1.0837499999999998,0.9558886051860883,0.51,0.0,0.045,,
1465.0,0.8921119680671338,0.999999999999067,26.668312655953844,4.025907786200665,0.93067547238152,0.005109676386663946,0.0102471302104787,0.01646786118936896,0.005489287063122987,0.010978574126245973,3.7468097112707897,11905.376860841494,0.75,0.85,0.75,0.15,4.0,0.0,0.35,0.8021711060847014,1.0837499999999998,0.9558886051860883,0.51,0.0,0.045,,
1475.0,0.8913624964032267,0.9999999999990608,26.677360999997155,4.024937053170945,0.9308999293990942,0.005106913807934228,0.010241491005165491,0.016455001069417382,0.005485000356472461,0.010970000712944922,3.7468097112707897,11892.506810662828,0.75,0.85,0.75,0.15,4.0,0.0,0.35,0.8021711060847014,1.0837499999999998,0.9558886051860883,0.51,0.0,0.045,,
1485.0,0.8906128439342273,0.9999999999990545,26.68638204524407,4.023966195168827,0.9311245236345516,0.005104160397039618,0.0102358705199406,0.01644217421246173,0.005480724737487243,0.010961449474974487,3.7468097112707897,11879.638803136522,0.75,0.85,0.75,0.15,4.0,0.0,0.35,0.8021711060847014,1.0837499999999998,0.9558886051860883,0.51,0.0,0.045,,
1495.0,0.889863010549593,0.9999999999990483,26.69537587449991,4.022995212276525,0.9313492551890912,0.005101416136670362,0.010230268717942801,0.01642938054286667,0.005476460180955556,0.010952920361911112,3.7468097112707897,11866.772839708217,0.75,0.85,0.75,0.15,4.0,0.0,0.35,0.8021711060847014,1.0837499999999998,0.9558886051860883,0.51,0.0,0.045,,
1505.0,0.8891129961386999,0.9999999999990421,26.704342570320435,4.0220241045756255,0.9315741241642203,0.0050986810096240506,0.010224685562537951,0.016416619985384323,0.005472206661794775,0.01094441332358955,3.7468097112707897,11853.908921821669,0.75,0.85,0.75,0.15,4.0,0.0,0.35,0.8021711060847014,1.0837499999999998,0.9558886051860883,0.51,0.0,0.045,,
1515.0,0.8883628005908417,0.9999999999990359,26.713282215012605,4.02105287214708,0.9317991306615929,0.005095954998804329,0.010219121017317742,0.01640389246515244,0.005467964155050815,0.01093592831010163,3.7468097112707897,11841.047050918723,0.75,0.85,0.75,0.15,4.0,0.0,0.35,0.8021711060847014,1.0837499999999998,0.9558886051860883,0.51,0.0,0.045,,
1525.0,0.8876124237952306,0.9999999999990297,26.72219489063533,4.02008151507122,0.9320242747831741,0.005093238087221204,0.010213575046098914,0.016391197907692577,0.005463732635897526,0.010927465271795053,3.7468097112707897,11828.187228439398,0.75,0.85,0.75,0.15,4.0,0.0,0.35,0.8021711060847014,1.0837499999999998,0.9558886051860883,0.51,0.0,0.045,,
1535.0,0.8868618656409963,0.9999999999990234,26.73108067900023,4.019110033427746,0.9322495566312118,0.005090530257990269,0.01020804761292215,0.016378536238908288,0.005459512079636096,0.010919024159272192,3.7468097112707897,11815.329455821824,0.75,0.85,0.75,0.15,4.0,0.0,0.35,0.8021711060847014,1.0837499999999998,0.9558886051860883,0.51,0.0,0.045,,
1545.0,0.8861111260171861,0.9999999999990172,26.739939661672384,4.018138427295746,0.9324749763081299,0.005087831494332279,0.010202538682051206,0.016365907385083325,0.005455302461694442,0.010910604923388884,3.7468097112707897,11802.473734502317,0.75,0.85,0.75,0.15,4.0,0.0,0.35,0.8021711060847014,1.0837499999999998,0.9558886051860883,0.51,0.0,0.045,,
1555.0,0.8853602048127646,0.999999999999011,26.748771919971087,4.017166696753683,0.9327005339166622,0.005085141779572686,0.010197048217971834,0.01635331127287986,0.005451103757626622,0.010902207515253243,3.7468097112707897,11789.620065915362,0.75,0.85,0.75,0.15,4.0,0.0,0.35,0.8021711060847014,1.0837499999999998,0.9558886051860883,0.51,0.0,0.045,,
1565.0,0.8846091019166136,0.9999999999990048,26.757577534970586,4.016194841879404,0.9329262295597698,0.005082461097141244,0.010191576185390851,0.016340747829336703,0.005446915943112234,0.010893831886224468,3.7468097112707897,11776.768451493623,0.75,0.85,0.75,0.15,4.0,0.0,0.35,0.8021711060847014,1.0837499999999998,0.9558886051860883,0.51,0.0,0.045,,
1575.0,0.8838578172175319,0.9999999999989986,26.76635658750084,4.015222862750148,0.933152063340628,0.005079789430571491,0.010186122549235193,0.01632821698186751,0.005442738993955838,0.010885477987911675,3.7468097112707897,11763.918892667987,0.75,0.85,0.75,0.15,4.0,0.0,0.35,0.8021711060847014,1.0837499999999998,0.9558886051860883,0.51,0.0,0.045,,
1585.0,0.8831063506042348,0.9999999999989924,26.77510915814826,4.014250759442541,0.933378035362757,0.005077126763500571,0.010180687274650957,0.016315718658259072,0.005438572886086358,0.010877145772172716,3.7468097112707897,11751.071390867548,0.75,0.85,0.75,0.15,4.0,0.0,0.35,0.8021711060847014,1.0837499999999998,0.9558886051860883,0.51,0.0,0.045,,
1595.0,0.8823547019653546,0.9999999999989861,26.783835327256433,4.013278532032598,0.9336041457298193,0.0050744730796683304,0.01017527032700239,0.01630325278666951,0.005434417595556504,0.010868835191113008,3.7468097112707897,11738.225947519626,0.75,0.85,0.75,0.15,4.0,0.0,0.35,0.8021711060847014,1.0837499999999998,0.9558886051860883,0.51,0.0,0.045,,
1605.0,0.8816028711894396,0.9999999999989799,26.792535174926893,4.012306180595735,0.9338303945458041,0.00507182836291736,0.010169871671871009,0.016290819295626587,0.0054302730985421955,0.010860546197084391,3.7468097112707897,11725.38256404981,0.75,0.85,0.75,0.15,4.0,0.0,0.35,0.8021711060847014,1.0837499999999998,0.9558886051860883,0.51,0.0,0.045,,
1615.0,0.8808508581649542,0.9999999999989737,26.801208781019824,4.011333705206757,0.9340567819149308,0.005069192597192318,0.010164491275054621,0.01627841811402594,0.005426139371341981,0.010852278742683963,3.7468097112707897,11712.541241881912,0.75,0.85,0.75,0.15,4.0,0.0,0.35,0.8021711060847014,1.0837499999999998,0.9558886051860883,0.51,0.0,0.045,,
1625.0,0.8800986627802792,0.9999999999989675,26.809856225154817,4.010361105939874,0.9342833079416439,0.005066565766539425,0.010159129102566349,0.016266049171129386,0.005422016390376462,0.010844032780752924,3.7468097112707897,11699.701982438051,0.75,0.85,0.75,0.15,4.0,0.0,0.35,0.8021711060847014,1.0837499999999998,0.9558886051860883,0.51,0.0,0.045,,
1635.0,0.8793462849237104,0.9999999999989613,26.818477586711598,4.009388382868698,0.9345099727306511,0.005063947855106258,0.01015378512063376,0.016253712396563192,0.005417904132187731,0.010835808264375461,3.7468097112707897,11686.864787138611,0.75,0.85,0.75,0.15,4.0,0.0,0.35,0.8021711060847014,1.0837499999999998,0.9558886051860883,0.51,0.0,0.045,,
1645.0,0.8785937244834597,0.9999999999989551,26.82707294483075,4.008415536066244,0.9347367763869445,0.0050613388471412715,0.010148459295697913,0.016241407720316382,0.005413802573438794,0.010827605146877589,3.7468097112707897,11674.029657402281,0.75,0.85,0.75,0.15,4.0,0.0,0.35,0.8021711060847014,1.0837499999999998,0.9558886051860883,0.51,0.0,0.045,,
1655.0,0.8778409813476542,0.9999999999989488,26.835642378414445,4.007442565604934,0.9349637190157146,0.005058738726993237,0.010143151594412425,0.016229135072739053,0.005409711690913018,0.010819423381826036,3.7468097112707897,11661.196594646062,0.75,0.85,0.75,0.15,4.0,0.0,0.35,0.8021711060847014,1.0837499999999998,0.9558886051860883,0.51,0.0,0.045,,
1665.0,0.8770880554043361,0.9999999999989426,26.844185966127178,4.0064694715566,0.935190800722413,0.005056147479110885,0.010137861983642528,0.016216894384540673,0.005405631461513558,0.010811262923027117,3.7468097112707897,11648.365600285286,0.75,0.85,0.75,0.15,4.0,0.0,0.35,0.8021711060847014,1.0837499999999998,0.9558886051860883,0.51,0.0,0.045,,
1675.0,0.8763349465414626,0.9999999999989364,26.852703786396468,4.005496253992489,0.9354180216127727,0.0050535650880426525,0.010132590430464208,0.016204685586788437,0.0054015618622628115,0.010803123724525623,3.7468097112707897,11635.536675733623,0.75,0.85,0.75,0.15,4.0,0.0,0.35,0.8021711060847014,1.0837499999999998,0.9558886051860883,0.51,0.0,0.045,,
1685.0,0.8755816546469056,0.9999999999989302,26.861195917413614,4.004522912983256,0.9356453817927628,0.005050991538436117,0.01012733690216328,0.016192508610905557,0.005397502870301853,0.010795005740603707,3.7468097112707897,11622.709822403087,0.75,0.85,0.75,0.15,4.0,0.0,0.35,0.8021711060847014,1.0837499999999998,0.9558886051860883,0.51,0.0,0.045,,
1695.0,0.8748281796084515,0.999999999998924,26.869662437134373,4.00354944859898,0.9358728813685516,0.0050484268150374195,0.010122101366234423,0.016180363388669666,0.005393454462889889,0.010786908925779779,3.7468097112707897,11609.88504170407,0.75,0.85,0.75,0.15,4.0,0.0,0.35,0.8021711060847014,1.0837499999999998,0.9558886051860883,0.51,0.0,0.045,,
1705.0,0.874074521313801,0.9999999999989178,26.87810342327971,4.002575860909153,0.9361005204466389,0.005045870902691313,0.010116883790380386,0.016168249852211117,0.005389416617403705,0.01077883323480741,3.7468097112707897,11597.062335045333,0.75,0.85,0.75,0.15,4.0,0.0,0.35,0.8021711060847014,1.0837499999999998,0.9558886051860883,0.51,0.0,0.045,,
1715.0,0.8733206796505691,0.9999999999989115,26.886518953336502,4.001602149982694,0.9363282991336958,0.005043323786340245,0.010111684142510994,0.016156167934011378,0.005385389311337125,0.01077077862267425,3.7468097112707897,11584.241703834035,0.75,0.85,0.75,0.15,4.0,0.0,0.35,0.8021711060847014,1.0837499999999998,0.9558886051860883,0.51,0.0,0.045,,
1725.0,0.8725666545062846,0.9999999999989053,26.894909104558234,4.000628315887944,0.9365562175366942,0.005040785451024337,0.010106502390742317,0.016144117566901393,0.005381372522300466,0.010762745044600931,3.7468097112707897,11571.423149475739,0.75,0.85,0.75,0.15,4.0,0.0,0.35,0.8021711060847014,1.0837499999999998,0.9558886051860883,0.51,0.0,0.045,,
1735.0,0.87181244576839,0.9999999999988991,26.903273953965737,3.9996543586926707,0.9367842757628433,0.005038255881880834,0.010101338503395793,0.016132098684059976,0.005377366228019993,0.010754732456039987,3.7468097112707897,11558.606673374425,0.75,0.85,0.75,0.15,4.0,0.0,0.35,0.8021711060847014,1.0837499999999998,0.9558886051860883,0.51,0.0,0.045,,
1745.0,0.8710580533242415,0.9999999999988929,26.911613578347872,3.9986802784640685,0.9370124739196084,0.005035735064143716,0.010096192448997333,0.016120111219012183,0.005373370406337394,0.010746740812674788,3.7468097112707897,11545.792276932496,0.75,0.85,0.75,0.15,4.0,0.0,0.35,0.8021711060847014,1.0837499999999998,0.9558886051860883,0.51,0.0,0.045,,
1755.0,0.8703034770611084,0.9999999999988867,26.919928054262257,3.9977060752687685,0.9372408121146742,0.00503322298314322,0.01009106419627643,0.016108155105627707,0.0053693850352092365,0.010738770070418473,3.7468097112707897,11532.979961550811,0.75,0.85,0.75,0.15,4.0,0.0,0.35,0.8021711060847014,1.0837499999999998,0.9558886051860883,0.51,0.0,0.045,,
1765.0,0.8695487168661735,0.9999999999988805,26.92821745803595,3.9967317491728287,0.9374692904559887,0.005030719624305529,0.010085953714165296,0.016096230278119315,0.00536541009270644,0.01073082018541288,3.7468097112707897,11520.16972862867,0.75,0.85,0.75,0.15,4.0,0.0,0.35,0.8021711060847014,1.0837499999999998,0.9558886051860883,0.51,0.0,0.045,,
1775.0,0.8687937726265322,0.9999999999988742,26.936481865766165,3.995757300241749,0.9376979090517681,0.005028224973152445,0.010080860971798031,0.016084336671041238,0.005361445557013745,0.01072289111402749,3.7468097112707897,11507.361579563863,0.75,0.85,0.75,0.15,4.0,0.0,0.35,0.8021711060847014,1.0837499999999998,0.9558886051860883,0.51,0.0,0.045,,
1785.0,0.8680386442291926,0.999999999998868,26.944721353320965,3.994782728540462,0.9379266680104443,0.005025739015300861,0.010075785938509734,0.016072474219287595,0.005357491406429198,0.010714982812858397,3.7468097112707897,11494.555515752629,0.75,0.85,0.75,0.15,4.0,0.0,0.35,0.8021711060847014,1.0837499999999998,0.9558886051860883,0.51,0.0,0.045,,
1795.0,0.8672833315610756,0.9999999999988618,26.952935996339956,3.993808034133348,0.9381555674407087,0.005023261736462449,0.010070728583835675,0.016060642858090845,0.005353547619363615,0.01070709523872723,3.7468097112707897,11481.751538589737,0.75,0.85,0.75,0.15,4.0,0.0,0.35,0.8021711060847014,1.0837499999999998,0.9558886051860883,0.51,0.0,0.045,,
1805.0,0.8665278345090143,0.9999999999988556,26.961125870235,3.992833217084221,0.9383846074515287,0.005020793122443305,0.010065688877510423,0.01604884252302021,0.005349614174340071,0.010699228348680142,3.7468097112707897,11468.949649468424,0.75,0.85,0.75,0.15,4.0,0.0,0.35,0.8021711060847014,1.0837499999999998,0.9558886051860883,0.51,0.0,0.045,,
1815.0,0.8657721529597538,0.9999999999988494,26.969291050190886,3.991858277456347,0.9386137881520942,0.005018333159143511,0.01006066678946704,0.016037073149980142,0.005345691049993381,0.010691382099986761,3.7468097112707897,11456.149849780473,0.75,0.85,0.75,0.15,4.0,0.0,0.35,0.8021711060847014,1.0837499999999998,0.9558886051860883,0.51,0.0,0.045,,
1825.0,0.8650162867999514,0.9999999999988431,26.97743161116603,3.990883215312436,0.9388431096518328,0.005015881832556679,0.01005566228983618,0.01602533467520876,0.005341778225069588,0.010683556450139176,3.7468097112707897,11443.352140916182,0.75,0.85,0.75,0.15,4.0,0.0,0.35,0.8021711060847014,1.0837499999999998,0.9558886051860883,0.51,0.0,0.045,,
1835.0,0.8642602359161758,0.9999999999988369,26.985547627893162,3.98990803071465,0.9390725720604526,0.005013439128769773,0.010050675348945324,0.01601362703527634,0.005337875678425447,0.010675751356850893,3.7468097112707897,11430.556524264402,0.75,0.85,0.75,0.15,4.0,0.0,0.35,0.8021711060847014,1.0837499999999998,0.9558886051860883,0.51,0.0,0.045,,
1845.0,0.8635040001949077,0.9999999999988307,26.993639174880027,3.9889327237245995,0.9393021754878594,0.0050110050339624585,0.010045705937317885,0.016001950167083775,0.005333983389027926,0.010667966778055852,3.7468097112707897,11417.763001212528,0.75,0.85,0.75,0.15,4.0,0.0,0.35,0.8021711060847014,1.0837499999999998,0.9558886051860883,0.51,0.0,0.045,,
1855.0,0.8627475795225388,0.9999999999988245,27.001706326410037,3.9879572944033526,0.9395319200442687,0.005008579534407079,0.010040754025672467,0.015990304007861066,0.005330101335953689,0.010660202671907378,3.7468097112707897,11404.971573146533,0.75,0.85,0.75,0.15,4.0,0.0,0.35,0.8021711060847014,1.0837499999999998,0.9558886051860883,0.51,0.0,0.045,,
1865.0,0.8619909737853719,0.9999999999988183,27.00974915654299,3.9869817428114307,0.9397618058400931,0.005006162616467932,0.010035819584921968,0.015978688495165816,0.005326229498388606,0.010652458996777211,3.7468097112707897,11392.182241450957,0.75,0.85,0.75,0.15,4.0,0.0,0.35,0.8021711060847014,1.0837499999999998,0.9558886051860883,0.51,0.0,0.045,,
1875.0,0.8612341828696208,0.9999999999988121,27.017767739115733,3.986006069008816,0.9399918329860416,0.005003754266601168,0.010030902586172818,0.015967103566881705,0.005322367855627236,0.010644735711254473,3.7468097112707897,11379.395007508936,0.75,0.85,0.75,0.15,4.0,0.0,0.35,0.8021711060847014,1.0837499999999998,0.9558886051860883,0.51,0.0,0.045,,
1885.0,0.8604772066614103,0.9999999999988058,27.02576214774283,3.98503027305495,0.940222001593018,0.0050013544713542,0.010026003000724142,0.01595554916121705,0.00531851638707235,0.0106370327741447,3.7468097112707897,11366.609872702214,0.75,0.85,0.75,0.15,4.0,0.0,0.35,0.8021711060847014,1.0837499999999998,0.9558886051860883,0.51,0.0,0.045,,
1895.0,0.8597200450467751,0.9999999999987996,27.03373245581726,3.9840543550087344,0.9404523117722067,0.00499896321736552,0.010021120800066974,0.01594402521670326,0.00531467507223442,0.01062935014446884,3.7468097112707897,11353.826838411132,0.75,0.85,0.75,0.15,4.0,0.0,0.35,0.8021711060847014,1.0837499999999998,0.9558886051860883,0.51,0.0,0.045,,
1905.0,0.858962697911661,0.9999999999987934,27.041678736511074,3.9830783149285405,0.9406827636350393,0.004996580491364254,0.01001625595588346,0.01593253167219342,0.00531084389073114,0.01062168778146228,3.7468097112707897,11341.045906014677,0.75,0.85,0.75,0.15,4.0,0.0,0.35,0.8021711060847014,1.0837499999999998,0.9558886051860883,0.51,0.0,0.045,,
1915.0,0.8582051651419234,0.9999999999987872,27.04960106277608,3.982102152872204,0.9409133572931828,0.0049942062801697626,0.010011408440046035,0.015921068466860762,0.005307022822286921,0.010614045644573841,3.7468097112707897,11328.26707689046,0.75,0.85,0.75,0.15,4.0,0.0,0.35,0.8021711060847014,1.0837499999999998,0.9558886051860883,0.51,0.0,0.045,,
1925.0,0.8574474466233277,0.999999999998781,27.057499507344506,3.9811258688970295,0.9411440928585755,0.004991840570691408,0.01000657822461668,0.015909635540197264,0.0053032118467324215,0.010606423693464843,3.7468097112707897,11315.490352414747,0.75,0.85,0.75,0.15,4.0,0.0,0.35,0.8021711060847014,1.0837499999999998,0.9558886051860883,0.51,0.0,0.045,,
1935.0,0.8566895422415495,0.9999999999987748,27.06537414272967,3.980149463059796,0.9413749704433426,0.00498948334992791,0.010001765281846056,0.015898232832012155,0.005299410944004051,0.010598821888008102,3.7468097112707897,11302.715733962475,0.75,0.85,0.75,0.15,4.0,0.0,0.35,0.8021711060847014,1.0837499999999998,0.9558886051860883,0.51,0.0,0.045,,
1945.0,0.8559314518821732,0.9999999999987685,27.073225041226642,3.9791729354167495,0.9416059901599461,0.0049871346049674406,0.009996969584172814,0.015886860282430484,0.005295620094143495,0.01059124018828699,3.7468097112707897,11289.943222907226,0.75,0.85,0.75,0.15,4.0,0.0,0.35,0.8021711060847014,1.0837499999999998,0.9558886051860883,0.51,0.0,0.045,,
1955.0,0.8551731754306933,0.9999999999987623,27.081052274912913,3.978196286023618,0.9418371521210399,0.004984794322986919,0.009992191104222788,0.015875517831891707,0.005291839277297236,0.010583678554594472,3.7468097112707897,11277.172820621297,0.75,0.85,0.75,0.15,4.0,0.0,0.35,0.8021711060847014,1.0837499999999998,0.9558886051860883,0.51,0.0,0.045,,
1965.0,0.8544147127725128,0.9999999999987561,27.08885591564906,3.9772195149356033,0.9420684564395249,0.004982462491251722,0.009987429814808211,0.015864205421148216,0.005288068473716072,0.010576136947432145,3.7468097112707897,11264.404528475656,0.75,0.85,0.75,0.15,4.0,0.0,0.35,0.8021711060847014,1.0837499999999998,0.9558886051860883,0.51,0.0,0.045,,
1975.0,0.8536560637929439,0.9999999999987499,27.096636035079392,3.9762426222073883,0.9422999032285696,0.004980139097115389,0.009982685688926934,0.015852922991263955,0.005284307663754651,0.010568615327509303,3.7468097112707897,11251.638347839995,0.75,0.85,0.75,0.15,4.0,0.0,0.35,0.8021711060847014,1.0837499999999998,0.9558886051860883,0.51,0.0,0.045,,
1985.0,0.8528972283772076,0.9999999999987437,27.104392704632627,3.975265607893138,0.9425314926015658,0.004977824128019226,0.009977958699761681,0.015841670483612975,0.005280556827870993,0.010561113655741985,3.7468097112707897,11238.874280082719,0.75,0.85,0.75,0.15,4.0,0.0,0.35,0.8021711060847014,1.0837499999999998,0.9558886051860883,0.51,0.0,0.045,,
1995.0,0.8521382064104334,0.9999999999987375,27.112125995522536,3.9742884720464975,0.9427632246721915,0.0049755175714921345,0.00997324882067934,0.015830447839878064,0.00527681594662602,0.01055363189325204,3.7468097112707897,11226.11232657095,0.75,0.85,0.75,0.15,4.0,0.0,0.35,0.8021711060847014,1.0837499999999998,0.9558886051860883,0.51,0.0,0.045,,
2005.0,0.8513789977776591,0.9999999999987312,27.1198359787486,3.973311214720603,0.9429950995543369,0.004973219415149934,0.009968556025230097,0.01581925500204932,0.0052730850006831075,0.010546170001366215,3.7468097112707897,11213.352488670578,0.75,0.85,0.75,0.15,4.0,0.0,0.35,0.8021711060847014,1.0837499999999998,0.9558886051860883,0.51,0.0,0.045,,
2015.0,0.8506196023638307,0.999999999998725,27.12752272509666,3.972333835968074,0.9432271173621546,0.004970929646695334,0.009963880287146808,0.015808091912422766,0.00526936397080759,0.01053872794161518,3.7468097112707897,11200.594767746214,0.75,0.85,0.75,0.15,4.0,0.0,0.35,0.8021711060847014,1.0837499999999998,0.9558886051860883,0.51,0.0,0.045,,
2025.0,0.849860020053802,0.9999999999987188,27.135186305139566,3.9713563358410227,0.9434592782100374,0.0049686482539174105,0.009959221580344166,0.01579695851359899,0.00526565283786633,0.01053130567573266,3.7468097112707897,11187.839165161255,0.75,0.85,0.75,0.15,4.0,0.0,0.35,0.8021711060847014,1.0837499999999998,0.9558886051860883,0.51,0.0,0.045,,
2035.0,0.8491002507323346,0.9999999999987126,27.142826789237837,3.9703787143910505,0.943691582212629,0.004966375224691301,0.009954579878917982,0.015785854748481726,0.005261951582827243,0.010523903165654486,3.7468097112707897,11175.085682277855,0.75,0.85,0.75,0.15,4.0,0.0,0.35,0.8021711060847014,1.0837499999999998,0.9558886051860883,0.51,0.0,0.045,,
2045.0,0.8483402942840979,0.9999999999987064,27.150444247540285,3.9694009716692555,0.9439240294848147,0.004964110546977942,0.009949955157144474,0.015774780560276532,0.005258260186758844,0.010516520373517689,3.7468097112707897,11162.33432045697,0.75,0.85,0.75,0.15,4.0,0.0,0.35,0.8021711060847014,1.0837499999999998,0.9558886051860883,0.51,0.0,0.045,,
2055.0,0.8475801505936682,0.9999999999987002,27.15803874998468,3.9684231077262284,0.9441566201417713,0.00496185420882375,0.009945347389479536,0.015763735892489392,0.005254578630829799,0.010509157261659598,3.7468097112707897,11149.585081058338,0.75,0.85,0.75,0.15,4.0,0.0,0.35,0.8021711060847014,1.0837499999999998,0.9558886051860883,0.51,0.0,0.045,,
2065.0,0.8468198195455294,0.9999999999986939,27.165610366298385,3.9674451226120593,0.9443893542988601,0.004959606198360118,0.009940756550557992,0.015752720688925397,0.005250906896308466,0.010501813792616933,3.7468097112707897,11136.837965440509,0.75,0.85,0.75,0.15,4.0,0.0,0.35,0.8021711060847014,1.0837499999999998,0.9558886051860883,0.51,0.0,0.045,,
2075.0,0.846059301024072,0.9999999999986877,27.173159165998992,3.9664670163763387,0.9446222320717189,0.004957366503803183,0.009936182615192845,0.01574173489368736,0.005247244964562455,0.01049448992912491,3.7468097112707897,11124.092974960853,0.75,0.85,0.75,0.15,4.0,0.0,0.35,0.8021711060847014,1.0837499999999998,0.9558886051860883,0.51,0.0,0.045,,
2085.0,0.8452985949135934,0.9999999999986815,27.180685218394963,3.9654887890681554,0.944855253576225,0.004955135113453522,0.009931625558374598,0.015730778451174505,0.0052435928170581686,0.010487185634116337,3.7468097112707897,11111.35011097556,0.75,0.85,0.75,0.15,4.0,0.0,0.35,0.8021711060847014,1.0837499999999998,0.9558886051860883,0.51,0.0,0.045,,
2095.0,0.8445377010982974,0.9999999999986753,27.18818859258627,3.9645104407361056,0.9450884189285277,0.0049529120156958945,0.009927085355270548,0.01571985130608113,0.005239950435360377,0.010479900870720755,3.7468097112707897,11098.609374839672,0.75,0.85,0.75,0.15,4.0,0.0,0.35,0.8021711060847014,1.0837499999999998,0.9558886051860883,0.51,0.0,0.045,,
2105.0,0.8437766194622944,0.9999999999986691,27.19566935746502,3.963531971428289,0.9453217282449843,0.004950697198998701,0.009922561981224034,0.015708953403395266,0.005236317801131756,0.010472635602263513,3.7468097112707897,11085.870767907072,0.75,0.85,0.75,0.15,4.0,0.0,0.35,0.8021711060847014,1.0837499999999998,0.9558886051860883,0.51,0.0,0.045,,
2115.0,0.8430153498896008,0.9999999999986628,27.203127581716107,3.962553381192312,0.9455551816422341,0.004948490651913861,0.009918055411753753,0.015698084688397392,0.005232694896132465,0.01046538979226493,3.7468097112707897,11073.134291530501,0.75,0.85,0.75,0.15,4.0,0.0,0.35,0.8021711060847014,1.0837499999999998,0.9558886051860883,0.51,0.0,0.045,,
2125.0,0.8422538922641389,0.9999999999986566,27.21056333381781,3.961574670075291,0.9457887792371473,0.0049462923630764,0.009913565622553057,0.015687245106659087,0.005229081702219696,0.010458163404439391,3.7468097112707897,11060.399947061582,0.75,0.85,0.75,0.15,4.0,0.0,0.35,0.8021711060847014,1.0837499999999998,0.9558886051860883,0.51,0.0,0.045,,
2135.0,0.8414922464697369,0.9999999999986504,27.21797668204245,3.9605958381238526,0.9460225211468571,0.004944102321204213,0.00990909258948928,0.01567643460404175,0.005225478201347251,0.010450956402694502,3.7468097112707897,11047.6677358508,0.75,0.85,0.75,0.15,4.0,0.0,0.35,0.8021711060847014,1.0837499999999998,0.9558886051860883,0.51,0.0,0.045,,
2145.0,0.8407304123901284,0.9999999999986442,27.225367694457013,3.9596168853841385,0.9462564074887205,0.00494192051509758,0.009904636288602992,0.015665653126695295,0.005221884375565097,0.010443768751130194,3.7468097112707897,11034.937659247556,0.75,0.85,0.75,0.15,4.0,0.0,0.35,0.8021711060847014,1.0837499999999998,0.9558886051860883,0.51,0.0,0.045,,
2155.0,0.8399683899089523,0.999999999998638,27.232736438923766,3.9586378119018026,0.9464904383803504,0.004939746933638979,0.009900196696107328,0.015654900621056858,0.0052183002070189536,0.010436600414037907,3.7468097112707897,11022.209718600137,0.75,0.85,0.75,0.15,4.0,0.0,0.35,0.8021711060847014,1.0837499999999998,0.9558886051860883,0.51,0.0,0.045,,
2165.0,0.8392061789097529,0.9999999999986318,27.240082983100873,3.9576586177220174,0.9467246139396178,0.004937581565792752,0.009895773788387296,0.01564417703384953,0.005214725677949844,0.010429451355899687,3.7468097112707897,11009.48391525575,0.75,0.85,0.75,0.15,4.0,0.0,0.35,0.8021711060847014,1.0837499999999998,0.9558886051860883,0.51,0.0,0.045,,
2175.0,0.8384437792759792,0.9999999999986255,27.24740739444304,3.956679302889473,0.9469589342846276,0.004935424400604814,0.009891367541999136,0.015633482312081056,0.005211160770693686,0.010422321541387372,3.7468097112707897,10996.760250560521,0.75,0.85,0.75,0.15,4.0,0.0,0.35,0.8021711060847014,1.0837499999999998,0.9558886051860883,0.51,0.0,0.045,,
2185.0,0.8376811908909852,0.9999999999986193,27.254709740202113,3.9556998674483803,0.9471933995337624,0.004933275427202361,0.009886977933669617,0.015622816403042587,0.0052076054676808625,0.010415210935361725,3.7468097112707897,10984.038725859515,0.75,0.85,0.75,0.15,4.0,0.0,0.35,0.8021711060847014,1.0837499999999998,0.9558886051860883,0.51,0.0,0.045,,
2195.0,0.8369184136380293,0.9999999999986131,27.2619900874277,3.9547203114424696,0.9474280098056135,0.004931134634793382,0.009882604940295322,0.015612179254307405,0.005204059751435802,0.010408119502871604,3.7468097112707897,10971.319342496727,0.75,0.85,0.75,0.15,4.0,0.0,0.35,0.8021711060847014,1.0837499999999998,0.9558886051860883,0.51,0.0,0.045,,
2205.0,0.8361554474002741,0.9999999999986069,27.2692485029678,3.9537406349150004,0.9476627652190399,0.004929002012666571,0.009878248538942029,0.015601570813729676,0.005200523604576558,0.010401047209153117,3.7468097112707897,10958.602101815124,0.75,0.85,0.75,0.15,4.0,0.0,0.35,0.8021711060847014,1.0837499999999998,0.9558886051860883,0.51,0.0,0.045,,
2215.0,0.8353922920607866,0.9999999999986007,27.276485053469386,3.952760837908752,0.9478976658931562,0.00492687755019094,0.009873908706844032,0.015590991029443179,0.005196997009814393,0.010393994019628787,3.7468097112707897,10945.887005156621,0.75,0.85,0.75,0.15,4.0,0.0,0.35,0.8021711060847014,1.0837499999999998,0.9558886051860883,0.51,0.0,0.045,,
2225.0,0.8346289475025377,0.9999999999985945,27.283699805379058,3.951780920466038,0.9481327119472883,0.0049247612368154255,0.009869585421403452,0.015580439849860104,0.0051934799499533685,0.010386959899906737,3.7468097112707897,10933.174053862122,0.75,0.85,0.75,0.15,4.0,0.0,0.35,0.8021711060847014,1.0837499999999998,0.9558886051860883,0.51,0.0,0.045,,
2235.0,0.833865413608402,0.9999999999985882,27.29089282494361,3.9508008826286938,0.9483679035010628,0.004922653062068781,0.009865278660189613,0.01556991722366977,0.005189972407889924,0.010379944815779849,3.7468097112707897,10920.463249271503,0.75,0.85,0.75,0.15,4.0,0.0,0.35,0.8021711060847014,1.0837499999999998,0.9558886051860883,0.51,0.0,0.045,,
2245.0,0.8331016902611578,0.999999999998582,27.298064178210677,3.9498207244380925,0.9486032406743189,0.004920553015559135,0.009860988400938391,0.01555942309983744,0.00518647436661248,0.01037294873322496,3.7468097112707897,10907.75459272364,0.75,0.85,0.75,0.15,4.0,0.0,0.35,0.8021711060847014,1.0837499999999998,0.9558886051860883,0.51,0.0,0.045,,
2255.0,0.8323377773434865,0.9999999999985758,27.305213931029307,3.948840445935135,0.9488387235871546,0.0049184610869736755,0.00985671462155151,0.015548957427603045,0.005182985809201015,0.01036597161840203,3.7468097112707897,10895.048085556406,0.75,0.85,0.75,0.15,4.0,0.0,0.35,0.8021711060847014,1.0837499999999998,0.9558886051860883,0.51,0.0,0.045,,
2265.0,0.8315736747379727,0.9999999999985696,27.31234214905059,3.94786004716026,0.9490743523598945,0.004916377266078408,0.009852457300095945,0.015538520156480022,0.005179506718826674,0.010359013437653348,3.7468097112707897,10882.343729106698,0.75,0.85,0.75,0.15,4.0,0.0,0.35,0.8021711060847014,1.0837499999999998,0.9558886051860883,0.51,0.0,0.045,,
2275.0,0.8308093823271043,0.9999999999985634,27.319448897728247,3.9468795281534406,0.9493101271131628,0.004914301542717942,0.009848216414803261,0.015528111236254066,0.005176037078751355,0.01035207415750271,3.7468097112707897,10869.64152471043,0.75,0.85,0.75,0.15,4.0,0.0,0.35,0.8021711060847014,1.0837499999999998,0.9558886051860883,0.51,0.0,0.045,,
2285.0,0.8300448999932716,0.9999999999985572,27.32653424231923,3.94589888895419,0.9495460479677809,0.004912233906815024,0.009843991944068977,0.015517730616981952,0.005172576872327318,0.010345153744654636,3.7468097112707897,10856.941473702558,0.75,0.85,0.75,0.15,4.0,0.0,0.35,0.8021711060847014,1.0837499999999998,0.9558886051860883,0.51,0.0,0.045,,
2295.0,0.8292802276187673,0.9999999999985509,27.333598247884336,3.9449181296015583,0.9497821150448544,0.004910174348370366,0.009839783866451913,0.015507378248990306,0.00516912608299677,0.01033825216599354,3.7468097112707897,10844.243577417059,0.75,0.85,0.75,0.15,4.0,0.0,0.35,0.8021711060847014,1.0837499999999998,0.9558886051860883,0.51,0.0,0.045,,
2305.0,0.8285153650857869,0.9999999999985447,27.34064097928879,3.943937250134139,0.9500183284656971,0.004908122857462293,0.009835592160673586,0.015497054082874447,0.005165684694291483,0.010331369388582966,3.7468097112707897,10831.547837186989,0.75,0.85,0.75,0.15,4.0,0.0,0.35,0.8021711060847014,1.0837499999999998,0.9558886051860883,0.51,0.0,0.045,,
2315.0,0.8277503122764279,0.9999999999985385,27.347662501202834,3.942956250590069,0.9502546883519165,0.004906079424246509,0.009831416805617542,0.015486758069497189,0.005162252689832396,0.010324505379664792,3.7468097112707897,10818.854254344451,0.75,0.85,0.75,0.15,4.0,0.0,0.35,0.8021711060847014,1.0837499999999998,0.9558886051860883,0.51,0.0,0.045,,
2325.0,0.8269850690726898,0.9999999999985323,27.354662878102342,3.9419751310070286,0.9504911948253264,0.0049040440389557715,0.00982725778032878,0.015476490159987649,0.0051588300533292174,0.010317660106658435,3.7468097112707897,10806.162830220628,0.75,0.85,0.75,0.15,4.0,0.0,0.35,0.8021711060847014,1.0837499999999998,0.9558886051860883,0.51,0.0,0.045,,
2335.0,0.8262196353564735,0.9999999999985261,27.361642174269388,3.9409938914222455,0.9507278480080286,0.0049020166918996196,0.009823115064013078,0.015466250305740099,0.005155416768580033,0.010310833537160067,3.7468097112707897,10793.47356614578,0.75,0.85,0.75,0.15,4.0,0.0,0.35,0.8021711060847014,1.0837499999999998,0.9558886051860883,0.51,0.0,0.045,,
2345.0,0.8254540110095819,0.9999999999985199,27.368600453792855,3.9400125318724966,0.9509646480223541,0.004899997373464152,0.00981898863603644,0.015456038458412789,0.0051520128194709304,0.010304025638941861,3.7468097112707897,10780.786463449263,0.75,0.85,0.75,0.15,4.0,0.0,0.35,0.8021711060847014,1.0837499999999998,0.9558886051860883,0.51,0.0,0.045,,
2355.0,0.8246881959137191,0.9999999999985136,27.375537780569008,3.9390310523941054,0.9512015949908749,0.0048979860741115554,0.009814878475924398,0.01544585456992677,0.00514861818997559,0.01029723637995118,3.7468097112707897,10768.101523459527,0.75,0.85,0.75,0.15,4.0,0.0,0.35,0.8021711060847014,1.0837499999999998,0.9558886051860883,0.51,0.0,0.045,,
2365.0,0.8239221899504903,0.9999999999985074,27.382454218302094,3.93804945302295,0.951438689036413,0.004895982784380029,0.009810784563361466,0.01543569859246477,0.005145232864154924,0.010290465728309849,3.7468097112707897,10755.418747504134,0.75,0.85,0.75,0.15,4.0,0.0,0.35,0.8021711060847014,1.0837499999999998,0.9558886051860883,0.51,0.0,0.045,,
2375.0,0.8231559930014015,0.9999999999985012,27.38934983050491,3.937067733794461,0.9516759302820673,0.004893987494883446,0.00980670687819051,0.015425570478470025,0.005141856826156676,0.010283713652313353,3.7468097112707897,10742.738136909773,0.75,0.85,0.75,0.15,4.0,0.0,0.35,0.8021711060847014,1.0837499999999998,0.9558886051860883,0.51,0.0,0.045,,
2385.0,0.8223896049478598,0.999999999998495,27.3962246804994,3.936085894743622,0.9519133188511505,0.004892000196311004,0.009802645400412131,0.015415470180645157,0.0051384900602150525,0.010276980120430105,3.7468097112707897,10730.059693002253,0.75,0.85,0.75,0.15,4.0,0.0,0.35,0.8021711060847014,1.0837499999999998,0.9558886051860883,0.51,0.0,0.045,,
2395.0,0.8216230256711728,0.9999999999984888,27.403078831417233,3.9351039359049755,0.95215085486723,0.004890020879427002,0.009798600110184085,0.015405397651951005,0.005135132550650335,0.01027026510130067,3.7468097112707897,10717.383417106526,0.75,0.85,0.75,0.15,4.0,0.0,0.35,0.8021711060847014,1.0837499999999998,0.9558886051860883,0.51,0.0,0.045,,
2405.0,0.8208562550525482,0.9999999999984825,27.409912346200368,3.9341218573126207,0.9523885384541497,0.00488804953507066,0.0097945709878207,0.01539535284560553,0.0051317842818685115,0.010263568563737023,3.7468097112707897,10704.709310546692,0.75,0.85,0.75,0.15,4.0,0.0,0.35,0.8021711060847014,1.0837499999999998,0.9558886051860883,0.51,0.0,0.045,,
2415.0,0.820089292973094,0.9999999999984763,27.41672528760165,3.933139659000215,0.9526263697359693,0.004886086154155634,0.00979055801379223,0.015385335715082675,0.005128445238360892,0.010256890476721785,3.7468097112707897,10692.037374646,0.75,0.85,0.75,0.15,4.0,0.0,0.35,0.8021711060847014,1.0837499999999998,0.9558886051860883,0.51,0.0,0.045,,
2425.0,0.819322139313818,0.9999999999984701,27.423517718185384,3.9321573410009796,0.9528643488370303,0.00488413072766997,0.00978656116872432,0.015375346214111248,0.005125115404703749,0.010250230809407498,3.7468097112707897,10679.36761072688,0.75,0.85,0.75,0.15,4.0,0.0,0.35,0.8021711060847014,1.0837499999999998,0.9558886051860883,0.51,0.0,0.045,,
2435.0,0.8185547939556282,0.9999999999984639,27.43028970032789,3.9311749033476975,0.9531024758818794,0.0048821832466756105,0.009782580433397373,0.015365384296673794,0.005121794765557931,0.010243589531115862,3.7468097112707897,10666.700020110922,0.75,0.85,0.75,0.15,4.0,0.0,0.35,0.8021711060847014,1.0837499999999998,0.9558886051860883,0.51,0.0,0.045,,
2445.0,0.8177872567793317,0.9999999999984577,27.437041296218094,3.9301923460727135,0.9533407509953615,0.004880243702308372,0.009778615788746007,0.015355449917005532,0.005118483305668511,0.010236966611337023,3.7468097112707897,10654.034604118908,0.75,0.85,0.75,0.15,4.0,0.0,0.35,0.8021711060847014,1.0837499999999998,0.9558886051860883,0.51,0.0,0.045,,
2455.0,0.8170195276656351,0.9999999999984515,27.443772567858094,3.9292096692079435,0.9535791743025296,0.004878312085777455,0.009774667215858448,0.015345543029593211,0.0051151810098644035,0.010230362019728807,3.7468097112707897,10641.371364070817,0.75,0.85,0.75,0.15,4.0,0.0,0.35,0.8021711060847014,1.0837499999999998,0.9558886051860883,0.51,0.0,0.045,,
2465.0,0.8162516064951442,0.9999999999984452,27.45048357706372,3.928226872784865,0.9538177459287233,0.0048763883883653604,0.009770734695975976,0.015335663589174032,0.005111887863058011,0.010223775726116022,3.7468097112707897,10628.710301285815,0.75,0.85,0.75,0.15,4.0,0.0,0.35,0.8021711060847014,1.0837499999999998,0.9558886051860883,0.51,0.0,0.045,,
2475.0,0.8154834931483634,0.999999999998439,27.457174385465112,3.9272439568345296,0.9540564659994907,0.004874472601427429,0.009766818210492313,0.015325811550734559,0.005108603850244853,0.010217207700489705,3.7468097112707897,10616.051417082297,0.75,0.85,0.75,0.15,4.0,0.0,0.35,0.8021711060847014,1.0837499999999998,0.9558886051860883,0.51,0.0,0.045,,
2485.0,0.8147151875056966,0.9999999999984328,27.463845054507278,3.926260921387555,0.954295334640682,0.004872564716391863,0.009762917740953114,0.015315986869509643,0.005105328956503214,0.010210657913006429,3.7468097112707897,10603.394712777865,0.75,0.85,0.75,0.15,4.0,0.0,0.35,0.8021711060847014,1.0837499999999998,0.9558886051860883,0.51,0.0,0.045,,
2495.0,0.8139466894474454,0.9999999999984266,27.47049564545066,3.9252777664741356,0.9545343519783418,0.0048706647247590915,0.009759033269055322,0.015306189500981324,0.005102063166993774,0.010204126333987549,3.7468097112707897,10590.740189689368,0.75,0.85,0.75,0.15,4.0,0.0,0.35,0.8021711060847014,1.0837499999999998,0.9558886051860883,0.51,0.0,0.045,,
2505.0,0.8131779988538104,0.9999999999984204,27.477126219371698,3.9242944921240346,0.954773518138788,0.004868772618101813,0.009755164776646652,0.015296419400877777,0.00509880646695926,0.01019761293391852,3.7468097112707897,10578.08784913287,0.75,0.85,0.75,0.15,4.0,0.0,0.35,0.8021711060847014,1.0837499999999998,0.9558886051860883,0.51,0.0,0.045,,
2515.0,0.8124091156048897,0.9999999999984142,27.48373683716338,3.9233110983665935,0.9550128332486176,0.004866888388064737,0.009751312245725067,0.015286676525172245,0.005095558841724083,0.010191117683448166,3.7468097112707897,10565.437692423693,0.75,0.85,0.75,0.15,4.0,0.0,0.35,0.8021711060847014,1.0837499999999998,0.9558886051860883,0.51,0.0,0.045,,
2525.0,0.8116400395806801,0.9999999999984079,27.49032755953582,3.9223275852307284,0.9552522974346284,0.004865012026364062,0.009747475658438132,0.015276960830081957,0.0050923202766939854,0.010184640553387971,3.7468097112707897,10552.789720876415,0.75,0.85,0.75,0.15,4.0,0.0,0.35,0.8021711060847014,1.0837499999999998,0.9558886051860883,0.51,0.0,0.045,,
2535.0,0.8108707706610755,0.9999999999984017,27.496898447016793,3.9213439527449347,0.9554919108238948,0.004863143524787476,0.00974365499708253,0.0152672722720671,0.0050890907573557,0.0101781815147114,3.7468097112707897,10540.14393580488,0.75,0.85,0.75,0.15,4.0,0.0,0.35,0.8021711060847014,1.0837499999999998,0.9558886051860883,0.51,0.0,0.045,,
2545.0,0.8101013087258676,0.9999999999983955,27.503449559952298,3.920360200937288,0.9557316735437467,0.00486128287519385,0.009739850244103504,0.015257610807829752,0.005085870269276584,0.010171740538553168,3.7468097112707897,10527.500338522199,0.75,0.85,0.75,0.15,4.0,0.0,0.35,0.8021711060847014,1.0837499999999998,0.9558886051860883,0.51,0.0,0.045,,
2555.0,0.8093316536547456,0.9999999999983893,27.50998095850711,3.9193763298354436,0.9559715857217448,0.004859430069512852,0.009736061382094256,0.015247976394312846,0.0050826587981042835,0.010165317596208567,3.7468097112707897,10514.858930340773,0.75,0.85,0.75,0.15,4.0,0.0,0.35,0.8021711060847014,1.0837499999999998,0.9558886051860883,0.51,0.0,0.045,,
2565.0,0.8085618053272953,0.9999999999983831,27.51649270266535,3.9183923394666387,0.9562116474857298,0.004857585099744909,0.009732288393795465,0.01523836898869913,0.0050794563295663755,0.010158912659132751,3.7468097112707897,10502.219712572285,0.75,0.85,0.75,0.15,4.0,0.0,0.35,0.8021711060847014,1.0837499999999998,0.9558886051860883,0.51,0.0,0.045,,
2575.0,0.807791763623,0.9999999999983769,27.522984852230994,3.9174082298576973,0.9564518589637413,0.004855747957960719,0.009728531262094707,0.015228788548410114,0.005076262849470039,0.010152525698940078,3.7468097112707897,10489.582686527723,0.75,0.85,0.75,0.15,4.0,0.0,0.35,0.8021711060847014,1.0837499999999998,0.9558886051860883,0.51,0.0,0.045,,
2585.0,0.8070215284212396,0.9999999999983706,27.529457466828468,3.9164240010350246,0.9566922202841365,0.004853918636301303,0.009724789970025962,0.015219235031105081,0.005073078343701695,0.01014615668740339,3.7468097112707897,10476.947853517378,0.75,0.85,0.75,0.15,4.0,0.0,0.35,0.8021711060847014,1.0837499999999998,0.9558886051860883,0.51,0.0,0.045,,
2595.0,0.8062510996012904,0.9999999999983644,27.535910605903155,3.9154396530246167,0.9569327315754801,0.004852097126977451,0.009721064500769016,0.015209708394680032,0.005069902798226678,0.010139805596453355,3.7468097112707897,10464.315214850862,0.75,0.85,0.75,0.15,4.0,0.0,0.35,0.8021711060847014,1.0837499999999998,0.9558886051860883,0.51,0.0,0.045,,
2605.0,0.8054804770423248,0.9999999999983582,27.542344328721967,3.914455185852056,0.957173392966592,0.00485028342226965,0.009717354837648979,0.015200208597266673,0.005066736199088892,0.010133472398177783,3.7468097112707897,10451.684771837108,0.75,0.85,0.75,0.15,4.0,0.0,0.35,0.8021711060847014,1.0837499999999998,0.9558886051860883,0.51,0.0,0.045,,
2615.0,0.804709660623412,0.999999999998352,27.548758694373873,3.9134705995425145,0.9574142045865361,0.00484847751452777,0.009713660964135715,0.015190735597231412,0.005063578532410472,0.010127157064820943,3.7468097112707897,10439.056525784375,0.75,0.85,0.75,0.15,4.0,0.0,0.35,0.8021711060847014,1.0837499999999998,0.9558886051860883,0.51,0.0,0.045,,
2625.0,0.8039386502235164,0.9999999999983458,27.555153761770455,3.9124858941207545,0.9576551665646829,0.004846679396171046,0.009709982863843407,0.015181289353174345,0.0050604297843914485,0.010120859568782897,3.7468097112707897,10426.430478000277,0.75,0.85,0.75,0.15,4.0,0.0,0.35,0.8021711060847014,1.0837499999999998,0.9558886051860883,0.51,0.0,0.045,,
2635.0,0.8031674457214986,0.9999999999983396,27.561529589646426,3.911501069611134,0.9578962790305655,0.004844889059687352,0.009706320520529893,0.015171869823928263,0.005057289941309421,0.010114579882618841,3.7468097112707897,10413.806629791772,0.75,0.85,0.75,0.15,4.0,0.0,0.35,0.8021711060847014,1.0837499999999998,0.9558886051860883,0.51,0.0,0.045,,
2645.0,0.8023960469961144,0.9999999999983333,27.567886236560188,3.910516126037602,0.9581375421140463,0.004843106497633488,0.009702673918096257,0.015162476968557633,0.005054158989519211,0.010108317979038422,3.7468097112707897,10401.184982465174,0.75,0.85,0.75,0.15,4.0,0.0,0.35,0.8021711060847014,1.0837499999999998,0.9558886051860883,0.51,0.0,0.045,,
2655.0,0.8016244539260152,0.9999999999983271,27.574223760894355,3.909531063423704,0.9583789559451846,0.0048413317026345885,0.009699043040586266,0.015153110746357643,0.005051036915452549,0.010102073830905098,3.7468097112707897,10388.565537326167,0.75,0.85,0.75,0.15,4.0,0.0,0.35,0.8021711060847014,1.0837499999999998,0.9558886051860883,0.51,0.0,0.045,,
2665.0,0.8008526663897473,0.9999999999983209,27.580542220856305,3.9085458817925813,0.9586205206543446,0.00483956466738414,0.009695427872185892,0.015143771116853184,0.0050479237056177285,0.010095847411235457,3.7468097112707897,10375.948295679804,0.75,0.85,0.75,0.15,4.0,0.0,0.35,0.8021711060847014,1.0837499999999998,0.9558886051860883,0.51,0.0,0.045,,
2675.0,0.800080684265752,0.9999999999983147,27.5868416744787,3.907560581166973,0.9588622363720939,0.0048378053846434895,0.009691828397222756,0.015134458039797878,0.0050448193465992925,0.010089638693198585,3.7468097112707897,10363.33325883052,0.75,0.85,0.75,0.15,4.0,0.0,0.35,0.8021711060847014,1.0837499999999998,0.9558886051860883,0.51,0.0,0.045,,
2685.0,0.7993085074323653,0.9999999999983085,27.593122179620007,3.9065751615692217,0.9591041032292651,0.00483605384724174,0.009688244600165622,0.0151251714751731,0.0050417238250577,0.0100834476501154,3.7468097112707897,10350.720428082159,0.75,0.85,0.75,0.15,4.0,0.0,0.35,0.8021711060847014,1.0837499999999998,0.9558886051860883,0.51,0.0,0.045,,
2695.0,0.7985361357678176,0.9999999999983022,27.59938379396506,3.9055896230212643,0.9593461213569703,0.0048343100480756195,0.009684676465623938,0.015115911383187025,0.005038637127729008,0.010077274255458016,3.7468097112707897,10338.109804737935,0.75,0.85,0.75,0.15,4.0,0.0,0.35,0.8021711060847014,1.0837499999999998,0.9558886051860883,0.51,0.0,0.045,,
2705.0,0.7977635691502338,0.999999999998296,27.60562657502556,3.904603965544644,0.9595882908865323,0.004832573980109082,0.009681123978347313,0.015106677724273628,0.005035559241424542,0.010071118482849084,3.7468097112707897,10325.501390100488,0.75,0.85,0.75,0.15,4.0,0.0,0.35,0.8021711060847014,1.0837499999999998,0.9558886051860883,0.51,0.0,0.045,,
2715.0,0.7969908074576327,0.9999999999982898,27.61185058014062,3.9036181891605084,0.9598306119495568,0.004830845636373123,0.009677587123224987,0.015097470459091752,0.005032490153030584,0.010064980306061167,3.7468097112707897,10312.895185471873,0.75,0.85,0.75,0.15,4.0,0.0,0.35,0.8021711060847014,1.0837499999999998,0.9558886051860883,0.51,0.0,0.045,,
2725.0,0.7962178505679273,0.9999999999982836,27.61805586647727,3.902632293889607,0.9600730846778907,0.004829125009965612,0.009674065885285382,0.01508828954852414,0.005029429849508047,0.010058859699016095,3.7468097112707897,10300.291192153567,0.75,0.85,0.75,0.15,4.0,0.0,0.35,0.8021711060847014,1.0837499999999998,0.9558886051860883,0.51,0.0,0.045,,
2735.0,0.7954446983589237,0.9999999999982774,27.624242491031005,3.9016462797522964,0.9603157092036514,0.004827412094051062,0.00967056024969559,0.015079134953676488,0.005026378317892163,0.010052756635784326,3.7468097112707897,10287.689411446472,0.75,0.85,0.75,0.15,4.0,0.0,0.35,0.8021711060847014,1.0837499999999998,0.9558886051860883,0.51,0.0,0.045,,
2745.0,0.7946713507083221,0.9999999999982712,27.630410510626287,3.9006601467685402,0.9605584856591693,0.004825706881860225,0.009667070201760851,0.015070006635876494,0.005023335545292164,0.010046671090584328,3.7468097112707897,10275.08984465093,0.75,0.85,0.75,0.15,4.0,0.0,0.35,0.8021711060847014,1.0837499999999998,0.9558886051860883,0.51,0.0,0.045,,
2755.0,0.7938978074937156,0.9999999999982649,27.636559981917085,3.899673894957913,0.960801414177063,0.004824009366690147,0.009663595726924122,0.015060904556672902,0.005020301518890968,0.010040603037781936,3.7468097112707897,10262.492493066744,0.75,0.85,0.75,0.15,4.0,0.0,0.35,0.8021711060847014,1.0837499999999998,0.9558886051860883,0.51,0.0,0.045,,
2765.0,0.7931240685925907,0.9999999999982587,27.64269096138737,3.8986875243395978,0.9610444948902057,0.004822319541903774,0.009660136810765555,0.015051828677834611,0.005017276225944871,0.010034552451889741,3.7468097112707897,10249.897357993155,0.75,0.85,0.75,0.15,4.0,0.0,0.35,0.8021711060847014,1.0837499999999998,0.9558886051860883,0.51,0.0,0.045,,
2775.0,0.7923501338823263,0.9999999999982525,27.648803505351655,3.897701034932389,0.9612877279316855,0.0048206374009296836,0.009656693439002016,0.01504277896134969,0.00501425965378323,0.01002851930756646,3.7468097112707897,10237.30444072887,0.75,0.85,0.75,0.15,4.0,0.0,0.35,0.8021711060847014,1.0837499999999998,0.9558886051860883,0.51,0.0,0.045,,
2785.0,0.7915760032401945,0.9999999999982463,27.6548976699555,3.896714426754694,0.9615311134348907,0.004818962937262075,0.009653265597486645,0.015033755369424483,0.005011251789808162,0.010022503579616324,3.7468097112707897,10224.713742572083,0.75,0.85,0.75,0.15,4.0,0.0,0.35,0.8021711060847014,1.0837499999999998,0.9558886051860883,0.51,0.0,0.045,,
2795.0,0.7908016765433594,0.9999999999982401,27.66097351117602,3.895727699824534,0.9617746515334512,0.0048172961444603365,0.009649853272208322,0.015024757864482676,0.005008252621494225,0.01001650524298845,3.7468097112707897,10212.125264820446,0.75,0.85,0.75,0.15,4.0,0.0,0.35,0.8021711060847014,1.0837499999999998,0.9558886051860883,0.51,0.0,0.045,,
2805.0,0.7900271536688779,0.9999999999982339,27.667031084822415,3.894740854159546,0.9620183423612073,0.004815637016148827,0.009646456449291204,0.015015786409164381,0.005005262136388127,0.010010524272776255,3.7468097112707897,10199.539008771111,0.75,0.85,0.75,0.15,4.0,0.0,0.35,0.8021711060847014,1.0837499999999998,0.9558886051860883,0.51,0.0,0.045,,
2815.0,0.7892524344936983,0.9999999999982276,27.673070446536464,3.8937538897769826,0.9622621860523266,0.004813985546016954,0.00964307511499432,0.015006840966325234,0.005002280322108412,0.010004560644216825,3.7468097112707897,10186.954975720717,0.75,0.85,0.75,0.15,4.0,0.0,0.35,0.8021711060847014,1.0837499999999998,0.9558886051860883,0.51,0.0,0.045,,
2825.0,0.7884775188946611,0.9999999999982214,27.679091651793048,3.892766806693714,0.9625061827411713,0.00481234172781853,0.009639709255711006,0.014997921499035456,0.004999307166345153,0.009998614332690305,3.7468097112707897,10174.373166965406,0.75,0.85,0.75,0.15,4.0,0.0,0.35,0.8021711060847014,1.0837499999999998,0.9558886051860883,0.51,0.0,0.045,,
2835.0,0.7877024067484986,0.9999999999982152,27.68509475590065,3.891779604926232,0.9627503325623834,0.004810705555371891,0.009636358857968505,0.014989027970578982,0.004996342656859662,0.009992685313719324,3.7468097112707897,10161.793583800834,0.75,0.85,0.75,0.15,4.0,0.0,0.35,0.8021711060847014,1.0837499999999998,0.9558886051860883,0.51,0.0,0.045,,
2845.0,0.7869270979318342,0.999999999998209,27.69107981400186,3.890792284490645,0.9629946356508529,0.004809077022559526,0.009633023908427484,0.014980160344452558,0.004993386781484186,0.009986773562968372,3.7468097112707897,10149.216227522167,0.75,0.85,0.75,0.15,4.0,0.0,0.35,0.8021711060847014,1.0837499999999998,0.9558886051860883,0.51,0.0,0.045,,
2855.0,0.7861515923211829,0.9999999999982028,27.69704688107389,3.889804845402686,0.9632390921417326,0.004807456123327922,0.009629704393881581,0.014971318584364821,0.004990439528121607,0.009980879056243215,3.7468097112707897,10136.64109942411,0.75,0.85,0.75,0.15,4.0,0.0,0.35,0.8021711060847014,1.0837499999999998,0.9558886051860883,0.51,0.0,0.045,,
2865.0,0.7853758897929505,0.9999999999981966,27.70299601192907,3.8888172876777087,0.9634837021704342,0.004805842851687368,0.009626400301256959,0.014962502654235437,0.004987500884745147,0.009975001769490293,3.7468097112707897,10124.06820080088,0.75,0.85,0.75,0.15,4.0,0.0,0.35,0.8021711060847014,1.0837499999999998,0.9558886051860883,0.51,0.0,0.045,,
2875.0,0.7845999902234336,0.9999999999981903,27.70892726121535,3.887829611330691,0.9637284658726111,0.0048042372017116294,0.009623111617611799,0.0149537125181942,0.004984570839398067,0.009969141678796135,3.7468097112707897,10111.497532946252,0.75,0.85,0.75,0.15,4.0,0.0,0.35,0.8021711060847014,1.0837499999999998,0.9558886051860883,0.51,0.0,0.045,,
2885.0,0.7838238934888195,0.9999999999981841,27.714840683416803,3.886841816376238,0.9639733833841692,0.004802639167537888,0.009619838330135922,0.014944948140580174,0.004981649380193391,0.009963298760386782,3.7468097112707897,10098.929097153545,0.75,0.85,0.75,0.15,4.0,0.0,0.35,0.8021711060847014,1.0837499999999998,0.9558886051860883,0.51,0.0,0.045,,
2895.0,0.783047599465186,0.9999999999981781,27.720736332854116,3.885853902828579,0.9642184548412676,0.004801048743366381,0.009616580426150262,0.014936209485940764,0.004978736495313589,0.009957472990627178,3.7468097112707897,10086.362894715623,0.75,0.85,0.75,0.15,4.0,0.0,0.35,0.8021711060847014,1.0837499999999998,0.9558886051860883,0.51,0.0,0.045,,
2905.0,0.7822711080285008,0.9999999999981721,27.7266142636851,3.88486587070157,0.9644636803803543,0.004799465923460415,0.009613337893106488,0.014927496519030919,0.004975832173010307,0.009951664346020614,3.7468097112707897,10073.798926924917,0.75,0.85,0.75,0.15,4.0,0.0,0.35,0.8021711060847014,1.0837499999999998,0.9558886051860883,0.51,0.0,0.045,,
2915.0,0.7814944190546219,0.9999999999981661,27.732474529905183,3.8838777200087007,0.9647090601380939,0.004797890702145936,0.009610110718586525,0.014918809204812193,0.004972936401604065,0.00994587280320813,3.7468097112707897,10061.237195073438,0.75,0.85,0.75,0.15,4.0,0.0,0.35,0.8021711060847014,1.0837499999999998,0.9558886051860883,0.51,0.0,0.045,,
2925.0,0.7807175324192971,0.9999999999981601,27.738317185347892,3.8828894507630842,0.9649545942514319,0.00479632307381145,0.009606898890302104,0.014910147508451961,0.004970049169483987,0.009940098338967975,3.7468097112707897,10048.677700452761,0.75,0.85,0.75,0.15,4.0,0.0,0.35,0.8021711060847014,1.0837499999999998,0.9558886051860883,0.51,0.0,0.045,,
2935.0,0.7799404479981638,0.9999999999981541,27.744142283685363,3.88190106297747,0.9652002828575539,0.004794763032907771,0.009603702396094349,0.014901511395322458,0.004967170465107486,0.009934340930214973,3.7468097112707897,10036.120444354056,0.75,0.85,0.75,0.15,4.0,0.0,0.35,0.8021711060847014,1.0837499999999998,0.9558886051860883,0.51,0.0,0.045,,
2945.0,0.7791631656667484,0.9999999999981481,27.74994987842882,3.8809125566642377,0.9654461260939028,0.004793210573947847,0.00960052122393332,0.014892900831000035,0.004964300277000012,0.009928600554000024,3.7468097112707897,10023.565428068076,0.75,0.85,0.75,0.15,4.0,0.0,0.35,0.8021711060847014,1.0837499999999998,0.9558886051860883,0.51,0.0,0.045,,
2955.0,0.7783856853004669,0.9999999999981422,27.755740022929075,3.8799239318354,0.965692124098196,0.004791665691506562,0.009597355361917593,0.014884315781264213,0.004961438593754738,0.009922877187509477,3.7468097112707897,10011.012652885178,0.75,0.85,0.75,0.15,4.0,0.0,0.35,0.8021711060847014,1.0837499999999998,0.9558886051860883,0.51,0.0,0.045,,
2965.0,0.7776080067746242,0.9999999999981362,27.761512770377003,3.8789351885026058,0.9659382770083866,0.004790128380220524,0.009594204798273822,0.014875756212096908,0.004958585404032303,0.009917170808064606,3.7468097112707897,9998.46212009533,0.75,0.85,0.75,0.15,4.0,0.0,0.35,0.8021711060847014,1.0837499999999998,0.9558886051860883,0.51,0.0,0.045,,
2975.0,0.7768301299644137,0.9999999999981302,27.767268173804045,3.8779463266771392,0.9661845849626906,0.00478859863478783,0.0095910695213563,0.014867222089681546,0.004955740696560515,0.00991148139312103,3.7468097112707897,9985.913830988104,0.75,0.85,0.75,0.15,4.0,0.0,0.35,0.8021711060847014,1.0837499999999998,0.9558886051860883,0.51,0.0,0.045,,
2985.0,0.7760520547449178,0.9999999999981242,27.77300628608268,3.8769573463699194,0.9664310480996093,0.0047870764499680285,0.009587949519646576,0.01485871338040226,0.004952904460134086,0.009905808920268173,3.7468097112707897,9973.367786852697,0.75,0.85,0.75,0.15,4.0,0.0,0.35,0.8021711060847014,1.0837499999999998,0.9558886051860883,0.51,0.0,0.045,,
2995.0,0.7752737809911068,0.9999999999981182,27.778727159926916,3.8759682475915076,0.9666776665578374,0.004785561820581598,0.009584844781752944,0.014850230050843023,0.004950076683614342,0.009900153367228683,3.7468097112707897,9960.823988977947,0.75,0.85,0.75,0.15,4.0,0.0,0.35,0.8021711060847014,1.0837499999999998,0.9558886051860883,0.51,0.0,0.045,,
3005.0,0.7744953085778394,0.9999999999981122,27.78443084789277,3.8749790303521006,0.9669244404763732,0.004784054741510098,0.0095817552964101,0.014841772067786856,0.004947257355928952,0.009894514711857904,3.7468097112707897,9948.282438652306,0.75,0.85,0.75,0.15,4.0,0.0,0.35,0.8021711060847014,1.0837499999999998,0.9558886051860883,0.51,0.0,0.045,,
3015.0,0.7737166373798624,0.9999999999981062,27.79011740237876,3.8739896946615366,0.9671713699945013,0.004782555207695931,0.009578681052478739,0.014833339398214962,0.004944446466071655,0.00988889293214331,3.7468097112707897,9935.74313716388,0.75,0.85,0.75,0.15,4.0,0.0,0.35,0.8021711060847014,1.0837499999999998,0.9558886051860883,0.51,0.0,0.045,,
3025.0,0.7729377672718099,0.9999999999981002,27.795786875626355,3.8730002405292967,0.9674184552516937,0.004781063214141814,0.009575622038945025,0.014824932009305958,0.004941644003101987,0.009883288006203974,3.7468097112707897,9923.206085800428,0.75,0.85,0.75,0.15,4.0,0.0,0.35,0.8021711060847014,1.0837499999999998,0.9558886051860883,0.51,0.0,0.045,,
3035.0,0.7721586981282038,0.9999999999980942,27.801439319720487,3.872010667964505,0.9676656963877112,0.004779578755910939,0.009572578244920268,0.014816549868435001,0.004938849956145001,0.009877699912290002,3.7468097112707897,9910.671285849368,0.75,0.85,0.75,0.15,4.0,0.0,0.35,0.8021711060847014,1.0837499999999998,0.9558886051860883,0.51,0.0,0.045,,
3045.0,0.7713794298234533,0.9999999999980882,27.807074786590007,3.871020976975925,0.9679130935426081,0.004778101828126807,0.009569549659640538,0.014808192943173041,0.004936064314391014,0.009872128628782027,3.7468097112707897,9898.138738597765,0.75,0.85,0.75,0.15,4.0,0.0,0.35,0.8021711060847014,1.0837499999999998,0.9558886051860883,0.51,0.0,0.045,,
3055.0,0.7705999622318546,0.9999999999980822,27.812693328008177,3.8700311675719696,0.9681606468566256,0.004776632425972629,0.00956653627246614,0.014799861201285939,0.004933287067095313,0.009866574134190627,3.7468097112707897,9885.608445332367,0.75,0.85,0.75,0.15,4.0,0.0,0.35,0.8021711060847014,1.0837499999999998,0.9558886051860883,0.51,0.0,0.045,,
3065.0,0.7698202952275908,0.9999999999980762,27.818294995593124,3.869041239760696,0.968408356470344,0.004775170544691716,0.009563538072881354,0.01479155461073374,0.004930518203577914,0.009861036407155828,3.7468097112707897,9873.080407339605,0.75,0.85,0.75,0.15,4.0,0.0,0.35,0.8021711060847014,1.0837499999999998,0.9558886051860883,0.51,0.0,0.045,,
3075.0,0.7690404286847317,0.9999999999980702,27.823879840808324,3.8680511935498076,0.9686562225245308,0.004773716179586739,0.009560555050493892,0.014783273139669805,0.004927757713223269,0.009855515426446538,3.7468097112707897,9860.55462590558,0.75,0.85,0.75,0.15,4.0,0.0,0.35,0.8021711060847014,1.0837499999999998,0.9558886051860883,0.51,0.0,0.045,,
3085.0,0.7682603624772337,0.9999999999980642,27.829447914963072,3.8670610289466585,0.9689042451602483,0.0047722693260198856,0.009557587195034564,0.014775016756440083,0.004925005585480028,0.009850011170960056,3.7468097112707897,9848.031102316107,0.75,0.85,0.75,0.15,4.0,0.0,0.35,0.8021711060847014,1.0837499999999998,0.9558886051860883,0.51,0.0,0.045,,
3095.0,0.7674800964789394,0.9999999999980582,27.83499926921295,3.8660707459582477,0.9691524245188361,0.004770829979412679,0.009554634496356906,0.01476678542958225,0.00492226180986075,0.0098445236197215,3.7468097112707897,9835.50983785667,0.75,0.85,0.75,0.15,4.0,0.0,0.35,0.8021711060847014,1.0837499999999998,0.9558886051860883,0.51,0.0,0.045,,
3105.0,0.7666996305635775,0.9999999999980522,27.840533954560296,3.8650803445912283,0.9694007607418382,0.004769398135245528,0.009551696944436711,0.01475857912782499,0.004919526375941664,0.009839052751883327,3.7468097112707897,9822.990833812486,0.75,0.85,0.75,0.15,4.0,0.0,0.35,0.8021711060847014,1.0837499999999998,0.9558886051860883,0.51,0.0,0.045,,
3115.0,0.7659189646047624,0.9999999999980462,27.846052021854675,3.8640898248519027,0.9696492539711344,0.004767973789057888,0.009548774529371697,0.014750397820087148,0.0049167992733623826,0.009833598546724765,3.7468097112707897,9810.47409146847,0.75,0.85,0.75,0.15,4.0,0.0,0.35,0.8021711060847014,1.0837499999999998,0.9558886051860883,0.51,0.0,0.045,,
3125.0,0.7651380984759942,0.9999999999980402,27.85155352179333,3.863099186746227,0.9698979043487785,0.004766556936447739,0.009545867241381064,0.014742241475477005,0.004914080491825669,0.009828160983651338,3.7468097112707897,9797.959612109262,0.75,0.85,0.75,0.15,4.0,0.0,0.35,0.8021711060847014,1.0837499999999998,0.9558886051860883,0.51,0.0,0.045,,
3135.0,0.7643570320506586,0.9999999999980342,27.857038504921665,3.8621084302798097,0.9701467120171422,0.004765147573071662,0.009542975070805126,0.014734110063291466,0.004911370021097155,0.00982274004219431,3.7468097112707897,9785.447397019223,0.75,0.85,0.75,0.15,4.0,0.0,0.35,0.8021711060847014,1.0837499999999998,0.9558886051860883,0.51,0.0,0.045,,
3145.0,0.7635757652020263,0.9999999999980282,27.862507021633697,3.8611175554579127,0.9703956771188597,0.004763745694644637,0.00954009800810495,0.01472600355301531,0.004908667851005104,0.009817335702010209,3.7468097112707897,9772.937447482453,0.75,0.85,0.75,0.15,4.0,0.0,0.35,0.8021711060847014,1.0837499999999998,0.9558886051860883,0.51,0.0,0.045,,
3155.0,0.7627942978032531,0.9999999999980222,27.86795912217251,3.860126562285455,0.9706447997968057,0.0047623512969397035,0.009537236043861919,0.014717921914320403,0.004905973971440134,0.009811947942880268,3.7468097112707897,9760.429764782783,0.75,0.85,0.75,0.15,4.0,0.0,0.35,0.8021711060847014,1.0837499999999998,0.9558886051860883,0.51,0.0,0.045,,
3165.0,0.7620126297273797,0.9999999999980163,27.873394856630735,3.8591354507670146,0.9708940801940834,0.004760964375787806,0.009534389168777356,0.014709865117064964,0.0049032883723549876,0.009806576744709975,3.7468097112707897,9747.924350203804,0.75,0.85,0.75,0.15,4.0,0.0,0.35,0.8021711060847014,1.0837499999999998,0.9558886051860883,0.51,0.0,0.045,,
3175.0,0.7612307608473313,0.9999999999980103,27.87881427495099,3.85814422090682,0.9711435184541392,0.004759584927077898,0.009531557373672186,0.014701833131292766,0.004900611043764255,0.00980122208752851,3.7468097112707897,9735.42120502885,0.75,0.85,0.75,0.15,4.0,0.0,0.35,0.8021711060847014,1.0837499999999998,0.9558886051860883,0.51,0.0,0.045,,
3185.0,0.7604486910359175,0.9999999999980043,27.884217426926345,3.8571528727087645,0.971393114720614,0.0047582129467564245,0.009528740649486528,0.014693825927232416,0.004897941975744139,0.009795883951488279,3.7468097112707897,9722.920330541012,0.75,0.85,0.75,0.15,4.0,0.0,0.35,0.8021711060847014,1.0837499999999998,0.9558886051860883,0.51,0.0,0.045,,
3195.0,0.7596664201658319,0.9999999999979983,27.889604362200767,3.8561614061763994,0.9716428691374265,0.004756848430827258,0.009525938987279287,0.014685843475296584,0.004895281158432194,0.009790562316864388,3.7468097112707897,9710.421728023162,0.75,0.85,0.75,0.15,4.0,0.0,0.35,0.8021711060847014,1.0837499999999998,0.9558886051860883,0.51,0.0,0.045,,
3205.0,0.7588839481096523,0.9999999999979923,27.894975130269597,3.8551698213129346,0.9718927818487763,0.004755491375351667,0.009523152378227848,0.014677885746081264,0.004892628582027088,0.009785257164054177,3.7468097112707897,9697.925398757923,0.75,0.85,0.75,0.15,4.0,0.0,0.35,0.8021711060847014,1.0837499999999998,0.9558886051860883,0.51,0.0,0.045,,
3215.0,0.7581012747398403,0.9999999999979863,27.900329780479986,3.8541781181212444,0.972142852999091,0.004754141776447865,0.009520380813627617,0.014669952710365005,0.004889984236788335,0.00977996847357667,3.7468097112707897,9685.431344027727,0.75,0.85,0.75,0.15,4.0,0.0,0.35,0.8021711060847014,1.0837499999999998,0.9558886051860883,0.51,0.0,0.045,,
3225.0,0.7573183999287408,0.9999999999979803,27.90566836203134,3.8531862966038632,0.9723930827331182,0.004752799630291236,0.009517624284891757,0.014662044339108216,0.0048873481130360715,0.009774696226072143,3.7468097112707897,9672.939565114764,0.75,0.85,0.75,0.15,4.0,0.0,0.35,0.8021711060847014,1.0837499999999998,0.9558886051860883,0.51,0.0,0.045,,
3235.0,0.7565353235485822,0.9999999999979743,27.910990923975785,3.852194356762991,0.9726434711957818,0.004751464933113652,0.009514882783550714,0.014654160603452385,0.004884720201150795,0.00976944040230159,3.7468097112707897,9660.450063301032,0.75,0.85,0.75,0.15,4.0,0.0,0.35,0.8021711060847014,1.0837499999999998,0.9558886051860883,0.51,0.0,0.045,,
3245.0,0.7557520454714759,0.9999999999979683,27.91629751521861,3.8512022986004903,0.9728940185323656,0.004750137681203838,0.009512156301251929,0.014646301474719375,0.004882100491573125,0.00976420098314625,3.7468097112707897,9647.962839868325,0.75,0.85,0.75,0.15,4.0,0.0,0.35,0.8021711060847014,1.0837499999999998,0.9558886051860883,0.51,0.0,0.045,,
3255.0,0.7549685655694163,0.9999999999979623,27.921588184518715,3.850210122117892,0.9731447248883232,0.004748817870906699,0.009509444829759395,0.014638466924410662,0.004879488974803554,0.009758977949607109,3.7468097112707897,9635.477896098246,0.75,0.85,0.75,0.15,4.0,0.0,0.35,0.8021711060847014,1.0837499999999998,0.9558886051860883,0.51,0.0,0.045,,
3265.0,0.7541848837142804,0.9999999999979563,27.92686298048906,3.8492178273163895,0.9733955904094297,0.0047475054986235695,0.009506748360953372,0.014630656924206661,0.0048768856414022205,0.009753771282804441,3.7468097112707897,9622.9952332722,0.75,0.85,0.75,0.15,4.0,0.0,0.35,0.8021711060847014,1.0837499999999998,0.9558886051860883,0.51,0.0,0.045,,
3275.0,0.7534009997778277,0.9999999999979503,27.932121951597097,3.848225414196848,0.9736466152417291,0.004746200560811898,0.009504066886830007,0.014622871445965939,0.004874290481988647,0.009748580963977294,3.7468097112707897,9610.514852671427,0.75,0.85,0.75,0.15,4.0,0.0,0.35,0.8021711060847014,1.0837499999999998,0.9558886051860883,0.51,0.0,0.045,,
3285.0,0.7526169136317002,0.9999999999979443,27.93736514616523,3.8472328827597977,0.973897799531504,0.004744903053984977,0.00950140039950095,0.014615110461724552,0.004871703487241519,0.009743406974483037,3.7468097112707897,9598.03675557698,0.75,0.85,0.75,0.15,4.0,0.0,0.35,0.8021711060847014,1.0837499999999998,0.9558886051860883,0.51,0.0,0.045,,
3295.0,0.7518326251474217,0.9999999999979383,27.942592612371246,3.8462402330054406,0.9741491434252804,0.004743612974711847,0.009498748891193018,0.0146073739436953,0.004869124647898434,0.009738249295796869,3.7468097112707897,9585.560943269751,0.75,0.85,0.75,0.15,4.0,0.0,0.35,0.8021711060847014,1.0837499999999998,0.9558886051860883,0.51,0.0,0.045,,
3305.0,0.7510481341963977,0.9999999999979323,27.94780439824876,3.8452474649336463,0.9744006470699219,0.004742330319617273,0.009496112354247837,0.014599661864267028,0.004866553954755676,0.009733107909511351,3.7468097112707897,9573.087417030461,0.75,0.85,0.75,0.15,4.0,0.0,0.35,0.8021711060847014,1.0837499999999998,0.9558886051860883,0.51,0.0,0.045,,
3315.0,0.7502634406499157,0.9999999999979263,27.953000551687644,3.844254578543959,0.9746523106124662,0.004741055085381311,0.009493490781121494,0.014591974196003896,0.004863991398667966,0.009727982797335931,3.7468097112707897,9560.616178139686,0.75,0.85,0.75,0.15,4.0,0.0,0.35,0.8021711060847014,1.0837499999999998,0.9558886051860883,0.51,0.0,0.045,,
3325.0,0.7494785443791444,0.9999999999979203,27.958181120434496,3.843261573835592,0.9749041342002925,0.004739787268739415,0.009490884164384178,0.01458431091164472,0.00486143697054824,0.00972287394109648,3.7468097112707897,9548.14722787784,0.75,0.85,0.75,0.15,4.0,0.0,0.35,0.8021711060847014,1.0837499999999998,0.9558886051860883,0.51,0.0,0.045,,
3335.0,0.7486934452551337,0.9999999999979143,27.96334615209303,3.8422684508074334,0.9751561179809908,0.004738526866482088,0.009488292496719852,0.014576671984102216,0.0048588906613674055,0.009717781322734811,3.7468097112707897,9535.680567525209,0.75,0.85,0.75,0.15,4.0,0.0,0.35,0.8021711060847014,1.0837499999999998,0.9558886051860883,0.51,0.0,0.045,,
3345.0,0.7479081431488147,0.9999999999979083,27.968495694124552,3.8412752094580465,0.9754082621024527,0.004737273875454806,0.009485715770925865,0.014569057386462348,0.004856352462154117,0.009712704924308233,3.7468097112707897,9523.216198361935,0.75,0.85,0.75,0.15,4.0,0.0,0.35,0.8021711060847014,1.0837499999999998,0.9558886051860883,0.51,0.0,0.045,,
3355.0,0.747122637930999,0.9999999999979023,27.97362979384837,3.840281849785666,0.9756605667128143,0.00473602829255789,0.009483153979912687,0.014561467091983601,0.004853822363994534,0.009707644727989068,3.7468097112707897,9510.75412166803,0.75,0.85,0.75,0.15,4.0,0.0,0.35,0.8021711060847014,1.0837499999999998,0.9558886051860883,0.51,0.0,0.045,,
3365.0,0.7463369294723788,0.9999999999978963,27.97874849844224,3.8392883717882063,0.9759130319604873,0.0047347901147462325,0.009480607116703475,0.014553901074096324,0.0048513003580321085,0.009702600716064217,3.7468097112707897,9498.294338723377,0.75,0.85,0.75,0.15,4.0,0.0,0.35,0.8021711060847014,1.0837499999999998,0.9558886051860883,0.51,0.0,0.045,,
3375.0,0.7455510176435269,0.9999999999978904,27.98385185494279,3.838294775463257,0.9761656579941324,0.004733559339029209,0.009478075174433779,0.014546359306402001,0.004848786435467334,0.009697572870934668,3.7468097112707897,9485.836850807756,0.75,0.85,0.75,0.15,4.0,0.0,0.35,0.8021711060847014,1.0837499999999998,0.9558886051860883,0.51,0.0,0.045,,
3385.0,0.7447649023148961,0.9999999999978844,27.988939910245954,3.837301060808084,0.9764184449627191,0.004732335962470663,0.009475558146351247,0.014538841762672615,0.004846280587557539,0.009692561175115078,3.7468097112707897,9473.381659200817,0.75,0.85,0.75,0.15,4.0,0.0,0.35,0.8021711060847014,1.0837499999999998,0.9558886051860883,0.51,0.0,0.045,,
3395.0,0.7439785833568189,0.9999999999978784,27.994012711107395,3.8363072278196326,0.9766713930154388,0.00473111998218846,0.009473056025815213,0.014531348416849919,0.004843782805616639,0.009687565611233278,3.7468097112707897,9460.928765182114,0.75,0.85,0.75,0.15,4.0,0.0,0.35,0.8021711060847014,1.0837499999999998,0.9558886051860883,0.51,0.0,0.045,,
3405.0,0.7431920606395077,0.9999999999978724,27.99907030414294,3.835313276494531,0.9769245023017636,0.004729911395354527,0.009470568806296398,0.014523879243044813,0.004841293081014938,0.009682586162029876,3.7468097112707897,9448.478170031105,0.75,0.85,0.75,0.15,4.0,0.0,0.35,0.8021711060847014,1.0837499999999998,0.9558886051860883,0.51,0.0,0.045,,
3415.0,0.7424053340330544,0.9999999999978664,28.004112735829,3.8343192068290834,0.9771777729714363,0.004728710199194678,0.009468096481376581,0.01451643421553661,0.004838811405178871,0.009677622810357741,3.7468097112707897,9436.029875027149,0.75,0.85,0.75,0.15,4.0,0.0,0.35,0.8021711060847014,1.0837499999999998,0.9558886051860883,0.51,0.0,0.045,,
3425.0,0.7416184034074302,0.9999999999978604,28.009140052503,3.8333250188192762,0.9774312051744664,0.004727516390988436,0.009465639044748272,0.014509013308772427,0.004836337769590809,0.009672675539181618,3.7468097112707897,9423.58388144952,0.75,0.85,0.75,0.15,4.0,0.0,0.35,0.8021711060847014,1.0837499999999998,0.9558886051860883,0.51,0.0,0.045,,
3435.0,0.7408312686324853,0.9999999999978544,28.014152300363797,3.8323307124607795,0.9776847990611348,0.004726329968068886,0.009463196490214364,0.014501616497366473,0.004833872165788824,0.009667744331577648,3.7468097112707897,9411.14019057741,0.75,0.85,0.75,0.15,4.0,0.0,0.35,0.8021711060847014,1.0837499999999998,0.9558886051860883,0.51,0.0,0.045,,
3445.0,0.7400439295779485,0.9999999999978484,28.01914952547211,3.831336287748945,0.9779385547819924,0.0047251509278225835,0.009460768811687852,0.01449424375609941,0.004831414585366469,0.009662829170732938,3.7468097112707897,9398.698803689933,0.75,0.85,0.75,0.15,4.0,0.0,0.35,0.8021711060847014,1.0837499999999998,0.9558886051860883,0.51,0.0,0.045,,
3455.0,0.7392563861134278,0.9999999999978424,28.024131773750934,3.8303417446788086,0.9781924724878616,0.0047239792676893036,0.009458356003191467,0.014486895059917675,0.004828965019972558,0.009657930039945115,3.7468097112707897,9386.259722066145,0.75,0.85,0.75,0.15,4.0,0.0,0.35,0.8021711060847014,1.0837499999999998,0.9558886051860883,0.51,0.0,0.045,,
3465.0,0.7384686381084091,0.9999999999978364,28.029099090985966,3.8293470832450915,0.9784465523297886,0.004722814985161847,0.009455958058857353,0.014479570383932844,0.004826523461310949,0.009653046922621897,3.7468097112707897,9373.82294698503,0.75,0.85,0.75,0.15,4.0,0.0,0.35,0.8021711060847014,1.0837499999999998,0.9558886051860883,0.51,0.0,0.045,,
3475.0,0.7376806854322567,0.9999999999978304,28.03405152282601,3.8283523034422005,0.9787007944591529,0.0047216580777861205,0.009453574972926771,0.014472269703420965,0.004824089901140322,0.009648179802280644,3.7468097112707897,9361.38847972552,0.75,0.85,0.75,0.15,4.0,0.0,0.35,0.8021711060847014,1.0837499999999998,0.9558886051860883,0.51,0.0,0.045,,
3485.0,0.7368925279542129,0.9999999999978244,28.03898911478342,3.827357405264227,0.9789551990275723,0.004720508543160838,0.009451206739749784,0.014464992993821925,0.004821664331273974,0.009643328662547948,3.7468097112707897,9348.956321566488,0.75,0.85,0.75,0.15,4.0,0.0,0.35,0.8021711060847014,1.0837499999999998,0.9558886051860883,0.51,0.0,0.045,,
3495.0,0.7361041655433976,0.9999999999978184,28.04391191223448,3.8263623887049514,0.9792097661869378,0.004719366378937357,0.009448853353784935,0.014457740230738755,0.004819246743579585,0.00963849348715917,3.7468097112707897,9336.52647378677,0.75,0.85,0.75,0.15,4.0,0.0,0.35,0.8021711060847014,1.0837499999999998,0.9558886051860883,0.51,0.0,0.045,,
3505.0,0.7353155980688085,0.9999999999978124,28.048819960419863,3.8253672537578436,0.9794644960893918,0.0047182315828194965,0.009446514809598886,0.01445051138993706,0.00481683712997902,0.00963367425995804,3.7468097112707897,9324.098937665167,0.75,0.85,0.75,0.15,4.0,0.0,0.35,0.8021711060847014,1.0837499999999998,0.9558886051860883,0.51,0.0,0.045,,
3515.0,0.7345268253993203,0.9999999999978064,28.053713304445,3.8243720004160595,0.9797193888873786,0.004717104152563599,0.009444191101866192,0.014443306447344305,0.004814435482448102,0.009628870964896204,3.7468097112707897,9311.673714480436,0.75,0.85,0.75,0.15,4.0,0.0,0.35,0.8021711060847014,1.0837499999999998,0.9558886051860883,0.51,0.0,0.045,,
3525.0,0.7337378474036852,0.9999999999978004,28.058591989280522,3.8233766286724453,0.9799744447336091,0.0047159840859782075,0.009441882225368936,0.014436125379049248,0.004812041793016416,0.009624083586032832,3.7468097112707897,9299.250805511312,0.75,0.85,0.75,0.15,4.0,0.0,0.35,0.8021711060847014,1.0837499999999998,0.9558886051860883,0.51,0.0,0.045,,
3535.0,0.7329486639505318,0.9999999999977944,28.06345605976266,3.8223811385195408,0.9802296637810316,0.004714871380923892,0.009439588174996412,0.014428968161301235,0.004809656053767079,0.009619312107534158,3.7468097112707897,9286.830212036513,0.75,0.85,0.75,0.15,4.0,0.0,0.35,0.8021711060847014,1.0837499999999998,0.9558886051860883,0.51,0.0,0.045,,
3545.0,0.7321592749083659,0.9999999999977884,28.06830556059366,3.821385529949573,0.9804850461829049,0.004713766035313323,0.00943730894574489,0.014421834770509635,0.004807278256836545,0.00961455651367309,3.7468097112707897,9274.411935334734,0.75,0.85,0.75,0.15,4.0,0.0,0.35,0.8021711060847014,1.0837499999999998,0.9558886051860883,0.51,0.0,0.045,,
3555.0,0.7313696801455692,0.9999999999977824,28.073140536342184,3.820389802954464,0.9807405920927228,0.0047126680471108046,0.009435044532717186,0.014414725183243158,0.004804908394414387,0.009609816788828773,3.7468097112707897,9261.99597668467,0.75,0.85,0.75,0.15,4.0,0.0,0.35,0.8021711060847014,1.0837499999999998,0.9558886051860883,0.51,0.0,0.045,,
3565.0,0.7305798795304002,0.9999999999977764,28.07796103144372,3.8193939575258278,0.9809963016643021,0.004711577414332554,0.009432794931122502,0.01440763937622927,0.004802546458743091,0.009605092917486182,3.7468097112707897,9249.582337364996,0.75,0.85,0.75,0.15,4.0,0.0,0.35,0.8021711060847014,1.0837499999999998,0.9558886051860883,0.51,0.0,0.045,,
3575.0,0.7297898729309931,0.9999999999977705,28.08276709020099,3.8183979936549743,0.9812521750516595,0.004710494135046071,0.009430560136275992,0.014400577326353543,0.004800192442117848,0.009600384884235697,3.7468097112707897,9237.171018654415,0.75,0.85,0.75,0.15,4.0,0.0,0.35,0.8021711060847014,1.0837499999999998,0.9558886051860883,0.51,0.0,0.045,,
3585.0,0.7289996602153578,0.9999999999977645,28.087558756784357,3.817401911332904,0.9815082124091471,0.0047094182073704445,0.00942834014359855,0.014393539010659063,0.0047978463368863545,0.009595692673772709,3.7468097112707897,9224.762021831617,0.75,0.85,0.75,0.15,4.0,0.0,0.35,0.8021711060847014,1.0837499999999998,0.9558886051860883,0.51,0.0,0.045,,
3595.0,0.72820924125138,0.9999999999977585,28.09233607523223,3.816405710550317,0.9817644138913594,0.004708349629476013,0.009426134948616528,0.01438652440634578,0.004795508135448593,0.009591016270897186,3.7468097112707897,9212.35534817531,0.75,0.85,0.75,0.15,4.0,0.0,0.35,0.8021711060847014,1.0837499999999998,0.9558886051860883,0.51,0.0,0.045,,
3605.0,0.7274186159068208,0.9999999999977525,28.097099089451447,3.815409391297607,0.9820207796531739,0.004707288399584191,0.009423944546961367,0.014379533490769945,0.004793177830256649,0.009586355660513298,3.7468097112707897,9199.950998964227,0.75,0.85,0.75,0.15,4.0,0.0,0.35,0.8021711060847014,1.0837499999999998,0.9558886051860883,0.51,0.0,0.045,,
3615.0,0.7266277840493162,0.9999999999977465,28.10184784321771,3.8144129535648656,0.9822773098497379,0.0047062345159674095,0.009421768934369341,0.014372566241443447,0.004790855413814483,0.009581710827628966,3.7468097112707897,9187.548975477119,0.75,0.85,0.75,0.15,4.0,0.0,0.35,0.8021711060847014,1.0837499999999998,0.9558886051860883,0.51,0.0,0.045,,
3625.0,0.7258367455463771,0.9999999999977405,28.106582380175947,3.813416397341882,0.9825340046364618,0.004705187976948928,0.009419608106681259,0.014365622636033245,0.004788540878677749,0.009577081757355497,3.7468097112707897,9175.149278992776,0.75,0.85,0.75,0.15,4.0,0.0,0.35,0.8021711060847014,1.0837499999999998,0.9558886051860883,0.51,0.0,0.045,,
3635.0,0.7250455002653894,0.9999999999977345,28.111302743840753,3.812419722618145,0.9827908641690651,0.0047041487809028225,0.009417462059842192,0.014358702652360738,0.00478623421745358,0.00957246843490716,3.7468097112707897,9162.751910790015,0.75,0.85,0.75,0.15,4.0,0.0,0.35,0.8021711060847014,1.0837499999999998,0.9558886051860883,0.51,0.0,0.045,,
3645.0,0.7242540480736133,0.9999999999977285,28.116008977596746,3.8114229293828417,0.9830478886034787,0.004703116926253619,0.009415330789901147,0.014351806268401202,0.004783935422800401,0.009567870845600802,3.7468097112707897,9150.35687214771,0.75,0.85,0.75,0.15,4.0,0.0,0.35,0.8021711060847014,1.0837499999999998,0.9558886051860883,0.51,0.0,0.045,,
3655.0,0.7234623888381833,0.9999999999977225,28.12070112469899,3.8104260176248594,0.9833050780959678,0.004702092411476451,0.009413214293010844,0.014344933462283141,0.004781644487427714,0.009563288974855429,3.7468097112707897,9137.964164344767,0.75,0.85,0.75,0.15,4.0,0.0,0.35,0.8021711060847014,1.0837499999999998,0.9558886051860883,0.51,0.0,0.045,,
3665.0,0.7226705224261079,0.9999999999977165,28.12537922827338,3.8094289873327862,0.9835624328030329,0.00470107523509662,0.009411112565427324,0.014338084212287747,0.004779361404095916,0.009558722808191832,3.7468097112707897,9125.573788660155,0.75,0.85,0.75,0.15,4.0,0.0,0.35,0.8021711060847014,1.0837499999999998,0.9558886051860883,0.51,0.0,0.045,,
3675.0,0.7218784487042693,0.9999999999977105,28.130043331317047,3.8084318384949123,0.983819952881487,0.004700065395689832,0.00940902560350981,0.014331258496848258,0.004777086165616086,0.009554172331232172,3.7468097112707897,9113.185746372901,0.75,0.85,0.75,0.15,4.0,0.0,0.35,0.8021711060847014,1.0837499999999998,0.9558886051860883,0.51,0.0,0.045,,
3685.0,0.7210861675394236,0.9999999999977045,28.134693476698725,3.8074345710992312,0.9840776384883867,0.004699062891881694,0.009406953403720294,0.014324456294549414,0.004774818764849805,0.00954963752969961,3.7468097112707897,9100.8000387621,0.75,0.85,0.75,0.15,4.0,0.0,0.35,0.8021711060847014,1.0837499999999998,0.9558886051860883,0.51,0.0,0.045,,
3695.0,0.7202936787981998,0.9999999999976985,28.139329707159174,3.8064371851334355,0.9843354897810773,0.0046980677223478285,0.009404895962623347,0.014317677584126838,0.004772559194708946,0.009545118389417892,3.7468097112707897,9088.416667106902,0.75,0.85,0.75,0.15,4.0,0.0,0.35,0.8021711060847014,1.0837499999999998,0.9558886051860883,0.51,0.0,0.045,,
3705.0,0.7195009823471006,0.9999999999976925,28.143952065311545,3.8054396805849273,0.9845935069171716,0.004697079885813607,0.009402853276885767,0.01431092234446648,0.004770307448155493,0.009540614896310987,3.7468097112707897,9076.035632686555,0.75,0.85,0.75,0.15,4.0,0.0,0.35,0.8021711060847014,1.0837499999999998,0.9558886051860883,0.51,0.0,0.045,,
3715.0,0.7187080780525011,0.9999999999976865,28.148560593641793,3.80444205744081,0.9848516900545478,0.004696099381054089,0.009400825343276352,0.014304190554604003,0.004768063518201334,0.009536127036402667,3.7468097112707897,9063.656936780373,0.75,0.85,0.75,0.15,4.0,0.0,0.35,0.8021711060847014,1.0837499999999998,0.9558886051860883,0.51,0.0,0.045,,
3725.0,0.7179149657806496,0.9999999999976805,28.15315533450904,3.803444315687891,0.9851100393514197,0.00469512620689407,0.009398812158665665,0.014297482193724252,0.004765827397908084,0.009531654795816169,3.7468097112707897,9051.280580667757,0.75,0.85,0.75,0.15,4.0,0.0,0.35,0.8021711060847014,1.0837499999999998,0.9558886051860883,0.51,0.0,0.045,,
3735.0,0.7171216453976665,0.9999999999976745,28.157736330145987,3.8024464553126887,0.9853685549661959,0.004694160362207477,0.009396813720025632,0.014290797241160638,0.00476359908038688,0.00952719816077376,3.7468097112707897,9038.90656562822,0.75,0.85,0.75,0.15,4.0,0.0,0.35,0.8021711060847014,1.0837499999999998,0.9558886051860883,0.51,0.0,0.045,,
3745.0,0.7163281167695447,0.9999999999976685,28.162303622659277,3.801448476301423,0.9856272370576123,0.0046932018459177405,0.00939483002442939,0.014284135676394586,0.004761378558798195,0.00952275711759639,3.7468097112707897,9026.534892941349,0.75,0.85,0.75,0.15,4.0,0.0,0.35,0.8021711060847014,1.0837499999999998,0.9558886051860883,0.51,0.0,0.045,,
3755.0,0.715534379762149,0.9999999999976625,28.166857254029885,3.8004503786400248,0.9858860857846823,0.0046922506569974844,0.009392861069051,0.014277497479054971,0.0047591658263516565,0.009518331652703313,3.7468097112707897,9014.165563886847,0.75,0.85,0.75,0.15,4.0,0.0,0.35,0.8021711060847014,1.0837499999999998,0.9558886051860883,0.51,0.0,0.045,,
3765.0,0.7147404342412159,0.9999999999976565,28.171397266113527,3.79945216231413,0.9861451013066752,0.004691306794468249,0.009390906851165092,0.01427088262891754,0.0047569608763058475,0.009513921752611695,3.7468097112707897,9001.798579744522,0.75,0.85,0.75,0.15,4.0,0.0,0.35,0.8021711060847014,1.0837499999999998,0.9558886051860883,0.51,0.0,0.045,,
3775.0,0.7139462800723538,0.9999999999976505,28.175923700641,3.7984538273090878,0.9864042837831583,0.004690370257400643,0.009388967368146707,0.01426429110590436,0.00475476370196812,0.00950952740393624,3.7468097112707897,8989.4339417943,0.75,0.85,0.75,0.15,4.0,0.0,0.35,0.8021711060847014,1.0837499999999998,0.9558886051860883,0.51,0.0,0.045,,
3785.0,0.7131519171210422,0.9999999999976446,28.180436599218595,3.797455373609954,0.9866636333739601,0.004689441044914023,0.00938704261747099,0.01425772289008325,0.004752574296694418,0.009505148593388836,3.7468097112707897,8977.071651316224,0.75,0.85,0.75,0.15,4.0,0.0,0.35,0.8021711060847014,1.0837499999999998,0.9558886051860883,0.51,0.0,0.045,,
3795.0,0.712357345252632,0.9999999999976386,28.18493600332846,3.796456801201494,0.9869231502392125,0.004688519156176457,0.009385132596712897,0.014251177961667229,0.0047503926538890765,0.009500785307778153,3.7468097112707897,8964.711709590463,0.75,0.85,0.75,0.15,4.0,0.0,0.35,0.8021711060847014,1.0837499999999998,0.9558886051860883,0.51,0.0,0.045,,
3805.0,0.7115625643323447,0.9999999999976326,28.189421954328992,3.795458110068187,0.9871828345392815,0.00468760459040453,0.009383237303546975,0.014244656301013958,0.004748218767004654,0.009496437534009307,3.7468097112707897,8952.354117897321,0.75,0.85,0.75,0.15,4.0,0.0,0.35,0.8021711060847014,1.0837499999999998,0.9558886051860883,0.51,0.0,0.045,,
3815.0,0.7107675742252726,0.9999999999976266,28.193894493455204,3.794459300194222,0.9874426864348719,0.004686697346863393,0.009381356735747106,0.014238157888625185,0.004746052629541728,0.009492105259083457,3.7468097112707897,8939.99887751723,0.75,0.85,0.75,0.15,4.0,0.0,0.35,0.8021711060847014,1.0837499999999998,0.9558886051860883,0.51,0.0,0.045,,
3825.0,0.7099723747963785,0.9999999999976206,28.19835366181911,3.793460371563501,0.9877027060869258,0.00468579742486641,0.0093794908911862,0.014231682705146216,0.004743894235048739,0.009487788470097479,3.7468097112707897,8927.645989730767,0.75,0.85,0.75,0.15,4.0,0.0,0.35,0.8021711060847014,1.0837499999999998,0.9558886051860883,0.51,0.0,0.045,,
3835.0,0.7091769659104955,0.9999999999976146,28.202799500410087,3.792461324159639,0.9879628936566823,0.004684904823775225,0.00937763976783599,0.014225230731365328,0.004741743577121777,0.009483487154243554,3.7468097112707897,8915.295455818661,0.75,0.85,0.75,0.15,4.0,0.0,0.35,0.8021711060847014,1.0837499999999998,0.9558886051860883,0.51,0.0,0.045,,
3845.0,0.7083813474323266,0.9999999999976086,28.207232050095268,3.791462157965964,0.9882232493056511,0.004684019542999558,0.009375803363766755,0.014218801948213284,0.004739600649404429,0.009479201298808857,3.7468097112707897,8902.947277061781,0.75,0.85,0.75,0.15,4.0,0.0,0.35,0.8021711060847014,1.0837499999999998,0.9558886051860883,0.51,0.0,0.045,,
3855.0,0.7075855192264446,0.9999999999976026,28.211651351619896,3.79046287296552,0.9884837731956421,0.0046831415819971085,0.009373981677147052,0.014212396336762724,0.004737465445587575,0.00947493089117515,3.7468097112707897,8890.60145474117,0.75,0.85,0.75,0.15,4.0,0.0,0.35,0.8021711060847014,1.0837499999999998,0.9558886051860883,0.51,0.0,0.045,,
3865.0,0.7067894811572921,0.9999999999975966,28.21605744560771,3.789463469141065,0.9887444654887076,0.004682270940273378,0.009372174706243472,0.014206013878227695,0.004735337959409233,0.009470675918818465,3.7468097112707897,8878.257990138021,0.75,0.85,0.75,0.15,4.0,0.0,0.35,0.8021711060847014,1.0837499999999998,0.9558886051860883,0.51,0.0,0.045,,
3875.0,0.7059932330891805,0.9999999999975906,28.22045037256131,3.788463946475073,0.9890053263472334,0.004681407617381747,0.009370382449420431,0.014199654553963052,0.004733218184654351,0.009466436369308702,3.7468097112707897,8865.9168845337,0.75,0.85,0.75,0.15,4.0,0.0,0.35,0.8021711060847014,1.0837499999999998,0.9558886051860883,0.51,0.0,0.045,,
3885.0,0.7051967748862907,0.9999999999975846,28.224830172862525,3.787464304949734,0.9892663559338494,0.004680551612923136,0.00936860490513987,0.014193318345463984,0.0047311061151546615,0.009462212230309323,3.7468097112707897,8853.57813920974,0.75,0.85,0.75,0.15,4.0,0.0,0.35,0.8021711060847014,1.0837499999999998,0.9558886051860883,0.51,0.0,0.045,,
3895.0,0.7044001064126727,0.9999999999975786,28.229196886772797,3.7864645445469565,0.98952755441149,0.004679702926546026,0.009366842071961042,0.014187005234365427,0.004729001744788477,0.009458003489576953,3.7468097112707897,8841.241755447865,0.75,0.85,0.75,0.15,4.0,0.0,0.35,0.8021711060847014,1.0837499999999998,0.9558886051860883,0.51,0.0,0.045,,
3905.0,0.7036032275322446,0.9999999999975726,28.23355055443352,3.785464665248365,0.9897889219433512,0.004678861557946244,0.009365093948540223,0.014180715202441588,0.00472690506748053,0.00945381013496106,3.7468097112707897,8828.907734529968,0.75,0.85,0.75,0.15,4.0,0.0,0.35,0.8021711060847014,1.0837499999999998,0.9558886051860883,0.51,0.0,0.045,,
3915.0,0.7028061381087931,0.9999999999975666,28.237891215866433,3.7844646670353037,0.9900504586929185,0.004678027506866915,0.009363360533630493,0.014174448231605366,0.004724816077201789,0.009449632154403578,3.7468097112707897,8816.576077738147,0.75,0.85,0.75,0.15,4.0,0.0,0.35,0.8021711060847014,1.0837499999999998,0.9558886051860883,0.51,0.0,0.045,,
3925.0,0.7020088380059732,0.9999999999975606,28.242218910973964,3.7834645498888344,0.9903121648239857,0.00467720077309846,0.009361641826081532,0.014168204303907904,0.004722734767969301,0.009445469535938602,3.7468097112707897,8804.246786354679,0.75,0.85,0.75,0.15,4.0,0.0,0.35,0.8021711060847014,1.0837499999999998,0.9558886051860883,0.51,0.0,0.045,,
3935.0,0.7012113270873082,0.9999999999975546,28.24653367953962,3.782464313789739,0.9905740405005912,0.0046763813564782136,0.009359937824839303,0.014161983401537976,0.004720661133845992,0.009441322267691983,3.7468097112707897,8791.91986166205,0.75,0.85,0.75,0.15,4.0,0.0,0.35,0.8021711060847014,1.0837499999999998,0.9558886051860883,0.51,0.0,0.045,,
3945.0,0.7004136052161882,0.9999999999975486,28.250835561228325,3.781463958718523,0.9908360858870818,0.004675569256890584,0.009358248528945888,0.014155785506821558,0.0047185951689405195,0.009437190337881039,3.7468097112707897,8779.59530494295,0.75,0.85,0.75,0.15,4.0,0.0,0.35,0.8021711060847014,1.0837499999999998,0.9558886051860883,0.51,0.0,0.045,,
3955.0,0.6996156722558718,0.9999999999975426,28.255124595586796,3.780463484655407,0.9910983011480949,0.00467476447426678,0.009356573937539183,0.014149610602221242,0.004716536867407081,0.009433073734814163,3.7468097112707897,8767.27311748027,0.75,0.85,0.75,0.15,4.0,0.0,0.35,0.8021711060847014,1.0837499999999998,0.9558886051860883,0.51,0.0,0.045,,
3965.0,0.6988175280694845,0.9999999999975366,28.259400822043894,3.779462891580337,0.9913606864485145,0.004673967008584712,0.009354914049852702,0.01414345867033578,0.004714486223445259,0.009428972446890518,3.7468097112707897,8754.953300557128,0.75,0.85,0.75,0.15,4.0,0.0,0.35,0.8021711060847014,1.0837499999999998,0.9558886051860883,0.51,0.0,0.045,,
3975.0,0.6980191725200184,0.9999999999975306,28.263664279911,3.7784621794729802,0.9916232419535764,0.004673176859869065,0.009353268865215352,0.014137329693899523,0.0047124432312998414,0.009424886462599683,3.7468097112707897,8742.63585545685,0.75,0.85,0.75,0.15,4.0,0.0,0.35,0.8021711060847014,1.0837499999999998,0.9558886051860883,0.51,0.0,0.045,,
3985.0,0.6972206054703333,0.9999999999975246,28.267915008382364,3.7774613483127273,0.9918859678287307,0.004672394028190875,0.009351638383051157,0.014131223655781972,0.004710407885260657,0.009420815770521314,3.7468097112707897,8730.320783463003,0.75,0.85,0.75,0.15,4.0,0.0,0.35,0.8021711060847014,1.0837499999999998,0.9558886051860883,0.51,0.0,0.045,,
3995.0,0.6964218267831548,0.9999999999975187,28.272153046535447,3.7764603980786906,0.9921488642397475,0.004671618513667666,0.009350022602879045,0.014125140538987203,0.004708380179662402,0.009416760359324804,3.7468097112707897,8718.008085859363,0.75,0.85,0.75,0.15,4.0,0.0,0.35,0.8021711060847014,1.0837499999999998,0.9558886051860883,0.51,0.0,0.045,,
4005.0,0.6956228363210752,0.9999999999975127,28.276378433331313,3.775459328749709,0.9924119313527032,0.004670850316463346,0.009348421524312643,0.014119080326653438,0.004706360108884478,0.009412720217768957,3.7468097112707897,8705.697763929962,0.75,0.85,0.75,0.15,4.0,0.0,0.35,0.8021711060847014,1.0837499999999998,0.9558886051860883,0.51,0.0,0.045,,
4015.0,0.694823633946553,0.9999999999975067,28.28059120761495,3.7744581403043416,0.9926751693339294,0.004670089436787969,0.00934683514706004,0.01411304300205248,0.004704347667350828,0.009408695334701655,3.7468097112707897,8693.389818959055,0.75,0.85,0.75,0.15,4.0,0.0,0.35,0.8021711060847014,1.0837499999999998,0.9558886051860883,0.51,0.0,0.045,,
4025.0,0.6940242195219124,0.9999999999975007,28.284791408115648,3.7734568327208797,0.9929385783500467,0.004669335874897622,0.009345263470923494,0.014107028548589274,0.004702342849529758,0.009404685699059516,3.7468097112707897,8681.084252231154,0.75,0.85,0.75,0.15,4.0,0.0,0.35,0.8021711060847014,1.0837499999999998,0.9558886051860883,0.51,0.0,0.045,,
4035.0,0.6932245929093435,0.9999999999974947,28.288979073447337,3.772455405977334,0.9932021585679757,0.004668589631094478,0.009343706495799284,0.01410103694980135,0.004700345649933784,0.009400691299867567,3.7468097112707897,8668.78106503102,0.75,0.85,0.75,0.15,4.0,0.0,0.35,0.8021711060847014,1.0837499999999998,0.9558886051860883,0.51,0.0,0.045,,
4045.0,0.6924247539709015,0.9999999999974887,28.293154242108955,3.771453860051445,0.9934659101549232,0.004667850705726622,0.009342164221677484,0.014095068189358396,0.004698356063119465,0.00939671212623893,3.7468097112707897,8656.480258643664,0.75,0.85,0.75,0.15,4.0,0.0,0.35,0.8021711060847014,1.0837499999999998,0.9558886051860883,0.51,0.0,0.045,,
4055.0,0.6916247025685072,0.9999999999974827,28.297316952484785,3.770452194920678,0.9937298332783613,0.004667119099187804,0.009340636648641666,0.014089122251061709,0.0046963740836872365,0.009392748167374473,3.7468097112707897,8644.181834354362,0.75,0.85,0.75,0.15,4.0,0.0,0.35,0.8021711060847014,1.0837499999999998,0.9558886051860883,0.51,0.0,0.045,,
4065.0,0.690824438563946,0.9999999999974767,28.301467242844808,3.7694504105622273,0.9939939281061246,0.004666394811917694,0.00933912377686878,0.014083199118843752,0.0046943997062812515,0.009388799412562503,3.7468097112707897,8631.885793448651,0.75,0.85,0.75,0.15,4.0,0.0,0.35,0.8021711060847014,1.0837499999999998,0.9558886051860883,0.51,0.0,0.045,,
4075.0,0.6900239618188684,0.9999999999974707,28.30560515134506,3.7684485069530176,0.9942581948062141,0.004665677844401255,0.009337625606628847,0.014077298776767635,0.004692432925589212,0.009384865851178424,3.7468097112707897,8619.592137212348,0.75,0.85,0.75,0.15,4.0,0.0,0.35,0.8021711060847014,1.0837499999999998,0.9558886051860883,0.51,0.0,0.045,,
4085.0,0.6892232721947891,0.9999999999974647,28.30973071602797,3.7674464840696964,0.9945226335470527,0.0046649681971692135,0.009336142138284783,0.01407142120902667,0.004690473736342224,0.009380947472684448,3.7468097112707897,8607.300866931535,0.75,0.85,0.75,0.15,4.0,0.0,0.35,0.8021711060847014,1.0837499999999998,0.9558886051860883,0.51,0.0,0.045,,
4095.0,0.6884223695530871,0.9999999999974587,28.31384397482272,3.766444341888646,0.994787244497258,0.004664265870797502,0.009334673372292176,0.014065566399943835,0.0046885221333146125,0.009377044266629225,3.7468097112707897,8595.01198389258,0.75,0.85,0.75,0.15,4.0,0.0,0.35,0.8021711060847014,1.0837499999999998,0.9558886051860883,0.51,0.0,0.045,,
4105.0,0.6876212537550056,0.9999999999974527,28.317944965545575,3.7654420803859763,0.9950520278257534,0.0046635708659073655,0.00933321930919906,0.014059734333971367,0.004686578111323789,0.009373156222647578,3.7468097112707897,8582.725489382132,0.75,0.85,0.75,0.15,4.0,0.0,0.35,0.8021711060847014,1.0837499999999998,0.9558886051860883,0.51,0.0,0.045,,
4115.0,0.6868199246616515,0.9999999999974467,28.32203372590024,3.7644396995375278,0.9953169837018112,0.004662883183165345,0.009331779949645713,0.014053924995690208,0.00468464166523007,0.00936928333046014,3.7468097112707897,8570.441384687132,0.75,0.85,0.75,0.15,4.0,0.0,0.35,0.8021711060847014,1.0837499999999998,0.9558886051860883,0.51,0.0,0.045,,
4125.0,0.6860183821339952,0.9999999999974407,28.326110293478198,3.7634371993188718,0.9955821122949419,0.004662202823283012,0.009330355294364455,0.014048138369809603,0.004682712789936535,0.00936542557987307,3.7468097112707897,8558.159671094822,0.75,0.85,0.75,0.15,4.0,0.0,0.35,0.8021711060847014,1.0837499999999998,0.9558886051860883,0.51,0.0,0.045,,
4135.0,0.6852166260328706,0.9999999999974347,28.33017470575906,3.7624345797053134,0.9958474137749193,0.004661529787016757,0.009328945344179346,0.014042374441166572,0.004680791480388856,0.009361582960777713,3.7468097112707897,8545.880349892734,0.75,0.85,0.75,0.15,4.0,0.0,0.35,0.8021711060847014,1.0837499999999998,0.9558886051860883,0.51,0.0,0.045,,
4145.0,0.6844146562189746,0.9999999999974287,28.334227000110893,3.7614318406718854,0.9961128883118927,0.00466086407516819,0.009327550100006132,0.014036633194725489,0.004678877731575163,0.009357755463150326,3.7468097112707897,8533.603422368713,0.75,0.85,0.75,0.15,4.0,0.0,0.35,0.8021711060847014,1.0837499999999998,0.9558886051860883,0.51,0.0,0.045,,
4155.0,0.683612472552867,0.9999999999974227,28.33826721379058,3.7604289821933583,0.9963785360762534,0.004660205688583555,0.009326169562851936,0.014030914615577574,0.004676971538525857,0.009353943077051714,3.7468097112707897,8521.328889810913,0.75,0.85,0.75,0.15,4.0,0.0,0.35,0.8021711060847014,1.0837499999999998,0.9558886051860883,0.51,0.0,0.045,,
4165.0,0.68281007489497,0.9999999999974167,28.34229538394414,3.7594260042442307,0.9966443572386833,0.004659554628153743,0.009324803733815026,0.014025218688940461,0.004675072896313487,0.009350145792626973,3.7468097112707897,8509.056753507792,0.75,0.85,0.75,0.15,4.0,0.0,0.35,0.8021711060847014,1.0837499999999998,0.9558886051860883,0.51,0.0,0.045,,
4175.0,0.6820074631055687,0.9999999999974107,28.346311547607083,3.7584229067987396,0.9969103519701629,0.004658910894814364,0.009323452614084697,0.014019545400157705,0.004673181800052569,0.009346363600105137,3.7468097112707897,8496.787014748146,0.75,0.85,0.75,0.15,4.0,0.0,0.35,0.8021711060847014,1.0837499999999998,0.9558886051860883,0.51,0.0,0.045,,
4185.0,0.6812046370448099,0.9999999999974047,28.35031574170474,3.757419689830854,0.997176520441973,0.004658274489545438,0.009322116204940957,0.014013894734698355,0.004671298244899452,0.009342596489798904,3.7468097112707897,8484.519674821082,0.75,0.85,0.75,0.15,4.0,0.0,0.35,0.8021711060847014,1.0837499999999998,0.9558886051860883,0.51,0.0,0.045,,
4195.0,0.6804015965727024,0.9999999999973987,28.3543080030526,3.7564163533142763,0.9974428628256858,0.0046576454133715585,0.009320794507754459,0.014008266678156467,0.0046694222260521565,0.009338844452104313,3.7468097112707897,8472.254735016033,0.75,0.85,0.75,0.15,4.0,0.0,0.35,0.8021711060847014,1.0837499999999998,0.9558886051860883,0.51,0.0,0.045,,
4205.0,0.6795983415491168,0.9999999999973928,28.358288368356646,3.755412897222449,0.9977093792931664,0.004657023667361505,0.00931948752398617,0.014002661216250682,0.004667553738750227,0.009335107477500455,3.7468097112707897,8459.992196622785,0.75,0.85,0.75,0.15,4.0,0.0,0.35,0.8021711060847014,1.0837499999999998,0.9558886051860883,0.51,0.0,0.045,,
4215.0,0.6787948718337851,0.9999999999973868,28.362256874213692,3.754409321528545,0.9979760700165805,0.004656409252628384,0.009318195255187248,0.013997078334823724,0.004665692778274574,0.009331385556549148,3.7468097112707897,8447.73206093144,0.75,0.85,0.75,0.15,4.0,0.0,0.35,0.8021711060847014,1.0837499999999998,0.9558886051860883,0.51,0.0,0.045,,
4225.0,0.6779911872863005,0.9999999999973808,28.366213557111717,3.7534056262054776,0.998242935168379,0.004655802170329399,0.009316917702998806,0.013991518019842006,0.004663839339947335,0.00932767867989467,3.7468097112707897,8435.474329232457,0.75,0.85,0.75,0.15,4.0,0.0,0.35,0.8021711060847014,1.0837499999999998,0.9558886051860883,0.51,0.0,0.045,,
4235.0,0.6771872877661171,0.9999999999973748,28.370158453430193,3.7524018112258952,0.9985099749213053,0.004655202421665798,0.009315654869151724,0.013985980257395128,0.00466199341913171,0.00932398683826342,3.7468097112707897,8423.219002816642,0.75,0.85,0.75,0.15,4.0,0.0,0.35,0.8021711060847014,1.0837499999999998,0.9558886051860883,0.51,0.0,0.045,,
4245.0,0.6763831731325499,0.9999999999973688,28.37409159944042,3.751397876562183,0.9987771894484112,0.004654610007882857,0.009314406755466473,0.013980465033695487,0.00466015501123183,0.00932031002246366,3.7468097112707897,8410.96608297515,0.75,0.85,0.75,0.15,4.0,0.0,0.35,0.8021711060847014,1.0837499999999998,0.9558886051860883,0.51,0.0,0.045,,
4255.0,0.6755788432447742,0.9999999999973628,28.378013031305862,3.7503938221864663,0.9990445789230492,0.004654024930269681,0.009313173363852876,0.013974972335077763,0.004658324111692588,0.009316648223385175,3.7468097112707897,8398.715570999497,0.75,0.85,0.75,0.15,4.0,0.0,0.35,0.8021711060847014,1.0837499999999998,0.9558886051860883,0.51,0.0,0.045,,
4265.0,0.6747742979618258,0.9999999999973568,28.381922785082462,3.7493896480706086,0.9993121435188392,0.0046534471901591296,0.009311954696309943,0.013969502147998554,0.004656500715999518,0.009313001431999037,3.7468097112707897,8386.467468181567,0.75,0.85,0.75,0.15,4.0,0.0,0.35,0.8021711060847014,1.0837499999999998,0.9558886051860883,0.51,0.0,0.045,,
4275.0,0.6739695371426001,0.9999999999973508,28.385820896718993,3.7483853541862104,0.9995798834097407,0.004652876788927838,0.009310750754925677,0.013964054459035863,0.004654684819678622,0.009309369639357244,3.7468097112707897,8374.221775813598,0.75,0.85,0.75,0.15,4.0,0.0,0.35,0.8021711060847014,1.0837499999999998,0.9558886051860883,0.51,0.0,0.045,,
4285.0,0.6731645606458527,0.9999999999973448,28.389707402057358,3.747380940504612,0.9998477987699556,0.00465231372799595,0.009309561541876874,0.013958629254888727,0.0046528764182962425,0.009305752836592485,3.7468097112707897,8361.978495188208,0.75,0.85,0.75,0.15,4.0,0.0,0.35,0.8021711060847014,1.0837499999999998,0.9558886051860883,0.51,0.0,0.045,,
4295.0,0.6723593683301985,0.9999999999973388,28.393582336832942,3.7463764069968963,1.0001158897740632,0.004651758008827309,0.00930838705942897,0.013953226522376716,0.004651075507458905,0.00930215101491781,3.7468097112707897,8349.737627598397,0.75,0.85,0.75,0.15,4.0,0.0,0.35,0.8021711060847014,1.0837499999999998,0.9558886051860883,0.51,0.0,0.045,,
4305.0,0.6715539600541117,0.9999999999973328,28.39744573667493,3.745371753633884,1.00038415659686,0.004651209632928961,0.009307227309935762,0.013947846248439566,0.004649282082813188,0.009298564165626376,3.7468097112707897,8337.499174337536,0.75,0.85,0.75,0.15,4.0,0.0,0.35,0.8021711060847014,1.0837499999999998,0.9558886051860883,0.51,0.0,0.045,,
4315.0,0.6707483356759258,0.9999999999973268,28.40129763710662,3.744366980386137,1.0006525994134938,0.004650668601851472,0.009306082295839315,0.013942488420136685,0.004647496140045561,0.009294992280091122,3.7468097112707897,8325.263136699385,0.75,0.85,0.75,0.15,4.0,0.0,0.35,0.8021711060847014,1.0837499999999998,0.9558886051860883,0.51,0.0,0.045,,
4325.0,0.6699424950538329,0.9999999999973208,28.40513807354576,3.7433620872239612,1.0009212183993839,0.00465013491718859,0.009304952019669724,0.01393715302464677,0.0046457176748822574,0.009291435349764515,3.7468097112707897,8313.029515978105,0.75,0.85,0.75,0.15,4.0,0.0,0.35,0.8021711060847014,1.0837499999999998,0.9558886051860883,0.51,0.0,0.045,,
4335.0,0.6691364380458834,0.9999999999973148,28.40896708130487,3.742357074117401,1.001190013730288,0.004649608580577343,0.00930383648404497,0.013931840049267357,0.0046439466830891195,0.009287893366178239,3.7468097112707897,8300.798313468236,0.75,0.85,0.75,0.15,4.0,0.0,0.35,0.8021711060847014,1.0837499999999998,0.9558886051860883,0.51,0.0,0.045,,
4345.0,0.6683301645099866,0.9999999999973088,28.412784695591558,3.741351941036245,1.0014589855821787,0.004649089593697588,0.009302735691670626,0.013926549481414408,0.0046421831604714706,0.009284366320942941,3.7468097112707897,8288.569530464729,0.75,0.85,0.75,0.15,4.0,0.0,0.35,0.8021711060847014,1.0837499999999998,0.9558886051860883,0.51,0.0,0.045,,
4355.0,0.6675236743039096,0.9999999999973028,28.416590951508848,3.740346687950024,1.0017281341314526,0.004648577958272573,0.009301649645339851,0.013921281308621861,0.004640427102873954,0.009280854205747908,3.7468097112707897,8276.343168262936,0.75,0.85,0.75,0.15,4.0,0.0,0.35,0.8021711060847014,1.0837499999999998,0.9558886051860883,0.51,0.0,0.045,,
4365.0,0.6667169672852772,0.9999999999972968,28.42038588405549,3.739341314828014,1.0019974595547065,0.004648073676068204,0.009300578347933072,0.013916035518541264,0.004638678506180422,0.009277357012360843,3.7468097112707897,8264.119228158625,0.75,0.85,0.75,0.15,4.0,0.0,0.35,0.8021711060847014,1.0837499999999998,0.9558886051860883,0.51,0.0,0.045,,
4375.0,0.665910043311572,0.9999999999972908,28.4241695281263,3.738335821639233,1.0022669620288733,0.004647576748893246,0.009299521802417807,0.013910812098941277,0.004636937366313759,0.009273874732627517,3.7468097112707897,8251.897711447964,0.75,0.85,0.75,0.15,4.0,0.0,0.35,0.8021711060847014,1.0837499999999998,0.9558886051860883,0.51,0.0,0.045,,
4385.0,0.6651029022401339,0.9999999999972848,28.42794191851244,3.737330208352443,1.0025366417311843,0.004647087178599325,0.00929848001184858,0.013905611037707344,0.004635203679235781,0.009270407358471563,3.7468097112707897,8239.678619427556,0.75,0.85,0.75,0.15,4.0,0.0,0.35,0.8021711060847014,1.0837499999999998,0.9558886051860883,0.51,0.0,0.045,,
4395.0,0.66429554392816,0.9999999999972788,28.43170308990177,3.736324474936152,1.0028064988392105,0.00464660496708077,0.009297452979366676,0.013900432322841196,0.004633477440947066,0.009266954881894131,3.7468097112707897,8227.461953394415,0.75,0.85,0.75,0.15,4.0,0.0,0.35,0.8021711060847014,1.0837499999999998,0.9558886051860883,0.51,0.0,0.045,,
4405.0,0.6634879682327043,0.9999999999972728,28.43545307687916,3.7353186213586125,1.0030765335307623,0.004646130116274387,0.009296440708199964,0.013895275942460511,0.004631758647486836,0.009263517294973673,3.7468097112707897,8215.247714645986,0.75,0.85,0.75,0.15,4.0,0.0,0.35,0.8021711060847014,1.0837499999999998,0.9558886051860883,0.51,0.0,0.045,,
4415.0,0.6626801750106771,0.9999999999972669,28.439191913926788,3.7343126475878234,1.0033467459839926,0.004645662628159564,0.009295443201662729,0.013890141884798429,0.00463004729493281,0.00926009458986562,3.7468097112707897,8203.035904480152,0.75,0.85,0.75,0.15,4.0,0.0,0.35,0.8021711060847014,1.0837499999999998,0.9558886051860883,0.51,0.0,0.045,,
4425.0,0.6618721641188454,0.9999999999972609,28.442919635424467,3.7333065535915293,1.0036171363773447,0.004645202504758115,0.0092944604631555,0.013885030138203226,0.004628343379401076,0.009256686758802151,3.7468097112707897,8190.826524195223,0.75,0.85,0.75,0.15,4.0,0.0,0.35,0.8021711060847014,1.0837499999999998,0.9558886051860883,0.51,0.0,0.045,,
4435.0,0.6610639354138322,0.9999999999972549,28.446636275649958,3.732300339337221,1.0038877048895916,0.004644749748134296,0.009293492496164906,0.013879940691137817,0.004626646897045939,0.009253293794091878,3.7468097112707897,8178.6195750899615,0.75,0.85,0.75,0.15,4.0,0.0,0.35,0.8021711060847014,1.0837499999999998,0.9558886051860883,0.51,0.0,0.045,,
4445.0,0.6602554887521167,0.9999999999972489,28.450341868779276,3.731294004792137,1.0041584516997673,0.004644304360394498,0.009292539304263436,0.01387487353217944,0.004624957844059813,0.009249915688119626,3.7468097112707897,8166.415058463569,0.75,0.85,0.75,0.15,4.0,0.0,0.35,0.8021711060847014,1.0837499999999998,0.9558886051860883,0.51,0.0,0.045,,
4455.0,0.6594468239900332,0.9999999999972429,28.454036448887006,3.730287549923262,1.0044293769872539,0.004643866343687454,0.009291600891109343,0.013869828650019176,0.004623276216673059,0.009246552433346118,3.7468097112707897,8154.212975615694,0.75,0.85,0.75,0.15,4.0,0.0,0.35,0.8021711060847014,1.0837499999999998,0.9558886051860883,0.51,0.0,0.045,,
4465.0,0.6586379409837717,0.9999999999972369,28.457720049946612,3.7292809746973314,1.004700480931713,0.004643435700203952,0.009290677260446426,0.01386480603346161,0.004621602011153871,0.009243204022307742,3.7468097112707897,8142.013327846452,0.75,0.85,0.75,0.15,4.0,0.0,0.35,0.8021711060847014,1.0837499999999998,0.9558886051860883,0.51,0.0,0.045,,
4475.0,0.6578288395893775,0.9999999999972309,28.46139270583075,3.728274279080826,1.0049717637131077,0.004643012432176817,0.009289768416103877,0.013859805671424388,0.0046199352238081295,0.009239870447616259,3.7468097112707897,8129.816116456406,0.75,0.85,0.75,0.15,4.0,0.0,0.35,0.8021711060847014,1.0837499999999998,0.9558886051860883,0.51,0.0,0.045,,
4485.0,0.6570195196627506,0.9999999999972249,28.465054450311573,3.7272674630399765,1.0052432255117314,0.004642596541880894,0.009288874361996114,0.013854827552937843,0.004618275850979282,0.009236551701958563,3.7468097112707897,8117.621342746593,0.75,0.85,0.75,0.15,4.0,0.0,0.35,0.8021711060847014,1.0837499999999998,0.9558886051860883,0.51,0.0,0.045,,
4495.0,0.6562099810596457,0.9999999999972189,28.468705317061037,3.726260526540763,1.0055148665081788,0.004642188031632944,0.00928799510212263,0.013849871667144593,0.004616623889048198,0.009233247778096396,3.7468097112707897,8105.429008018509,0.75,0.85,0.75,0.15,4.0,0.0,0.35,0.8021711060847014,1.0837499999999998,0.9558886051860883,0.51,0.0,0.045,,
4505.0,0.6554002236356719,0.9999999999972129,28.472345339651216,3.7252534695489143,1.0057866868833292,0.004641786903791474,0.0092871306405678,0.013844938003299155,0.0046149793344330515,0.009229958668866103,3.7468097112707897,8093.239113574128,0.75,0.85,0.75,0.15,4.0,0.0,0.35,0.8021711060847014,1.0837499999999998,0.9558886051860883,0.51,0.0,0.045,,
4515.0,0.6545902472462924,0.9999999999972069,28.475974551554597,3.724246292029911,1.0060586868183974,0.00464139316075678,0.009286280981500715,0.013840026550767527,0.004613342183589176,0.009226684367178353,3.7468097112707897,8081.051660715907,0.75,0.85,0.75,0.15,4.0,0.0,0.35,0.8021711060847014,1.0837499999999998,0.9558886051860883,0.51,0.0,0.045,,
4525.0,0.6537800517468246,0.9999999999972009,28.479592986144397,3.723238993948982,1.0063308664948971,0.004641006804970877,0.009285446129175074,0.013835137299026853,0.00461171243300895,0.0092234248660179,3.7468097112707897,8068.86665074677,0.75,0.85,0.75,0.15,4.0,0.0,0.35,0.8021711060847014,1.0837499999999998,0.9558886051860883,0.51,0.0,0.045,,
4535.0,0.6529696369924393,0.9999999999971949,28.483200676694853,3.7222315752711097,1.0066032260946318,0.004640627838917276,0.009284626087928953,0.01383027023766496,0.004610090079221653,0.009220180158443307,3.7468097112707897,8056.684084970142,0.75,0.85,0.75,0.15,4.0,0.0,0.35,0.8021711060847014,1.0837499999999998,0.9558886051860883,0.51,0.0,0.045,,
4545.0,0.6521590028381606,0.9999999999971889,28.486797656381537,3.721224035961025,1.0068757657997673,0.004640256265121161,0.009283820862184695,0.013825425356380061,0.0046084751187933535,0.009216950237586707,3.7468097112707897,8044.503964689934,0.75,0.85,0.75,0.15,4.0,0.0,0.35,0.8021711060847014,1.0837499999999998,0.9558886051860883,0.51,0.0,0.045,,
4555.0,0.6513481491388663,0.9999999999971829,28.490383958281654,3.720216375983213,1.0071484857927122,0.004639892086149039,0.00928303045644873,0.013820602644980277,0.0046068675483267605,0.009213735096653521,3.7468097112707897,8032.326291210554,0.75,0.85,0.75,0.15,4.0,0.0,0.35,0.8021711060847014,1.0837499999999998,0.9558886051860883,0.51,0.0,0.045,,
4565.0,0.6505370757492865,0.9999999999971769,28.49395961537434,3.7192085953019096,1.007421386256237,0.004639535304608867,0.009282254875311412,0.013815802093383346,0.004605267364461116,0.009210534728922233,3.7468097112707897,8020.151065836901,0.75,0.85,0.75,0.15,4.0,0.0,0.35,0.8021711060847014,1.0837499999999998,0.9558886051860883,0.51,0.0,0.045,,
4575.0,0.6497257825240044,0.9999999999971709,28.497524660540968,3.718200693881103,1.0076944673733845,0.004639185923149889,0.009281494123446882,0.01381102369161617,0.004603674563872057,0.009207349127744114,3.7468097112707897,8007.978289874388,0.75,0.85,0.75,0.15,4.0,0.0,0.35,0.8021711060847014,1.0837499999999998,0.9558886051860883,0.51,0.0,0.045,,
4585.0,0.6489142693174553,0.9999999999971649,28.501079126565447,3.717192671684534,1.0079677293275462,0.004638843944462647,0.009280748205612916,0.01380626742981449,0.004602089143271496,0.009204178286542993,3.7468097112707897,7995.807964628931,0.75,0.85,0.75,0.15,4.0,0.0,0.35,0.8021711060847014,1.0837499999999998,0.9558886051860883,0.51,0.0,0.045,,
4595.0,0.6481025359839272,0.9999999999971589,28.504623046134515,3.716184528675698,1.0082411723023998,0.004638509371278767,0.00928001712665072,0.013801533298222458,0.004600511099407486,0.009201022198814973,3.7468097112707897,7983.640091406967,0.75,0.85,0.75,0.15,4.0,0.0,0.35,0.8021711060847014,1.0837499999999998,0.9558886051860883,0.51,0.0,0.045,,
4605.0,0.6472905823775594,0.9999999999971529,28.508156451838044,3.7151762648178446,1.0085147964819374,0.004638182206371053,0.009279300891484852,0.013796821287192326,0.004598940429064109,0.009197880858128218,3.7468097112707897,7971.4746715154415,0.75,0.85,0.75,0.15,4.0,0.0,0.35,0.8021711060847014,1.0837499999999998,0.9558886051860883,0.51,0.0,0.045,,
4615.0,0.6464784083523432,0.999999999997147,28.511679376169333,3.714167880073975,1.008788602050485,0.004637862452553329,0.009278599505123018,0.013792131387184008,0.004597377129061336,0.009194754258122672,3.7468097112707897,7959.311706261823,0.75,0.85,0.75,0.15,4.0,0.0,0.35,0.8021711060847014,1.0837499999999998,0.9558886051860883,0.51,0.0,0.045,,
4625.0,0.6456660137621211,0.999999999997141,28.5151918515254,3.7131593744068465,1.0090625891926501,0.004637550112680347,0.009277912972655934,0.013787463588764764,0.004595821196254922,0.009191642392509844,3.7468097112707897,7947.151196954107,0.75,0.85,0.75,0.15,4.0,0.0,0.35,0.8021711060847014,1.0837499999999998,0.9558886051860883,0.51,0.0,0.045,,
4635.0,0.6448533984605869,0.999999999997135,28.518693910207286,3.7121507477789724,1.0093367580933867,0.004637245189647787,0.009277241299257171,0.013782817882608791,0.004594272627536263,0.009188545255072527,3.7468097112707897,7934.993144900824,0.75,0.85,0.75,0.15,4.0,0.0,0.35,0.8021711060847014,1.0837499999999998,0.9558886051860883,0.51,0.0,0.045,,
4645.0,0.6440405623012855,0.999999999997129,28.52218558442035,3.711142000152618,1.0096111089379134,0.0046369476863921,0.009276584490183013,0.013778194259496888,0.004592731419832296,0.009185462839664591,3.7468097112707897,7922.837551411032,0.75,0.85,0.75,0.15,4.0,0.0,0.35,0.8021711060847014,1.0837499999999998,0.9558886051860883,0.51,0.0,0.045,,
4655.0,0.6432275051376121,0.999999999997123,28.525666906274537,3.710133131489808,1.0098856419118258,0.004636657605890588,0.009275942550772314,0.013773592710316052,0.00459119757010535,0.0091823951402107,3.7468097112707897,7910.68441779433,0.75,0.85,0.75,0.15,4.0,0.0,0.35,0.8021711060847014,1.0837499999999998,0.9558886051860883,0.51,0.0,0.045,,
4665.0,0.6424142268228125,0.999999999997117,28.529137907784715,3.7091241417523197,1.0101603572009963,0.004636374951161246,0.009275315486446375,0.013769013226059166,0.004589671075353055,0.00917934215070611,3.7468097112707897,7898.533745360869,0.75,0.85,0.75,0.15,4.0,0.0,0.35,0.8021711060847014,1.0837499999999998,0.9558886051860883,0.51,0.0,0.045,,
4675.0,0.6416007272099825,0.999999999997111,28.532598620870925,3.708115030901688,1.0104352549916398,0.00463609972526267,0.009274703302708751,0.013764455797824586,0.004588151932608196,0.009176303865216392,3.7468097112707897,7886.38553542133,0.75,0.85,0.75,0.15,4.0,0.0,0.35,0.8021711060847014,1.0837499999999998,0.9558886051860883,0.51,0.0,0.045,,
4685.0,0.6407870061520681,0.999999999997105,28.536049077358694,3.7071057988992075,1.0107103354702291,0.004635831931293915,0.009274106005145104,0.013759920416815823,0.004586640138938608,0.009173280277877217,3.7468097112707897,7874.239789286968,0.75,0.85,0.75,0.15,4.0,0.0,0.35,0.8021711060847014,1.0837499999999998,0.9558886051860883,0.51,0.0,0.045,,
4695.0,0.6399730635018646,0.999999999997099,28.539489308979324,3.7060964457059256,1.0109855988236263,0.0046355715723947226,0.009273523599423118,0.013755407074341142,0.004585135691447047,0.009170271382894094,3.7468097112707897,7862.096508269577,0.75,0.85,0.75,0.15,4.0,0.0,0.35,0.8021711060847014,1.0837499999999998,0.9558886051860883,0.51,0.0,0.045,,
4705.0,0.6391588991120168,0.999999999997093,28.54291934737017,3.7050869712826473,1.0112610452389945,0.004635318651745226,0.009272956091292325,0.013750915761813252,0.004583638587271084,0.009167277174542169,3.7468097112707897,7849.955693681515,0.75,0.85,0.75,0.15,4.0,0.0,0.35,0.8021711060847014,1.0837499999999998,0.9558886051860883,0.51,0.0,0.045,,
4715.0,0.6383445128350188,0.999999999997087,28.54633922407493,3.70407737558994,1.0115366749037533,0.004635073172565773,0.009272403486583933,0.013746446470748911,0.00458214882358297,0.00916429764716594,3.7468097112707897,7837.8173468357145,0.75,0.85,0.75,0.15,4.0,0.0,0.35,0.8021711060847014,1.0837499999999998,0.9558886051860883,0.51,0.0,0.045,,
4725.0,0.6375299045232133,0.999999999997081,28.54974897054395,3.703067658588124,1.0118124880057016,0.004634835138117174,0.009271865791210731,0.013741999192768611,0.004580666397589537,0.009161332795179075,3.7468097112707897,7825.681469045669,0.75,0.85,0.75,0.15,4.0,0.0,0.35,0.8021711060847014,1.0837499999999998,0.9558886051860883,0.51,0.0,0.045,,
4735.0,0.6367150740287918,0.999999999997075,28.553148618134486,3.702057820237281,1.0120884847329543,0.0046346045517004575,0.009271343011166928,0.01373757391959618,0.00457919130653206,0.00915838261306412,3.7468097112707897,7813.548061625446,0.75,0.85,0.75,0.15,4.0,0.0,0.35,0.8021711060847014,1.0837499999999998,0.9558886051860883,0.51,0.0,0.045,,
4745.0,0.6359000212037939,0.999999999997069,28.556538198111006,3.701047860497251,1.0123646652739378,0.004634381416656865,0.009270835152528044,0.013733170643058483,0.004577723547686161,0.009155447095372322,3.7468097112707897,7801.417125889686,0.75,0.85,0.75,0.15,4.0,0.0,0.35,0.8021711060847014,1.0837499999999998,0.9558886051860883,0.51,0.0,0.045,,
4755.0,0.6350847459001076,0.999999999997063,28.55991774164547,3.700037779327634,1.012641029817373,0.004634165736367668,0.009270342221450737,0.013728789355085026,0.004576263118361675,0.00915252623672335,3.7468097112707897,7789.288663153629,0.75,0.85,0.75,0.15,4.0,0.0,0.35,0.8021711060847014,1.0837499999999998,0.9558886051860883,0.51,0.0,0.045,,
4765.0,0.6342692479694685,0.999999999997057,28.563287279817605,3.699027576687787,1.0129175785523359,0.004633957514254261,0.009269864224172674,0.013724430047707662,0.004574810015902554,0.009149620031805108,3.7468097112707897,7777.162674733082,0.75,0.85,0.75,0.15,4.0,0.0,0.35,0.8021711060847014,1.0837499999999998,0.9558886051860883,0.51,0.0,0.045,,
4775.0,0.6334535272634602,0.999999999997051,28.5666468436152,3.69801725253683,1.0131943116681772,0.004633756753777955,0.009269401167012395,0.013720092713060187,0.00457336423768673,0.00914672847537346,3.7468097112707897,7765.039161944451,0.75,0.85,0.75,0.15,4.0,0.0,0.35,0.8021711060847014,1.0837499999999998,0.9558886051860883,0.51,0.0,0.045,,
4785.0,0.632637583633513,0.999999999997045,28.569996463934388,3.6970068068336417,1.013471229354645,0.004633563458440177,0.00926895305636922,0.013715777343378057,0.00457192578112602,0.00914385156225204,3.7468097112707897,7752.91812610474,0.75,0.85,0.75,0.15,4.0,0.0,0.35,0.8021711060847014,1.0837499999999998,0.9558886051860883,0.51,0.0,0.045,,
4795.0,0.6318214169309048,0.999999999997039,28.573336171579918,3.695996239536861,1.0137483318017573,0.0046333776317821354,0.009268519898723095,0.013711483930997996,0.004570494643665999,0.009140989287331997,3.7468097112707897,7740.799568531544,0.75,0.85,0.75,0.15,4.0,0.0,0.35,0.8021711060847014,1.0837499999999998,0.9558886051860883,0.51,0.0,0.045,,
4805.0,0.6310050270067599,0.999999999997033,28.576665997265447,3.694985550604889,1.0140256191998427,0.0046331992773847915,0.009268101700634425,0.013707212468357695,0.004569070822785898,0.009138141645571796,3.7468097112707897,7728.683490543066,0.75,0.85,0.75,0.15,4.0,0.0,0.35,0.8021711060847014,1.0837499999999998,0.9558886051860883,0.51,0.0,0.045,,
4815.0,0.6301884137120495,0.999999999997027,28.57998597161381,3.693974739995887,1.0143030917395754,0.004633028398868918,0.009267698468743963,0.013702962947995438,0.00456765431599848,0.00913530863199696,3.7468097112707897,7716.569893458115,0.75,0.85,0.75,0.15,4.0,0.0,0.35,0.8021711060847014,1.0837499999999998,0.9558886051860883,0.51,0.0,0.045,,
4825.0,0.6293715768975908,0.999999999997021,28.583296125157293,3.692963807667778,1.0145807496119665,0.004632864999895068,0.009267310209772728,0.013698735362549811,0.004566245120849938,0.009132490241699875,3.7468097112707897,7704.458778596117,0.75,0.85,0.75,0.15,4.0,0.0,0.35,0.8021711060847014,1.0837499999999998,0.9558886051860883,0.51,0.0,0.045,,
4835.0,0.6285545164140474,0.999999999997015,28.58659648833793,3.691952753578249,1.0148585930083167,0.0046327090841633,0.009266936930521788,0.013694529704759323,0.004564843234919775,0.00912968646983955,3.7468097112707897,7692.350147277106,0.75,0.85,0.75,0.15,4.0,0.0,0.35,0.8021711060847014,1.0837499999999998,0.9558886051860883,0.51,0.0,0.045,,
4845.0,0.6277372321119281,0.9999999999970091,28.589887091507766,3.6909415776847454,1.015136622120259,0.004632560655413319,0.009266578637872204,0.013690345967462105,0.004563448655820702,0.009126897311641404,3.7468097112707897,7680.244000821738,0.75,0.85,0.75,0.15,4.0,0.0,0.35,0.8021711060847014,1.0837499999999998,0.9558886051860883,0.51,0.0,0.045,,
4855.0,0.6269197238415877,0.9999999999970031,28.59316796492914,3.689930279944477,1.01541483713979,0.004632419717424438,0.009266235338784887,0.01368618414359555,0.004562061381198517,0.009124122762397035,3.7468097112707897,7668.140340551295,0.75,0.85,0.75,0.15,4.0,0.0,0.35,0.8021711060847014,1.0837499999999998,0.9558886051860883,0.51,0.0,0.045,,
4865.0,0.6261019914532261,0.9999999999969971,28.596439138774954,3.6889188603144167,1.015693238259182,0.004632286274015362,0.00926590704030048,0.013682044226196025,0.004560681408732009,0.009121362817464018,3.7468097112707897,7656.03916778769,0.75,0.85,0.75,0.15,4.0,0.0,0.35,0.8021711060847014,1.0837499999999998,0.9558886051860883,0.51,0.0,0.045,,
4875.0,0.625284034796888,0.9999999999969911,28.59970064312895,3.6879073187513014,1.0159718256710648,0.00463216032904422,0.009265593749539199,0.013677926208398484,0.004559308736132828,0.009118617472265656,3.7468097112707897,7643.940483853463,0.75,0.85,0.75,0.15,4.0,0.0,0.35,0.8021711060847014,1.0837499999999998,0.9558886051860883,0.51,0.0,0.045,,
4885.0,0.6244658537224631,0.9999999999969851,28.602952507985997,3.6868956552116297,1.01625059956837,0.004632041886408506,0.009265295473700745,0.01367383008343621,0.004557943361145404,0.009115886722290807,3.7468097112707897,7631.844290071795,0.75,0.85,0.75,0.15,4.0,0.0,0.35,0.8021711060847014,1.0837499999999998,0.9558886051860883,0.51,0.0,0.045,,
4895.0,0.6236474480796853,0.9999999999969791,28.606194763252333,3.6858838696516645,1.0165295601444095,0.004631930950045132,0.009265012220064187,0.013669755844640431,0.00455658528154681,0.00911317056309362,3.7468097112707897,7619.750587766505,0.75,0.85,0.75,0.15,4.0,0.0,0.35,0.8021711060847014,1.0837499999999998,0.9558886051860883,0.51,0.0,0.045,,
4905.0,0.6228288177181329,0.9999999999969731,28.609427438745865,3.6848719620274335,1.0168087075927421,0.004631827523930056,0.009264743995987788,0.013665703485440033,0.004555234495146678,0.009110468990293356,3.7468097112707897,7607.659378262059,0.75,0.85,0.75,0.15,4.0,0.0,0.35,0.8021711060847014,1.0837499999999998,0.9558886051860883,0.51,0.0,0.045,,
4915.0,0.622009962487228,0.9999999999969671,28.612650564196436,3.6838599322947285,1.0170880421073,0.0046317316120785545,0.009264490808908938,0.01366167299936121,0.0045538909997870705,0.009107781999574141,3.7468097112707897,7595.570662883572,0.75,0.85,0.75,0.15,4.0,0.0,0.35,0.8021711060847014,1.0837499999999998,0.9558886051860883,0.51,0.0,0.045,,
4925.0,0.6211908822362361,0.9999999999969611,28.615864169246077,3.682847780409106,1.017367563882349,0.004631643218545085,0.009264252666344038,0.013657664380027194,0.004552554793342398,0.009105109586684796,3.7468097112707897,7583.484442956811,0.75,0.85,0.75,0.15,4.0,0.0,0.35,0.8021711060847014,1.0837499999999998,0.9558886051860883,0.51,0.0,0.045,,
4935.0,0.6203715768142667,0.9999999999969551,28.61906828344931,3.681835506325886,1.0176472731124728,0.0046315623474231125,0.00926402957588832,0.013653677621157857,0.004551225873719286,0.009102451747438572,3.7468097112707897,7571.4007198082,0.75,0.85,0.75,0.15,4.0,0.0,0.35,0.8021711060847014,1.0837499999999998,0.9558886051860883,0.51,0.0,0.045,,
4945.0,0.619552046070272,0.9999999999969491,28.62226293627338,3.680823110000156,1.0179271699926133,0.004631489002845282,0.009263821545215819,0.013649712716569489,0.004549904238856496,0.009099808477712992,3.7468097112707897,7559.319494764829,0.75,0.85,0.75,0.15,4.0,0.0,0.35,0.8021711060847014,1.0837499999999998,0.9558886051860883,0.51,0.0,0.045,,
4955.0,0.6187322898530471,0.9999999999969431,28.62544815709855,3.6798105913867665,1.0182072547180043,0.004631423188983123,0.00926362858207921,0.013645769660174391,0.004548589886724798,0.009097179773449596,3.7468097112707897,7547.240769154442,0.75,0.85,0.75,0.15,4.0,0.0,0.35,0.8021711060847014,1.0837499999999998,0.9558886051860883,0.51,0.0,0.045,,
4965.0,0.6179123080112298,0.9999999999969371,28.628623975218353,3.678797950440337,1.018487527484197,0.004631364910047019,0.009263450694309656,0.013641848445980632,0.004547282815326878,0.009094565630653756,3.7468097112707897,7535.16454430547,0.75,0.85,0.75,0.15,4.0,0.0,0.35,0.8021711060847014,1.0837499999999998,0.9558886051860883,0.51,0.0,0.045,,
4975.0,0.6170921003933001,0.9999999999969311,28.631790419839867,3.6777851871152505,1.0187679884871228,0.004631314170286373,0.009263287889816731,0.013637949068091688,0.00454598302269723,0.00909196604539446,3.7468097112707897,7523.0908215470035,0.75,0.85,0.75,0.15,4.0,0.0,0.35,0.8021711060847014,1.0837499999999998,0.9558886051860883,0.51,0.0,0.045,,
4985.0,0.6162716668475804,0.9999999999969251,28.634947520083976,3.676772301365659,1.01904863792302,0.004631270973989402,0.00926314017658833,0.013634071520706182,0.004544690506902061,0.009089381013804122,3.7468097112707897,7511.019602208828,0.75,0.85,0.75,0.15,4.0,0.0,0.35,0.8021711060847014,1.0837499999999998,0.9558886051860883,0.51,0.0,0.045,,
4995.0,0.6154510072222344,0.9999999999969191,28.63809530498564,3.6757592931454774,1.0193294759884837,0.0046312353254831535,0.009263007562690545,0.0136302157981175,0.004543405266039168,0.009086810532078335,3.7468097112707897,7498.950887621385,0.75,0.85,0.75,0.15,4.0,0.0,0.35,0.8021711060847014,1.0837499999999998,0.9558886051860883,0.51,0.0,0.045,,
5005.0,0.6146301213652677,0.9999999999969131,28.641233803494156,3.674746162408391,1.0196105028804048,0.004631207229133323,0.009262890056267537,0.013626381894713572,0.004542127298237856,0.009084254596475713,3.7468097112707897,7486.884679115826,0.75,0.85,0.75,0.15,4.0,0.0,0.35,0.8021711060847014,1.0837499999999998,0.9558886051860883,0.51,0.0,0.045,,
5015.0,0.613809009124527,0.9999999999969071,28.644363044473415,3.673732909107851,1.0198917187960206,0.0046311866893443045,0.009262787665541422,0.013622569804976482,0.004540856601658828,0.009081713203317656,3.7468097112707897,7474.820978023979,0.75,0.85,0.75,0.15,4.0,0.0,0.35,0.8021711060847014,1.0837499999999998,0.9558886051860883,0.51,0.0,0.045,,
5025.0,0.6129876703476999,0.9999999999969011,28.64748305670218,3.6727195331970757,1.0201731239328882,0.004631173710559088,0.009262700398812152,0.013618779523482238,0.0045395931744940795,0.009079186348988159,3.7468097112707897,7462.759785678372,0.75,0.85,0.75,0.15,4.0,0.0,0.35,0.8021711060847014,1.0837499999999998,0.9558886051860883,0.51,0.0,0.045,,
5035.0,0.6121661048823148,0.9999999999968952,28.650593868874328,3.671706034629051,1.020454718488964,0.0046311682972594494,0.009262628264457475,0.013615011044900401,0.004538337014966801,0.009076674029933602,3.7468097112707897,7450.701103412231,0.75,0.85,0.75,0.15,4.0,0.0,0.35,0.8021711060847014,1.0837499999999998,0.9558886051860883,0.51,0.0,0.045,,
5045.0,0.6113443125757408,0.9999999999968892,28.653695509599128,3.670692413356532,1.0207365026624657,0.004631170453965502,0.009262571270932744,0.013611264363993849,0.0045370881213312834,0.009074176242662567,3.7468097112707897,7438.644932559482,0.75,0.85,0.75,0.15,4.0,0.0,0.35,0.8021711060847014,1.0837499999999998,0.9558886051860883,0.51,0.0,0.045,,
5055.0,0.6105222932751868,0.9999999999968832,28.6567880074015,3.6696786693320416,1.021018476651984,0.004631180185235961,0.009262529426770872,0.013607539475618408,0.004535846491872803,0.009071692983745607,3.7468097112707897,7426.5912744547595,0.75,0.85,0.75,0.15,4.0,0.0,0.35,0.8021711060847014,1.0837499999999998,0.9558886051860883,0.51,0.0,0.045,,
5065.0,0.6097000468277018,0.9999999999968772,28.659871390722255,3.668664802507871,1.0213006406564402,0.004631197495667951,0.009262502740582186,0.013603836374722626,0.004534612124907542,0.009069224249815084,3.7468097112707897,7414.540130433412,0.75,0.85,0.75,0.15,4.0,0.0,0.35,0.8021711060847014,1.0837499999999998,0.9558886051860883,0.51,0.0,0.045,,
5075.0,0.6088775730801745,0.9999999999968712,28.662945687918377,3.66765081283608,1.0215829948750696,0.004631222389896938,0.009262491221054311,0.013600155056347396,0.004533385018782465,0.00906677003756493,3.7468097112707897,7402.491501831493,0.75,0.85,0.75,0.15,4.0,0.0,0.35,0.8021711060847014,1.0837499999999998,0.9558886051860883,0.51,0.0,0.045,,
5085.0,0.6080548718793327,0.9999999999968652,28.66601092726327,3.6666367002684983,1.0218655395074756,0.004631254872596859,0.009262494876952135,0.01359649551562574,0.004532165171875247,0.009064330343750494,3.7468097112707897,7390.445389985784,0.75,0.85,0.75,0.15,4.0,0.0,0.35,0.8021711060847014,1.0837499999999998,0.9558886051860883,0.51,0.0,0.045,,
5095.0,0.6072319430717437,0.9999999999968592,28.669067136947014,3.665622464756723,1.022148274753628,0.0046312949484800135,0.009262513717117678,0.013592857747782456,0.004530952582594152,0.009061905165188304,3.7468097112707897,7378.401796233781,0.75,0.85,0.75,0.15,4.0,0.0,0.35,0.8021711060847014,1.0837499999999998,0.9558886051860883,0.51,0.0,0.045,,
5105.0,0.606408786503813,0.9999999999968532,28.672114345076633,3.6646081062521243,1.0224312008137402,0.004631342622296684,0.009262547750469901,0.013589241748133852,0.004529747249377951,0.009059494498755902,3.7468097112707897,7366.360721913722,0.75,0.85,0.75,0.15,4.0,0.0,0.35,0.8021711060847014,1.0837499999999998,0.9558886051860883,0.51,0.0,0.045,,
5115.0,0.6055854020217855,0.9999999999968472,28.67515257967633,3.6635936247058383,1.0227143178884615,0.00463139789883569,0.009262596986004762,0.013585647512087443,0.004528549170695815,0.00905709834139163,3.7468097112707897,7354.322168364554,0.75,0.85,0.75,0.15,4.0,0.0,0.35,0.8021711060847014,1.0837499999999998,0.9558886051860883,0.51,0.0,0.045,,
5125.0,0.6047617894717435,0.9999999999968412,28.67818186868776,3.662579020068773,1.0229976261787215,0.004631460782923822,0.009262661432794988,0.013582075035141677,0.004527358345047226,0.009054716690094451,3.7468097112707897,7342.286136925973,0.75,0.85,0.75,0.15,4.0,0.0,0.35,0.8021711060847014,1.0837499999999998,0.9558886051860883,0.51,0.0,0.045,,
5135.0,0.6039379486996078,0.9999999999968352,28.681202239970272,3.6615642922916067,1.0232811258858237,0.004631531279426103,0.009262741099990039,0.013578524312885622,0.004526174770961873,0.009052349541923747,3.7468097112707897,7330.252628938408,0.75,0.85,0.75,0.15,4.0,0.0,0.35,0.8021711060847014,1.0837499999999998,0.9558886051860883,0.51,0.0,0.045,,
5145.0,0.6031138795511369,0.9999999999968292,28.684213721301173,3.660549441324788,1.0235648172114058,0.004631609393245649,0.009262835996816009,0.013574995340998704,0.004524998446999568,0.009049996893999136,3.7468097112707897,7318.221645743037,0.75,0.85,0.75,0.15,4.0,0.0,0.35,0.8021711060847014,1.0837499999999998,0.9558886051860883,0.51,0.0,0.045,,
5155.0,0.6022895818719267,0.9999999999968232,28.68721634037598,3.6595344671185357,1.0238487003574341,0.004631695129323567,0.009262946132575505,0.013571488115250394,0.004523829371750131,0.009047658743500261,3.7468097112707897,7306.193188681779,0.75,0.85,0.75,0.15,4.0,0.0,0.35,0.8021711060847014,1.0837499999999998,0.9558886051860883,0.51,0.0,0.045,,
5165.0,0.6014650555074101,0.9999999999968172,28.69021012480865,3.658519369622841,1.024132775526211,0.004631788492638952,0.00926307151664755,0.01356800263149996,0.004522667543833321,0.009045335087666641,3.7468097112707897,7294.167259097306,0.75,0.85,0.75,0.15,4.0,0.0,0.35,0.8021711060847014,1.0837499999999998,0.9558886051860883,0.51,0.0,0.045,,
5175.0,0.6006403003028572,0.9999999999968112,28.693195102131867,3.6575041487874653,1.024417042920421,0.004631889488208957,0.009263212158487515,0.013564538885696146,0.004521512961898715,0.00904302592379743,3.7468097112707897,7282.143858333043,0.75,0.85,0.75,0.15,4.0,0.0,0.35,0.8021711060847014,1.0837499999999998,0.9558886051860883,0.51,0.0,0.045,,
5185.0,0.5998153161033745,0.9999999999968052,28.69617129979726,3.6564888045619406,1.0247015027430557,0.004631998121088583,0.009263368067627,0.013561096873876912,0.004520365624625638,0.009040731249251276,3.7468097112707897,7270.122987733173,0.75,0.85,0.75,0.15,4.0,0.0,0.35,0.8021711060847014,1.0837499999999998,0.9558886051860883,0.51,0.0,0.045,,
5195.0,0.5989901027539047,0.9999999999967992,28.69913874517567,3.655473336895573,1.0249861551974573,0.004632114396370678,0.009263539253673727,0.013557676592169148,0.00451922553072305,0.0090384510614461,3.7468097112707897,7258.1046486426485,0.75,0.85,0.75,0.15,4.0,0.0,0.35,0.8021711060847014,1.0837499999999998,0.9558886051860883,0.51,0.0,0.045,,
5205.0,0.5981646600992272,0.9999999999967932,28.702097465557394,3.654457745737437,1.0252710004873282,0.004632238319186041,0.009263725726311508,0.013554278036788398,0.004518092678929467,0.009036185357858934,3.7468097112707897,7246.088842407179,0.75,0.85,0.75,0.15,4.0,0.0,0.35,0.8021711060847014,1.0837499999999998,0.9558886051860883,0.51,0.0,0.045,,
5215.0,0.5973389879839565,0.9999999999967872,28.70504748815244,3.6534420310363833,1.025556038816707,0.004632369894703214,0.00926392749530012,0.013550901204038577,0.004516967068012859,0.009033934136025717,3.7468097112707897,7234.075570373252,0.75,0.85,0.75,0.15,4.0,0.0,0.35,0.8021711060847014,1.0837499999999998,0.9558886051860883,0.51,0.0,0.045,,
5225.0,0.5965130862525427,0.9999999999967812,28.70798884009076,3.6524261927410313,1.0258412703899784,0.004632509128128469,0.009264144570475178,0.013547546090311705,0.004515848696770569,0.009031697393541137,3.7468097112707897,7222.064833888126,0.75,0.85,0.75,0.15,4.0,0.0,0.35,0.8021711060847014,1.0837499999999998,0.9558886051860883,0.51,0.0,0.045,,
5235.0,0.5956869547492716,0.9999999999967752,28.710921548422508,3.6514102307997742,1.0261266954118822,0.004632656024705875,0.009264376961748118,0.013544212692087615,0.004514737564029205,0.00902947512805841,3.7468097112707897,7210.056634299835,0.75,0.85,0.75,0.15,4.0,0.0,0.35,0.8021711060847014,1.0837499999999998,0.9558886051860883,0.51,0.0,0.045,,
5245.0,0.5948605933182635,0.9999999999967693,28.71384564011828,3.6503941451607798,1.0264123140874568,0.004632810589716984,0.009264624679106003,0.013540901005933696,0.0045136336686445655,0.009027267337289131,3.7468097112707897,7198.050972957204,0.75,0.85,0.75,0.15,4.0,0.0,0.35,0.8021711060847014,1.0837499999999998,0.9558886051860883,0.51,0.0,0.045,,
5255.0,0.5940340018034734,0.9999999999967633,28.716761142069362,3.6493779357719864,1.0266981266221629,0.004632972828481225,0.009264887732611537,0.013537611028504612,0.004512537009501537,0.009025074019003074,3.7468097112707897,7186.047851209838,0.75,0.85,0.75,0.15,4.0,0.0,0.35,0.8021711060847014,1.0837499999999998,0.9558886051860883,0.51,0.0,0.045,,
5265.0,0.593207180048691,0.9999999999967573,28.719668081087978,3.6483616025811054,1.0269841332217777,0.004633142746355594,0.009265166132402977,0.013534342756542042,0.004511447585514014,0.009022895171028028,3.7468097112707897,7174.047270408133,0.75,0.85,0.75,0.15,4.0,0.0,0.35,0.8021711060847014,1.0837499999999998,0.9558886051860883,0.51,0.0,0.045,,
5275.0,0.5923801278975398,0.9999999999967513,28.722566483907524,3.6473451455356236,1.0272703340924052,0.004633320348734503,0.009265459888693948,0.013531096186874383,0.004510365395624795,0.00902073079124959,3.7468097112707897,7162.049231903281,0.75,0.85,0.75,0.15,4.0,0.0,0.35,0.8021711060847014,1.0837499999999998,0.9558886051860883,0.51,0.0,0.045,,
5285.0,0.5915528451934774,0.9999999999967453,28.725456377182823,3.6463285645827996,1.0275567294405463,0.004633505641050081,0.009265769011773473,0.01352787131641653,0.00450929043880551,0.00901858087761102,3.7468097112707897,7150.05373704727,0.75,0.85,0.75,0.15,4.0,0.0,0.35,0.8021711060847014,1.0837499999999998,0.9558886051860883,0.51,0.0,0.045,,
5295.0,0.5907253317797946,0.9999999999967393,28.72833778749035,3.6453118596696656,1.0278433194729826,0.004633698628771731,0.009266093512005776,0.013524668142169552,0.004508222714056518,0.009016445428113036,3.7468097112707897,7138.060787192892,0.75,0.85,0.75,0.15,4.0,0.0,0.35,0.8021711060847014,1.0837499999999998,0.9558886051860883,0.51,0.0,0.045,,
5305.0,0.5898975874996157,0.9999999999967333,28.731210741328496,3.6442950307430295,1.028130104396943,0.0046338993174066135,0.009266433399830345,0.013521486661220475,0.004507162220406826,0.009014324440813652,3.7468097112707897,7126.070383693747,0.75,0.85,0.75,0.15,4.0,0.0,0.35,0.8021711060847014,1.0837499999999998,0.9558886051860883,0.51,0.0,0.045,,
5315.0,0.589069612195898,0.9999999999967273,28.73407526511779,3.6432780777494727,1.0284170844198868,0.004634107712498924,0.009266788685761662,0.013518326870741986,0.004506108956913995,0.00901221791382799,3.7468097112707897,7114.082527904241,0.75,0.85,0.75,0.15,4.0,0.0,0.35,0.8021711060847014,1.0837499999999998,0.9558886051860883,0.51,0.0,0.045,,
5325.0,0.5882414057114316,0.9999999999967213,28.73693138520115,3.6422610006353495,1.0287042597497549,0.004634323819630643,0.009267159380389316,0.013515188767992192,0.004505062922664065,0.00901012584532813,3.7468097112707897,7102.097221179599,0.75,0.85,0.75,0.15,4.0,0.0,0.35,0.8021711060847014,1.0837499999999998,0.9558886051860883,0.51,0.0,0.045,,
5335.0,0.5874129678888385,0.9999999999967153,28.73977912784411,3.64124379934679,1.028991630594735,0.004634547644420775,0.009267545494377753,0.013512072350314335,0.0045040241167714455,0.009008048233542891,3.7468097112707897,7090.1144648758545,0.75,0.85,0.75,0.15,4.0,0.0,0.35,0.8021711060847014,1.0837499999999998,0.9558886051860883,0.51,0.0,0.045,,
5345.0,0.5865842985705733,0.9999999999967093,28.742618519235076,3.6402264738296988,1.0292791971634314,0.004634779192525821,0.0092679470384663,0.013508977615136565,0.004502992538378855,0.00900598507675771,3.7468097112707897,7078.134260349873,0.75,0.85,0.75,0.15,4.0,0.0,0.35,0.8021711060847014,1.0837499999999998,0.9558886051860883,0.51,0.0,0.045,,
5355.0,0.5857553975989223,0.9999999999967033,28.745449585485556,3.6392090240297548,1.0295669596647934,0.004635018469639575,0.009268364023469089,0.01350590455997164,0.0045019681866572125,0.009003936373314425,3.7468097112707897,7066.156608959337,0.75,0.85,0.75,0.15,4.0,0.0,0.35,0.8021711060847014,1.0837499999999998,0.9558886051860883,0.51,0.0,0.045,,
5365.0,0.5849262648160034,0.9999999999966973,28.74827235263038,3.638191449892415,1.0298549183080714,0.0046352654814928815,0.009268796460274889,0.013502853182416705,0.004500951060805569,0.009001902121611139,3.7468097112707897,7054.181512062769,0.75,0.85,0.75,0.15,4.0,0.0,0.35,0.8021711060847014,1.0837499999999998,0.9558886051860883,0.51,0.0,0.045,,
5375.0,0.5840969000637658,0.9999999999966913,28.75108684662797,3.637173751362906,1.030143073302959,0.004635520233854031,0.009269244359847112,0.013499823480153009,0.004499941160051003,0.008999882320102006,3.7468097112707897,7042.208971019514,0.75,0.85,0.75,0.15,4.0,0.0,0.35,0.8021711060847014,1.0837499999999998,0.9558886051860883,0.51,0.0,0.045,,
5385.0,0.5832673031839897,0.9999999999966853,28.753893093360553,3.6361559283862346,1.030431424859451,0.004635782732528409,0.00926970773322373,0.013496815450945672,0.004498938483648558,0.008997876967297116,3.7468097112707897,7030.238987189763,0.75,0.85,0.75,0.15,4.0,0.0,0.35,0.8021711060847014,1.0837499999999998,0.9558886051860883,0.51,0.0,0.045,,
5395.0,0.5824374740182857,0.9999999999966793,28.7566911186344,3.6351379809071815,1.0307199731879013,0.004636052983358502,0.00927018659151716,0.01349382909264341,0.004497943030881137,0.008995886061762274,3.7468097112707897,7018.271561934542,0.75,0.85,0.75,0.15,4.0,0.0,0.35,0.8021711060847014,1.0837499999999998,0.9558886051860883,0.51,0.0,0.045,,
5405.0,0.5816074124080951,0.9999999999966733,28.75948094818006,3.6341199088703044,1.0310087184990135,0.004636330992223913,0.009270680945914204,0.013490864403178305,0.004496954801059436,0.008993909602118872,3.7468097112707897,7006.306696615728,0.75,0.85,0.75,0.15,4.0,0.0,0.35,0.8021711060847014,1.0837499999999998,0.9558886051860883,0.51,0.0,0.045,,
5415.0,0.5807771181946895,0.9999999999966673,28.7622626076526,3.6331017122199336,1.0312976610039002,0.0046366167650414404,0.009271190807675998,0.013487921380565518,0.00449597379352184,0.00899194758704368,3.7468097112707897,6994.344392596037,0.75,0.85,0.75,0.15,4.0,0.0,0.35,0.8021711060847014,1.0837499999999998,0.9558886051860883,0.51,0.0,0.045,,
5425.0,0.5799465912191698,0.9999999999966613,28.765036122631823,3.6320833909001795,1.031586800913971,0.004636910307764819,0.00927171618813792,0.013485000022903097,0.004495000007634365,0.00899000001526873,3.7468097112707897,6982.384651239053,0.75,0.85,0.75,0.15,4.0,0.0,0.35,0.8021711060847014,1.0837499999999998,0.9558886051860883,0.51,0.0,0.045,,
5435.0,0.5791158313224669,0.9999999999966553,28.767801518622527,3.631064944854926,1.0318761384410275,0.004637211626384828,0.0092722570987095,0.01348210032837165,0.00449403344279055,0.0089880668855811,3.7468097112707897,6970.427473909201,0.75,0.85,0.75,0.15,4.0,0.0,0.35,0.8021711060847014,1.0837499999999998,0.9558886051860883,0.51,0.0,0.045,,
5445.0,0.5782848383453407,0.9999999999966493,28.77055882105471,3.6300463740278346,1.0321656737971991,0.00463752072692919,0.009272813550874354,0.013479222295234187,0.004493074098411395,0.00898614819682279,3.7468097112707897,6958.472861971773,0.75,0.85,0.75,0.15,4.0,0.0,0.35,0.8021711060847014,1.0837499999999998,0.9558886051860883,0.51,0.0,0.045,,
5455.0,0.5774536121283803,0.9999999999966434,28.773308055283813,3.6290276783623447,1.032455407195039,0.004637837615462761,0.009273385556190178,0.01347636592183578,0.004492121973945261,0.008984243947890522,3.7468097112707897,6946.520816792936,0.75,0.85,0.75,0.15,4.0,0.0,0.35,0.8021711060847014,1.0837499999999998,0.9558886051860883,0.51,0.0,0.045,,
5465.0,0.5766221525120033,0.9999999999966374,28.776049246590947,3.6280088578016687,1.0327453388474088,0.004638162298087169,0.009273973126288587,0.013473531206603408,0.004491177068867803,0.008982354137735606,3.7468097112707897,6934.571339739709,0.75,0.85,0.75,0.15,4.0,0.0,0.35,0.8021711060847014,1.0837499999999998,0.9558886051860883,0.51,0.0,0.045,,
5475.0,0.5757904593364558,0.9999999999966314,28.778782420183127,3.6269899122888,1.0330354689675427,0.004638494780940969,0.009274576272875083,0.013470718148045638,0.00449023938268188,0.00898047876536376,3.7468097112707897,6922.624432179993,0.75,0.85,0.75,0.15,4.0,0.0,0.35,0.8021711060847014,1.0837499999999998,0.9558886051860883,0.51,0.0,0.045,,
5485.0,0.5749585324418117,0.9999999999966254,28.781507601193496,3.625970841766507,1.0333257977690475,0.00463883507019965,0.009275195007729024,0.013467926744752433,0.004489308914917478,0.008978617829834955,3.7468097112707897,6910.680095482561,0.75,0.85,0.75,0.15,4.0,0.0,0.35,0.8021711060847014,1.0837499999999998,0.9558886051860883,0.51,0.0,0.045,,
5495.0,0.5741263716679732,0.9999999999966194,28.78422481468155,3.624951646177335,1.0336163254658657,0.004639183172075421,0.00927582934270347,0.013465156995394882,0.004488385665131628,0.008976771330263256,3.7468097112707897,6898.738331017067,0.75,0.85,0.75,0.15,4.0,0.0,0.35,0.8021711060847014,1.0837499999999998,0.9558886051860883,0.51,0.0,0.045,,
5505.0,0.5732939768546694,0.9999999999966134,28.786934085633387,3.6239323254636084,1.033907052272344,0.004639539092817465,0.009276479289725225,0.013462408898724972,0.004487469632908323,0.008974939265816646,3.7468097112707897,6886.7991401540485,0.75,0.85,0.75,0.15,4.0,0.0,0.35,0.8021711060847014,1.0837499999999998,0.9558886051860883,0.51,0.0,0.045,,
5515.0,0.5724613478414573,0.9999999999966074,28.7896354389619,3.6229128795674272,1.0341979784031616,0.004639902838711594,0.00927714486079465,0.013459682453575334,0.004486560817858445,0.00897312163571689,3.7468097112707897,6874.862524264936,0.75,0.85,0.75,0.15,4.0,0.0,0.35,0.8021711060847014,1.0837499999999998,0.9558886051860883,0.51,0.0,0.045,,
5525.0,0.5716284844677202,0.9999999999966014,28.792328899507023,3.621893308430668,1.0344891040733974,0.004640274416080565,0.009277826067985731,0.013456977658859053,0.004485659219619685,0.00897131843923937,3.7468097112707897,6862.928484722035,0.75,0.85,0.75,0.15,4.0,0.0,0.35,0.8021711060847014,1.0837499999999998,0.9558886051860883,0.51,0.0,0.045,,
5535.0,0.5707953865726685,0.9999999999965954,28.795014492035968,3.6208736119949902,1.0347804294984615,0.004640653831283734,0.009278522923445923,0.013454294513569345,0.004484764837856449,0.008969529675712897,3.7468097112707897,6850.997022898572,0.75,0.85,0.75,0.15,4.0,0.0,0.35,0.8021711060847014,1.0837499999999998,0.9558886051860883,0.51,0.0,0.045,,
5545.0,0.5699620539953385,0.9999999999965894,28.79769224124342,3.6198537902018257,1.0350719548941272,0.004641041090717101,0.009279235439396061,0.013451633016779414,0.004483877672259805,0.00896775534451961,3.7468097112707897,6839.06814016865,0.75,0.85,0.75,0.15,4.0,0.0,0.35,0.8021711060847014,1.0837499999999998,0.9558886051860883,0.51,0.0,0.045,,
5555.0,0.5691284865745928,0.9999999999965834,28.80036217175179,3.6188338429923874,1.035363680476576,0.004641436200813554,0.009279963628130423,0.013448993167642144,0.004482997722547382,0.008965995445094764,3.7468097112707897,6827.141837907284,0.75,0.85,0.75,0.15,4.0,0.0,0.35,0.8021711060847014,1.0837499999999998,0.9558886051860883,0.51,0.0,0.045,,
5565.0,0.5682946841491199,0.9999999999965774,28.803024308111414,3.6178137703076656,1.0356556064623013,0.004641839168042404,0.009280707502016521,0.013446374965389923,0.004482124988463309,0.008964249976926618,3.7468097112707897,6815.2181174904,0.75,0.85,0.75,0.15,4.0,0.0,0.35,0.8021711060847014,1.0837499999999998,0.9558886051860883,0.51,0.0,0.045,,
5575.0,0.5674606465574332,0.9999999999965714,28.80567867480079,3.61679357208843,1.0359477330682159,0.004642249998909764,0.009281467073495147,0.013443778409334365,0.004481259469778121,0.008962518939556243,3.7468097112707897,6803.296980294828,0.75,0.85,0.75,0.15,4.0,0.0,0.35,0.8021711060847014,1.0837499999999998,0.9558886051860883,0.51,0.0,0.045,,
5585.0,0.5666263736378718,0.9999999999965654,28.808325296226805,3.6157732482752256,1.0362400605115907,0.004642668699958329,0.009282242355080288,0.013441203498866112,0.004480401166288704,0.008960802332577409,3.7468097112707897,6791.378427698313,0.75,0.85,0.75,0.15,4.0,0.0,0.35,0.8021711060847014,1.0837499999999998,0.9558886051860883,0.51,0.0,0.045,,
5595.0,0.5657918652285996,0.9999999999965594,28.810964196724942,3.6147527988083796,1.036532589010013,0.004643095277767209,0.00928303335935901,0.01343865023345458,0.004479550077818193,0.008959100155636387,3.7468097112707897,6779.462461079525,0.75,0.85,0.75,0.15,4.0,0.0,0.35,0.8021711060847014,1.0837499999999998,0.9558886051860883,0.51,0.0,0.045,,
5605.0,0.5649571211676045,0.9999999999965534,28.813595400559514,3.6137322236279967,1.0368253187815553,0.004643529738952406,0.009283840098991532,0.013436118612647756,0.004478706204215918,0.008957412408431837,3.7468097112707897,6767.549081818047,0.75,0.85,0.75,0.15,4.0,0.0,0.35,0.8021711060847014,1.0837499999999998,0.9558886051860883,0.51,0.0,0.045,,
5615.0,0.5641221412926993,0.9999999999965474,28.81621893192387,3.612711522673959,1.03711825004452,0.004643972090166036,0.009284662586710981,0.013433608636071927,0.004477869545357309,0.008955739090714619,3.7468097112707897,6755.6382912943955,0.75,0.85,0.75,0.15,4.0,0.0,0.35,0.8021711060847014,1.0837499999999998,0.9558886051860883,0.51,0.0,0.045,,
5625.0,0.5632869254415204,0.9999999999965414,28.81883481494063,3.6116906958859283,1.0374113830177045,0.004644422338097069,0.009285500835323503,0.013431120303431526,0.004477040101143843,0.008954080202287686,3.7468097112707897,6743.730090890007,0.75,0.85,0.75,0.15,4.0,0.0,0.35,0.8021711060847014,1.0837499999999998,0.9558886051860883,0.51,0.0,0.045,,
5635.0,0.5624514734515279,0.9999999999965354,28.821443073661893,3.610669743203348,1.0377047179201995,0.004644880489470746,0.0092863548577081,0.013428653614508816,0.004476217871502938,0.008952435743005875,3.7468097112707897,6731.824481987269,0.75,0.85,0.75,0.15,4.0,0.0,0.35,0.8021711060847014,1.0837499999999998,0.9558886051860883,0.51,0.0,0.045,,
5645.0,0.5616157851600053,0.9999999999965294,28.82404373206946,3.609648664565436,1.0379982549714857,0.004645346551048824,0.009287224666816626,0.013426208569163755,0.004475402856387919,0.008950805712775838,3.7468097112707897,6719.921465969486,0.75,0.85,0.75,0.15,4.0,0.0,0.35,0.8021711060847014,1.0837499999999998,0.9558886051860883,0.51,0.0,0.045,,
5655.0,0.5607798604040591,0.9999999999965234,28.826636814075048,3.608627459911194,1.0382919943914628,0.004645820529629604,0.00928811027567373,0.013423785167333701,0.0044745950557779,0.0089491901115558,3.7468097112707897,6708.021044220917,0.75,0.85,0.75,0.15,4.0,0.0,0.35,0.8021711060847014,1.0837499999999998,0.9558886051860883,0.51,0.0,0.045,,
5665.0,0.5599436990206187,0.9999999999965175,28.829222343520513,3.6076061291793993,1.0385859364003516,0.004646302432047692,0.009289011697376802,0.013421383409033242,0.004473794469677747,0.008947588939355494,3.7468097112707897,6696.123218126762,0.75,0.85,0.75,0.15,4.0,0.0,0.35,0.8021711060847014,1.0837499999999998,0.9558886051860883,0.51,0.0,0.045,,
5675.0,0.5591073008464357,0.9999999999965115,28.831800344178063,3.6065846723086117,1.0388800812187673,0.004646792265174095,0.009289928945095881,0.01341900329435393,0.004473001098117977,0.008946002196235954,3.7468097112707897,6684.22798907317,0.75,0.85,0.75,0.15,4.0,0.0,0.35,0.8021711060847014,1.0837499999999998,0.9558886051860883,0.51,0.0,0.045,,
5685.0,0.558270665718084,0.9999999999965055,28.834370839750473,3.605563089237169,1.0391744290676743,0.004647290035916138,0.009290862032073615,0.013416644823464111,0.004472214941154704,0.008944429882309408,3.7468097112707897,6672.335358447245,0.75,0.85,0.75,0.15,4.0,0.0,0.35,0.8021711060847014,1.0837499999999998,0.9558886051860883,0.51,0.0,0.045,,
5695.0,0.5574337934719594,0.9999999999964995,28.836933853871294,3.604541379903189,1.0394689801685086,0.004647795751217803,0.009291810971625321,0.013414307996608659,0.004471435998869553,0.008942871997739106,3.7468097112707897,6660.445327637043,0.75,0.85,0.75,0.15,4.0,0.0,0.35,0.8021711060847014,1.0837499999999998,0.9558886051860883,0.51,0.0,0.045,,
5705.0,0.5565966839442791,0.9999999999964934,28.839489410105084,3.6035195442445693,1.0397637347429496,0.004648309418058968,0.009292775777138737,0.013411992814108795,0.004470664271369599,0.008941328542739197,3.7468097112707897,6648.557898031583,0.75,0.85,0.75,0.15,4.0,0.0,0.35,0.8021711060847014,1.0837499999999998,0.9558886051860883,0.51,0.0,0.045,,
5715.0,0.5557593369710816,0.9999999999964871,28.842037531947604,3.6024975821989873,1.040058693013141,0.0046488310434560885,0.009293756462074103,0.013409699276361858,0.004469899758787286,0.008939799517574572,3.7468097112707897,6636.673071020847,0.75,0.85,0.75,0.15,4.0,0.0,0.35,0.8021711060847014,1.0837499999999998,0.9558886051860883,0.51,0.0,0.045,,
5725.0,0.5549217523882263,0.9999999999964809,28.84457824282604,3.6014754937039024,1.0403538552015983,0.004649360634461936,0.009294753039964129,0.013407427383841064,0.004469142461280355,0.00893828492256071,3.7468097112707897,6624.79084799579,0.75,0.85,0.75,0.15,4.0,0.0,0.35,0.8021711060847014,1.0837499999999998,0.9558886051860883,0.51,0.0,0.045,,
5735.0,0.5540839300313931,0.9999999999964747,28.847111566099215,3.6004532786965506,1.040649221531194,0.004649898198165442,0.009295765524413866,0.013405177137095341,0.004468392379031781,0.008936784758063561,3.7468097112707897,6612.911230348328,0.75,0.85,0.75,0.15,4.0,0.0,0.35,0.8021711060847014,1.0837499999999998,0.9558886051860883,0.51,0.0,0.045,,
5745.0,0.5532458697360827,0.9999999999964685,28.849637525057805,3.5994309371139503,1.0409447922251982,0.004650443741691841,0.009296793929100695,0.01340294853674907,0.00446764951224969,0.00893529902449938,3.7468097112707897,6601.034219471365,0.75,0.85,0.75,0.15,4.0,0.0,0.35,0.8021711060847014,1.0837499999999998,0.9558886051860883,0.51,0.0,0.045,,
5755.0,0.5524075713376152,0.9999999999964623,28.85215614292454,3.5984084688928997,1.041240567507232,0.004650997272202542,0.009297838267774264,0.01340074158350191,0.004466913861167304,0.008933827722334607,3.7468097112707897,6589.1598167587745,0.75,0.85,0.75,0.15,4.0,0.0,0.35,0.8021711060847014,1.0837499999999998,0.9558886051860883,0.51,0.0,0.045,,
5765.0,0.5515690346711306,0.9999999999964561,28.854667442854417,3.597385873969977,1.0415365476013398,0.0046515587968952625,0.009298898554256465,0.013398556278128559,0.004466185426042853,0.008932370852085706,3.7468097112707897,6577.288023605413,0.75,0.85,0.75,0.15,4.0,0.0,0.35,0.8021711060847014,1.0837499999999998,0.9558886051860883,0.51,0.0,0.045,,
5775.0,0.5507302595715885,0.9999999999964498,28.85717144793492,3.5963631522815422,1.0418327327319428,0.004652128323003987,0.009299974802441444,0.013396392621478558,0.00446546420715952,0.00893092841431904,3.7468097112707897,6565.418841407134,0.75,0.85,0.75,0.15,4.0,0.0,0.35,0.8021711060847014,1.0837499999999998,0.9558886051860883,0.51,0.0,0.045,,
5785.0,0.5498912458737675,0.9999999999964436,28.85966818118622,3.595340303763734,1.042129123123811,0.004652705857798685,0.009301067026295426,0.013394250614476085,0.004464750204825362,0.008929500409650725,3.7468097112707897,6553.552271560771,0.75,0.85,0.75,0.15,4.0,0.0,0.35,0.8021711060847014,1.0837499999999998,0.9558886051860883,0.51,0.0,0.045,,
5795.0,0.5490519934122648,0.9999999999964374,28.86215766556138,3.594317328352473,1.042425719002118,0.004653291408585586,0.00930217523985674,0.013392130258119738,0.004464043419373247,0.008928086838746494,3.7468097112707897,6541.688315464159,0.75,0.85,0.75,0.15,4.0,0.0,0.35,0.8021711060847014,1.0837499999999998,0.9558886051860883,0.51,0.0,0.045,,
5805.0,0.5482125020214963,0.9999999999964312,28.86463992394658,3.5932942259834597,1.0427225205924449,0.004653884982707128,0.009303299457235797,0.01339003155348233,0.004463343851160777,0.008926687702321554,3.7468097112707897,6529.826974516126,0.75,0.85,0.75,0.15,4.0,0.0,0.35,0.8021711060847014,1.0837499999999998,0.9558886051860883,0.51,0.0,0.045,,
5815.0,0.5473727715356959,0.999999999996425,28.867114979161304,3.592270996592177,1.0430195281207173,0.004654486587541811,0.00930443969261503,0.013387954501710691,0.004462651500570231,0.008925303001140462,3.7468097112707897,6517.968250116503,0.75,0.85,0.75,0.15,4.0,0.0,0.35,0.8021711060847014,1.0837499999999998,0.9558886051860883,0.51,0.0,0.045,,
5825.0,0.5465328017889152,0.9999999999964188,28.869582853958565,3.591247640113886,1.0433167418132614,0.004655096230504231,0.009305595960248828,0.01338589910402545,0.0044619663680084826,0.008923932736016965,3.7468097112707897,6506.112143666125,0.75,0.85,0.75,0.15,4.0,0.0,0.35,0.8021711060847014,1.0837499999999998,0.9558886051860883,0.51,0.0,0.045,,
5835.0,0.5456925926150238,0.9999999999964125,28.872043571025095,3.59022415648363,1.0436141618968227,0.0046557139190452025,0.009306768274463533,0.01338386536172085,0.00446128845390695,0.0089225769078139,3.7468097112707897,6494.258656566844,0.75,0.85,0.75,0.15,4.0,0.0,0.35,0.8021711060847014,1.0837499999999998,0.9558886051860883,0.51,0.0,0.045,,
5845.0,0.5448521438477081,0.9999999999964063,28.87449715298156,3.589200545636236,1.043911788598488,0.0046563396606514925,0.009307956649657364,0.013381853276164521,0.0044606177587215076,0.008921235517443015,3.7468097112707897,6482.40779022152,0.75,0.85,0.75,0.15,4.0,0.0,0.35,0.8021711060847014,1.0837499999999998,0.9558886051860883,0.51,0.0,0.045,,
5855.0,0.5440114553204716,0.9999999999964001,28.876943622382772,3.588176807506308,1.0442096221457557,0.00465697346284602,0.00930916110030041,0.01337986284879731,0.0044599542829324365,0.008919908565864873,3.7468097112707897,6470.559546034028,0.75,0.85,0.75,0.15,4.0,0.0,0.35,0.8021711060847014,1.0837499999999998,0.9558886051860883,0.51,0.0,0.045,,
5865.0,0.5431705268666344,0.9999999999963939,28.879383001717873,3.5871529420282315,1.044507662766507,0.004657615333187745,0.009310381640934586,0.013377894081133043,0.004459298027044347,0.008918596054088694,3.7468097112707897,6458.713925409265,0.75,0.85,0.75,0.15,4.0,0.0,0.35,0.8021711060847014,1.0837499999999998,0.9558886051860883,0.51,0.0,0.045,,
5875.0,0.5423293583193327,0.9999999999963877,28.88181531341056,3.5861289491361763,1.0448059106890246,0.00465826527927168,0.00931161828617358,0.013375946974758362,0.0044586489915861205,0.008917297983172241,3.7468097112707897,6446.870929753159,0.75,0.85,0.75,0.15,4.0,0.0,0.35,0.8021711060847014,1.0837499999999998,0.9558886051860883,0.51,0.0,0.045,,
5885.0,0.5414879495115189,0.9999999999963815,28.884240579819274,3.5851048287640905,1.0451043661419654,0.004658923308728816,0.009312871050702803,0.013374021531332499,0.004458007177110833,0.008916014354221666,3.7468097112707897,6435.0305604726545,0.75,0.85,0.75,0.15,4.0,0.0,0.35,0.8021711060847014,1.0837499999999998,0.9558886051860883,0.51,0.0,0.045,,
5895.0,0.5406463002759611,0.9999999999963752,28.88665882323741,3.5840805808457046,1.0454030293543792,0.00465958942922621,0.0093141399492794,0.013372117752587098,0.0044573725841957,0.0089147451683914,3.7468097112707897,6423.192818975739,0.75,0.85,0.75,0.15,4.0,0.0,0.35,0.8021711060847014,1.0837499999999998,0.9558886051860883,0.51,0.0,0.045,,
5905.0,0.5398044104452423,0.999999999996369,28.889070065893524,3.5830562053145307,1.04570190055573,0.00466026364846693,0.009315424996732177,0.013370235640326002,0.004456745213442,0.008913490426884,3.7468097112707897,6411.3577066714315,0.75,0.85,0.75,0.15,4.0,0.0,0.35,0.8021711060847014,1.0837499999999998,0.9558886051860883,0.51,0.0,0.045,,
5915.0,0.538962279851761,0.9999999999963628,28.89147432995151,3.582031702103862,1.0460009799758485,0.0046609459741899974,0.009316726207961572,0.013368375196425069,0.004456125065475023,0.008912250130950046,3.7468097112707897,6399.525224969788,0.75,0.85,0.75,0.15,4.0,0.0,0.35,0.8021711060847014,1.0837499999999998,0.9558886051860883,0.51,0.0,0.045,,
5925.0,0.5381199083277303,0.9999999999963566,28.893871637510834,3.581007071146773,1.0463002678449536,0.004661636414170383,0.00931804359793962,0.013366536422831976,0.004455512140943993,0.008911024281887985,3.7468097112707897,6387.695375281912,0.75,0.85,0.75,0.15,4.0,0.0,0.35,0.8021711060847014,1.0837499999999998,0.9558886051860883,0.51,0.0,0.045,,
5935.0,0.5372772957051773,0.9999999999963504,28.896262010606716,3.5799823123761194,1.0465997643937037,0.004662334976219151,0.009319377181709946,0.013364719321566021,0.0044549064405220076,0.008909812881044015,3.7468097112707897,6375.868159019949,0.75,0.85,0.75,0.15,4.0,0.0,0.35,0.8021711060847014,1.0837499999999998,0.9558886051860883,0.51,0.0,0.045,,
5945.0,0.5364344418159439,0.9999999999963441,28.898645471210322,3.578957425724541,1.0468994698531184,0.004663041668183212,0.009320726974387693,0.013362923894717937,0.004454307964905979,0.008908615929811958,3.7468097112707897,6364.04357759711,0.75,0.85,0.75,0.15,4.0,0.0,0.35,0.8021711060847014,1.0837499999999998,0.9558886051860883,0.51,0.0,0.045,,
5955.0,0.535591346491685,0.9999999999963379,28.901022041228988,3.5779324111244555,1.0471993844545988,0.00466375649794543,0.009322092991159532,0.01336115014444969,0.004453716714816564,0.008907433429633129,3.7468097112707897,6352.221632427639,0.75,0.85,0.75,0.15,4.0,0.0,0.35,0.8021711060847014,1.0837499999999998,0.9558886051860883,0.51,0.0,0.045,,
5965.0,0.5347480095638696,0.9999999999963317,28.903391742506393,3.5769072685080654,1.047499508429978,0.004664479473424616,0.00932347524728357,0.013359398072994303,0.004453132690998102,0.008906265381996204,3.7468097112707897,6340.402324926856,0.75,0.85,0.75,0.15,4.0,0.0,0.35,0.8021711060847014,1.0837499999999998,0.9558886051860883,0.51,0.0,0.045,,
5975.0,0.5339044308637793,0.9999999999963255,28.90575459682277,3.5758819978073513,1.0477998420114603,0.004665210602575509,0.009324873758089386,0.013357667682655658,0.004452555894218553,0.008905111788437106,3.7468097112707897,6328.5856565111335,0.75,0.85,0.75,0.15,4.0,0.0,0.35,0.8021711060847014,1.0837499999999998,0.9558886051860883,0.51,0.0,0.045,,
5985.0,0.5330606102225085,0.9999999999963193,28.90811062589511,3.57485659895408,1.0481003854316724,0.0046659498933887735,0.009326288538977963,0.013355958975808298,0.004451986325269434,0.008903972650538867,3.7468097112707897,6316.771628597913,0.75,0.85,0.75,0.15,4.0,0.0,0.35,0.8021711060847014,1.0837499999999998,0.9558886051860883,0.51,0.0,0.045,,
5995.0,0.5322165474709645,0.9999999999963131,28.910459851377336,3.573831071879797,1.0484011389236005,0.004666697353890885,0.009327719605421649,0.013354271954897261,0.004451423984965754,0.008902847969931509,3.7468097112707897,6304.960242605709,0.75,0.85,0.75,0.15,4.0,0.0,0.35,0.8021711060847014,1.0837499999999998,0.9558886051860883,0.51,0.0,0.045,,
6005.0,0.5313722424398664,0.9999999999963068,28.912802294860523,3.5728054165158314,1.0487021027206762,0.004667452992144367,0.00932916697296419,0.013352606622437882,0.004450868874145961,0.008901737748291921,3.7468097112707897,6293.151499954103,0.75,0.85,0.75,0.15,4.0,0.0,0.35,0.8021711060847014,1.0837499999999998,0.9558886051860883,0.51,0.0,0.045,,
6015.0,0.5305276949597452,0.9999999999963006,28.915137977873076,3.5717796327932922,1.049003277056696,0.004668216816247463,0.009330630657220612,0.013350962981015596,0.004450320993671866,0.008900641987343732,3.7468097112707897,6281.345402063759,0.75,0.85,0.75,0.15,4.0,0.0,0.35,0.8021711060847014,1.0837499999999998,0.9558886051860883,0.51,0.0,0.045,,
6025.0,0.5296829048609434,0.9999999999962944,28.91746692188094,3.5707537206430713,1.0493046621658895,0.004668988834334439,0.009332110673877285,0.013349341033285785,0.0044497803444285946,0.008899560688857189,3.7468097112707897,6269.54195035642,0.75,0.85,0.75,0.15,4.0,0.0,0.35,0.8021711060847014,1.0837499999999998,0.9558886051860883,0.51,0.0,0.045,,
6035.0,0.5288378719736148,0.9999999999962882,28.91978914828779,3.569727679995843,1.0496062582828747,0.0046697690545753606,0.009333607038691842,0.013347740781973547,0.004449246927324516,0.008898493854649032,3.7468097112707897,6257.741146254912,0.75,0.85,0.75,0.15,4.0,0.0,0.35,0.8021711060847014,1.0837499999999998,0.9558886051860883,0.51,0.0,0.045,,
6045.0,0.5279925961277238,0.999999999996282,28.92210467843521,3.568701510782063,1.049908065642657,0.004670557485176108,0.009335119767493152,0.013346162229873572,0.0044487207432911905,0.008897441486582381,3.7468097112707897,6245.942991183154,0.75,0.85,0.75,0.15,4.0,0.0,0.35,0.8021711060847014,1.0837499999999998,0.9558886051860883,0.51,0.0,0.045,,
6055.0,0.5271470771530455,0.9999999999962758,28.924413533602905,3.5676752129319707,1.0502100844806517,0.004671354134378439,0.009336648876181311,0.013344605379849895,0.004448201793283298,0.008896403586566596,3.7468097112707897,6234.147486566155,0.75,0.85,0.75,0.15,4.0,0.0,0.35,0.8021711060847014,1.0837499999999998,0.9558886051860883,0.51,0.0,0.045,,
6065.0,0.5263013148791654,0.9999999999962695,28.92671573500889,3.5666487863755836,1.0505123150327005,0.004672159010459984,0.009338194380727615,0.013343070234835774,0.004447690078278593,0.008895380156557185,3.7468097112707897,6222.354633830019,0.75,0.85,0.75,0.15,4.0,0.0,0.35,0.8021711060847014,1.0837499999999998,0.9558886051860883,0.51,0.0,0.045,,
6075.0,0.5254553091354786,0.9999999999962633,28.929011303809673,3.5656222310427057,1.0508147575350246,0.004672972121734186,0.009339756297174545,0.013341556797833476,0.004447185599277826,0.008894371198555653,3.7468097112707897,6210.564434401952,0.75,0.85,0.75,0.15,4.0,0.0,0.35,0.8021711060847014,1.0837499999999998,0.9558886051860883,0.51,0.0,0.045,,
6085.0,0.5246090597511897,0.9999999999962571,28.931300261100457,3.5645955468629182,1.0511174122242772,0.004673793476550352,0.009341334641635739,0.013340065071914108,0.004446688357304702,0.008893376714609404,3.7468097112707897,6198.776889710261,0.75,0.85,0.75,0.15,4.0,0.0,0.35,0.8021711060847014,1.0837499999999998,0.9558886051860883,0.51,0.0,0.045,,
6095.0,0.5237625665553127,0.9999999999962509,28.933582627915328,3.5635687337655892,1.0514202793374958,0.00467462308329358,0.009342929430295974,0.013338595060217433,0.004446198353405811,0.008892396706811622,3.7468097112707897,6186.9920011843615,0.75,0.85,0.75,0.15,4.0,0.0,0.35,0.8021711060847014,1.0837499999999998,0.9558886051860883,0.51,0.0,0.045,,
6105.0,0.5229158293766705,0.9999999999962447,28.93585842522744,3.5625417916798665,1.0517233591121204,0.004675460950384734,0.00934454067941111,0.013337146765951694,0.004445715588650565,0.00889143117730113,3.7468097112707897,6175.209770254781,0.75,0.85,0.75,0.15,4.0,0.0,0.35,0.8021711060847014,1.0837499999999998,0.9558886051860883,0.51,0.0,0.045,,
6115.0,0.5220688480438944,0.9999999999962385,28.93812767394921,3.561514720534679,1.052026651786028,0.004676307086280588,0.009346168405308126,0.013335720192393461,0.004445240064131154,0.008890480128262308,3.7468097112707897,6163.4301983531595,0.75,0.85,0.75,0.15,4.0,0.0,0.35,0.8021711060847014,1.0837499999999998,0.9558886051860883,0.51,0.0,0.045,,
6125.0,0.5212216223854242,0.9999999999962322,28.94039039493251,3.56048752025874,1.0523301575974864,0.004677161499473672,0.00934781262438506,0.013334315342887414,0.004444771780962472,0.008889543561924944,3.7468097112707897,6151.653286912259,0.75,0.85,0.75,0.15,4.0,0.0,0.35,0.8021711060847014,1.0837499999999998,0.9558886051860883,0.51,0.0,0.045,,
6135.0,0.5203741522295073,0.999999999996226,28.942646608968854,3.5594601907805434,1.0526338767851722,0.0046780241984923174,0.009349473353111017,0.013332932220846196,0.004444310740282065,0.00888862148056413,3.7468097112707897,6139.879037365962,0.75,0.85,0.75,0.15,4.0,0.0,0.35,0.8021711060847014,1.0837499999999998,0.9558886051860883,0.51,0.0,0.045,,
6145.0,0.519526437404199,0.9999999999962198,28.94489633678958,3.558432732028366,1.0529378095881707,0.004678895191900637,0.009351150608026113,0.013331570829750242,0.00444385694325008,0.00888771388650016,3.7468097112707897,6128.107451149277,0.75,0.85,0.75,0.15,4.0,0.0,0.35,0.8021711060847014,1.0837499999999998,0.9558886051860883,0.51,0.0,0.045,,
6155.0,0.5186784777373615,0.9999999999962136,28.94713959906604,3.557405143930266,1.0532419562460138,0.004679774488298627,0.009352844405741516,0.013330231173147584,0.004443410391049194,0.008886820782098388,3.7468097112707897,6116.338529698341,0.75,0.85,0.75,0.15,4.0,0.0,0.35,0.8021711060847014,1.0837499999999998,0.9558886051860883,0.51,0.0,0.045,,
6165.0,0.5178302730566642,0.9999999999962074,28.949376416409798,3.5563774264140844,1.0535463169985784,0.004680662096321888,0.009354554762939345,0.01332891325465371,0.00444297108488457,0.00888594216976914,3.7468097112707897,6104.572274450426,0.75,0.85,0.75,0.15,4.0,0.0,0.35,0.8021711060847014,1.0837499999999998,0.9558886051860883,0.51,0.0,0.045,,
6175.0,0.516981823189583,0.9999999999962011,28.9516068093728,3.5553495794074434,1.0538508920862084,0.004681558024641958,0.009356281696372728,0.013327617077951359,0.004442539025983787,0.008885078051967574,3.7468097112707897,6092.808686843945,0.75,0.85,0.75,0.15,4.0,0.0,0.35,0.8021711060847014,1.0837499999999998,0.9558886051860883,0.51,0.0,0.045,,
6185.0,0.5161331279633999,0.9999999999961949,28.95383079844758,3.554321602837747,1.054155681749662,0.004682462281966145,0.009358025222865758,0.013326342646790383,0.004442114215596794,0.008884228431193589,3.7468097112707897,6081.0477683184445,0.75,0.85,0.75,0.15,4.0,0.0,0.35,0.8021711060847014,1.0837499999999998,0.9558886051860883,0.51,0.0,0.045,,
6195.0,0.5152841872052032,0.9999999999961887,28.956048404067417,3.5532934966321847,1.054460686230083,0.004683374877037498,0.009359785359313496,0.013325089964987559,0.004441696654995854,0.008883393309991707,3.7468097112707897,6069.289520314624,0.75,0.85,0.75,0.15,4.0,0.0,0.35,0.8021711060847014,1.0837499999999998,0.9558886051860883,0.51,0.0,0.045,,
6205.0,0.5144350007418863,0.9999999999961825,28.958259646606543,3.552265260717725,1.0547659057690342,0.004684295818634764,0.009361562122681888,0.013323859036426416,0.004441286345475473,0.008882572690950946,3.7468097112707897,6057.533944274324,0.75,0.85,0.75,0.15,4.0,0.0,0.35,0.8021711060847014,1.0837499999999998,0.9558886051860883,0.51,0.0,0.045,,
6215.0,0.5135855684001481,0.9999999999961763,28.96046454638033,3.5512368950211175,1.0550713406085475,0.004685225115572704,0.009363355530007883,0.013322649865057101,0.004440883288352368,0.008881766576704735,3.7468097112707897,6045.781041640543,0.75,0.85,0.75,0.15,4.0,0.0,0.35,0.8021711060847014,1.0837499999999998,0.9558886051860883,0.51,0.0,0.045,,
6225.0,0.5127358900064924,0.9999999999961701,28.962663123645452,3.5502083994688958,1.0553769909909947,0.004686162776701591,0.009365165598399297,0.013321462454896158,0.004440487484965386,0.008880974969930773,3.7468097112707897,6034.030813857431,0.75,0.85,0.75,0.15,4.0,0.0,0.35,0.8021711060847014,1.0837499999999998,0.9558886051860883,0.51,0.0,0.045,,
6235.0,0.5118859653872276,0.9999999999961638,28.96485539860009,3.549179773987376,1.0556828571592185,0.004687108810907609,0.009366992345034854,0.013320296810026418,0.004440098936675473,0.008880197873350947,3.7468097112707897,6022.283262370306,0.75,0.85,0.75,0.15,4.0,0.0,0.35,0.8021711060847014,1.0837499999999998,0.9558886051860883,0.51,0.0,0.045,,
6245.0,0.5110357943684661,0.9999999999961576,28.9670413913841,3.5481510185026557,1.055988939356453,0.004688063227112627,0.009368835787164145,0.013319152934596797,0.004439717644865599,0.008879435289731199,3.7468097112707897,6010.538388625638,0.75,0.85,0.75,0.15,4.0,0.0,0.35,0.8021711060847014,1.0837499999999998,0.9558886051860883,0.51,0.0,0.045,,
6255.0,0.5101853767761245,0.9999999999961514,28.969221122079208,3.5471221329406135,1.0562952378263724,0.004689026034274369,0.009370695942107666,0.01331803083282215,0.0044393436109407165,0.008878687221881433,3.7468097112707897,5998.796194071072,0.75,0.85,0.75,0.15,4.0,0.0,0.35,0.8021711060847014,1.0837499999999998,0.9558886051860883,0.51,0.0,0.045,,
6265.0,0.5093347124359228,0.9999999999961452,28.971394610709183,3.546093117226912,1.0566017528130769,0.004689997241386309,0.009372572827256773,0.013316930508983095,0.004438976836327699,0.008877953672655398,3.7468097112707897,5987.056680155427,0.75,0.85,0.75,0.15,4.0,0.0,0.35,0.8021711060847014,1.0837499999999998,0.9558886051860883,0.51,0.0,0.045,,
6275.0,0.5084838011733842,0.999999999996139,28.973561877240016,3.545063971286994,1.056908484561059,0.004690976857477635,0.009374466460073673,0.01331585196742587,0.004438617322475291,0.008877234644950582,3.7468097112707897,5975.319848328687,0.75,0.85,0.75,0.15,4.0,0.0,0.35,0.8021711060847014,1.0837499999999998,0.9558886051860883,0.51,0.0,0.045,,
6285.0,0.5076326428138349,0.9999999999961328,28.975722941580106,3.5440346950460855,1.0572154333152552,0.00469196489161335,0.009376376858091428,0.013314795212562154,0.004438265070854052,0.008876530141708104,3.7468097112707897,5963.585700042027,0.75,0.85,0.75,0.15,4.0,0.0,0.35,0.8021711060847014,1.0837499999999998,0.9558886051860883,0.51,0.0,0.045,,
6295.0,0.5067812371824035,0.9999999999961265,28.97787782358044,3.5430052884291934,1.057522599321012,0.004692961352894159,0.009378304038913913,0.01331376024886892,0.004437920082956307,0.008875840165912615,3.7468097112707897,5951.854236747791,0.75,0.85,0.75,0.15,4.0,0.0,0.35,0.8021711060847014,1.0837499999999998,0.9558886051860883,0.51,0.0,0.045,,
6305.0,0.5059295841040209,0.9999999999961203,28.98002654303477,3.5419757513611074,1.0578299828241218,0.004693966250456647,0.009380248020215877,0.01331274708088825,0.004437582360296084,0.008875164720592167,3.7468097112707897,5940.12545989952,0.75,0.85,0.75,0.15,4.0,0.0,0.35,0.8021711060847014,1.0837499999999998,0.9558886051860883,0.51,0.0,0.045,,
6315.0,0.5050776834034199,0.9999999999961141,28.982169119679803,3.5409460837663995,1.0581375840707705,0.004694979593473059,0.009382208819742865,0.013311755713227222,0.004437251904409074,0.008874503808818148,3.7468097112707897,5928.3993709519455,0.75,0.85,0.75,0.15,4.0,0.0,0.35,0.8021711060847014,1.0837499999999998,0.9558886051860883,0.51,0.0,0.045,,
6325.0,0.5042255349051346,0.9999999999961079,28.984305573195357,3.5399162855694217,1.0584454033076247,0.004696001391151565,0.009384186455311288,0.013310786150557702,0.0044369287168525675,0.008873857433705135,3.7468097112707897,5916.67597136098,0.75,0.85,0.75,0.15,4.0,0.0,0.35,0.8021711060847014,1.0837499999999998,0.9558886051860883,0.51,0.0,0.045,,
6335.0,0.5033731384335003,0.9999999999961017,28.98643592320456,3.5388863566943107,1.058753440781712,0.004697031652735933,0.009386180944808335,0.013309838397616229,0.00443661279920541,0.00887322559841082,3.7468097112707897,5904.955262583747,0.75,0.85,0.75,0.15,4.0,0.0,0.35,0.8021711060847014,1.0837499999999998,0.9558886051860883,0.51,0.0,0.045,,
6345.0,0.5025204938126533,0.9999999999960955,28.988560189274015,3.5378562970649816,1.0590616967405082,0.004698070387505729,0.009388192306191988,0.013308912459203822,0.0044363041530679406,0.008872608306135881,3.7468097112707897,5893.237246078564,0.75,0.85,0.75,0.15,4.0,0.0,0.35,0.8021711060847014,1.0837499999999998,0.9558886051860883,0.51,0.0,0.045,,
6355.0,0.5016676008665304,0.9999999999960892,28.990678390913978,3.5368261066051336,1.0593701714319497,0.004699117604776405,0.009390220557491055,0.013308008340185862,0.004436002780061954,0.008872005560123908,3.7468097112707897,5881.521923304957,0.75,0.85,0.75,0.15,4.0,0.0,0.35,0.8021711060847014,1.0837499999999998,0.9558886051860883,0.51,0.0,0.045,,
6365.0,0.5008144594188683,0.999999999996083,28.99279054757855,3.5357957852382484,1.0596788651043882,0.004700173313899192,0.009392265716805175,0.013307126045491904,0.0044357086818306345,0.008871417363661269,3.7468097112707897,5869.80929572366,0.75,0.85,0.75,0.15,4.0,0.0,0.35,0.8021711060847014,1.0837499999999998,0.9558886051860883,0.51,0.0,0.045,,
6375.0,0.49996106929320355,0.9999999999960768,28.994896678665835,3.5347653328875865,1.0599877780065716,0.00470123752426097,0.009394327802304744,0.01330626558011554,0.0044354218600385145,0.008870843720077029,3.7468097112707897,5858.099364796618,0.75,0.85,0.75,0.15,4.0,0.0,0.35,0.8021711060847014,1.0837499999999998,0.9558886051860883,0.51,0.0,0.045,,
6385.0,0.49910743031287236,0.9999999999960706,28.996996803518122,3.5337347494761935,1.0602969103877102,0.004702310245284484,0.009396406832230964,0.013305426949114251,0.0044351423163714165,0.008870284632742833,3.7468097112707897,5846.392131986997,0.75,0.85,0.75,0.15,4.0,0.0,0.35,0.8021711060847014,1.0837499999999998,0.9558886051860883,0.51,0.0,0.045,,
6395.0,0.49825354230100977,0.9999999999960644,28.999090941422057,3.5327040349268928,1.060606262497462,0.004703391486428345,0.009398502824895856,0.01330461015760924,0.004434870052536414,0.008869740105072828,3.7468097112707897,5834.687598759175,0.75,0.85,0.75,0.15,4.0,0.0,0.35,0.8021711060847014,1.0837499999999998,0.9558886051860883,0.51,0.0,0.045,,
6405.0,0.49739940508054964,0.9999999999960582,29.00117911160882,3.5316731891622926,1.060915834585864,0.004704481257186796,0.009400615798682201,0.013303815210785294,0.004434605070261764,0.008869210140523527,3.7468097112707897,5822.985766578761,0.75,0.85,0.75,0.15,4.0,0.0,0.35,0.8021711060847014,1.0837499999999998,0.9558886051860883,0.51,0.0,0.045,,
6415.0,0.4965450184742243,0.9999999999960519,29.0032613332543,3.5306422121047807,1.0612256269034497,0.0047055795670900725,0.00940274577204363,0.013303042113890625,0.004434347371296875,0.00886869474259375,3.7468097112707897,5811.286636912589,0.75,0.85,0.75,0.15,4.0,0.0,0.35,0.8021711060847014,1.0837499999999998,0.9558886051860883,0.51,0.0,0.045,,
6425.0,0.495690382304564,0.9999999999960457,29.005337625479267,3.5296111036765287,1.0615356397011317,0.004706686425704022,0.009404892763504506,0.013302290872236727,0.004434096957412243,0.008868193914824485,3.7468097112707897,5799.590211228728,0.75,0.85,0.75,0.15,4.0,0.0,0.35,0.8021711060847014,1.0837499999999998,0.9558886051860883,0.51,0.0,0.045,,
6435.0,0.49483549639389685,0.9999999999960395,29.007408007349547,3.5285798637994854,1.061845873230318,0.004707801842630494,0.009407056791660044,0.013301561491198224,0.004433853830399409,0.008867707660798817,3.7468097112707897,5787.896490996471,0.75,0.85,0.75,0.15,4.0,0.0,0.35,0.8021711060847014,1.0837499999999998,0.9558886051860883,0.51,0.0,0.045,,
6445.0,0.4939803605643481,0.9999999999960333,29.009472497876185,3.5275484923953857,1.062156327742779,0.00470892582750694,0.009409237875176205,0.013300853976212714,0.004433617992070905,0.00886723598414181,3.7468097112707897,5776.205477686365,0.75,0.85,0.75,0.15,4.0,0.0,0.35,0.8021711060847014,1.0837499999999998,0.9558886051860883,0.51,0.0,0.045,,
6455.0,0.4931249746378401,0.9999999999960271,29.011531116015632,3.5265169893857435,1.0624670034907788,0.004710058390006787,0.009411436032789777,0.01330016833278064,0.004433389444260213,0.008866778888520426,3.7468097112707897,5764.517172770193,0.75,0.85,0.75,0.15,4.0,0.0,0.35,0.8021711060847014,1.0837499999999998,0.9558886051860883,0.51,0.0,0.045,,
6465.0,0.4922693384360919,0.9999999999960208,29.01358388066991,3.525485354691854,1.0627779007270257,0.004711199539839351,0.0094136512833084,0.013299504566465128,0.004433168188821711,0.008866336377643422,3.7468097112707897,5752.83157772098,0.75,0.85,0.75,0.15,4.0,0.0,0.35,0.8021711060847014,1.0837499999999998,0.9558886051860883,0.51,0.0,0.045,,
6475.0,0.4914134517806187,0.9999999999960146,29.01563081068677,3.5244535882347927,1.0630890197046217,0.004712349286749587,0.009415883645610459,0.013298862682891852,0.004432954227630618,0.008865908455261235,3.7468097112707897,5741.148694013009,0.75,0.85,0.75,0.15,4.0,0.0,0.35,0.8021711060847014,1.0837499999999998,0.9558886051860883,0.51,0.0,0.045,,
6485.0,0.4905573144927317,0.9999999999960084,29.017671924859886,3.5234216899354194,1.0634003606771278,0.004713507640518347,0.009418133138645146,0.013298242687748879,0.004432747562582959,0.008865495125165919,3.7468097112707897,5729.4685231218145,0.75,0.85,0.75,0.15,4.0,0.0,0.35,0.8021711060847014,1.0837499999999998,0.9558886051860883,0.51,0.0,0.045,,
6495.0,0.4897009263935377,0.9999999999960022,29.019707241929005,3.5223896597143702,1.063711923898564,0.004714674610962442,0.009420399781432514,0.013297644586786528,0.00443254819559551,0.00886509639119102,3.7468097112707897,5717.7910665241825,0.75,0.85,0.75,0.15,4.0,0.0,0.35,0.8021711060847014,1.0837499999999998,0.9558886051860883,0.51,0.0,0.045,,
6505.0,0.48884428730393864,0.999999999995996,29.021736780580127,3.5213574974920676,1.0640237096233733,0.004715850207934446,0.009422683593063426,0.013297068385817236,0.004432356128605746,0.008864712257211492,3.7468097112707897,5706.116325698175,0.75,0.85,0.75,0.15,4.0,0.0,0.35,0.8021711060847014,1.0837499999999998,0.9558886051860883,0.51,0.0,0.045,,
6515.0,0.4879873970446314,0.9999999999959898,29.02376055944567,3.5203252031887105,1.064335718106457,0.004717034441322827,0.009424984592699566,0.013296514090715406,0.004432171363571802,0.008864342727143605,3.7468097112707897,5694.444302123105,0.75,0.85,0.75,0.15,4.0,0.0,0.35,0.8021711060847014,1.0837499999999998,0.9558886051860883,0.51,0.0,0.045,,
6525.0,0.48713025543610733,0.9999999999959835,29.025778597104637,3.5192927767242814,1.064647949603138,0.004718227321051892,0.009427302799573465,0.013295981707417262,0.004431993902472421,0.008863987804944842,3.7468097112707897,5682.774997279564,0.75,0.85,0.75,0.15,4.0,0.0,0.35,0.8021711060847014,1.0837499999999998,0.9558886051860883,0.51,0.0,0.045,,
6535.0,0.4862728622986519,0.9999999999959773,29.02779091208279,3.518260218018541,1.0649604043692102,0.004719428857081896,0.009429638232988516,0.01329547124192072,0.004431823747306906,0.008863647494613812,3.7468097112707897,5671.108412649408,0.75,0.85,0.75,0.15,4.0,0.0,0.35,0.8021711060847014,1.0837499999999998,0.9558886051860883,0.51,0.0,0.045,,
6545.0,0.48541521745234445,0.9999999999959711,29.02979752285281,3.5172275269910354,1.065273082660871,0.004720639059408831,0.009431990912318913,0.013294982700285247,0.004431660900095083,0.008863321800190166,3.7468097112707897,5659.444549715783,0.75,0.85,0.75,0.15,4.0,0.0,0.35,0.8021711060847014,1.0837499999999998,0.9558886051860883,0.51,0.0,0.045,,
6555.0,0.4845573207170576,0.9999999999959649,29.031798447834472,3.516194703561087,1.065585984734821,0.004721857938064782,0.00943436085700976,0.013294516088631698,0.004431505362877233,0.008863010725754466,3.7468097112707897,5647.783409963104,0.75,0.85,0.75,0.15,4.0,0.0,0.35,0.8021711060847014,1.0837499999999998,0.9558886051860883,0.51,0.0,0.045,,
6565.0,0.48369917191245726,0.9999999999959587,29.033793705394803,3.515161747647799,1.0658991108481606,0.004723085503117586,0.009436748086577,0.013294071413142218,0.004431357137714072,0.008862714275428145,3.7468097112707897,5636.124994877071,0.75,0.85,0.75,0.15,4.0,0.0,0.35,0.8021711060847014,1.0837499999999998,0.9558886051860883,0.51,0.0,0.045,,
6575.0,0.48284077085800187,0.9999999999959525,29.035783313848253,3.5141286591700585,1.0662124612584907,0.004724321764671165,0.009439152620607514,0.013293648680060062,0.004431216226686688,0.008862432453373375,3.7468097112707897,5624.4693059446845,0.75,0.85,0.75,0.15,4.0,0.0,0.35,0.8021711060847014,1.0837499999999998,0.9558886051860883,0.51,0.0,0.045,,
6585.0,0.4819821173729423,0.9999999999959462,29.03776729145686,3.513095438046529,1.066526036223776,0.004725566732865134,0.009441574478759023,0.013293247895689494,0.004431082631896498,0.008862165263792996,3.7468097112707897,5612.816344654219,0.75,0.85,0.75,0.15,4.0,0.0,0.35,0.8021711060847014,1.0837499999999998,0.9558886051860883,0.51,0.0,0.045,,
6595.0,0.4811232112763213,0.99999999999594,29.03974565643041,3.512062084195657,1.0668398360025293,0.004726820417875257,0.009444013680760178,0.013292869066395624,0.004430956355465208,0.008861912710930417,3.7468097112707897,5601.166112495261,0.75,0.85,0.75,0.15,4.0,0.0,0.35,0.8021711060847014,1.0837499999999998,0.9558886051860883,0.51,0.0,0.045,,
6605.0,0.4802640523869734,0.9999999999959338,29.04171842692661,3.511028597535668,1.0671538608536408,0.004728082829913093,0.00944647024641052,0.013292512198604287,0.004430837399534763,0.008861674799069526,3.7468097112707897,5589.518610958687,0.75,0.85,0.75,0.15,4.0,0.0,0.35,0.8021711060847014,1.0837499999999998,0.9558886051860883,0.51,0.0,0.045,,
6615.0,0.4794046405235243,0.9999999999959276,29.04368562105125,3.509994977984568,1.0674681110364945,0.004729353979226296,0.009448944195580572,0.013292177298801904,0.004430725766267301,0.008861451532534603,3.7468097112707897,5577.873841536677,0.75,0.85,0.75,0.15,4.0,0.0,0.35,0.8021711060847014,1.0837499999999998,0.9558886051860883,0.51,0.0,0.045,,
6625.0,0.47854497550439057,0.9999999999959213,29.04564725685836,3.5089612254601437,1.0677825868109163,0.004730633876098394,0.009451435548211755,0.013291864373535345,0.004430621457845115,0.00886124291569023,3.7468097112707897,5566.231805722725,0.75,0.85,0.75,0.15,4.0,0.0,0.35,0.8021711060847014,1.0837499999999998,0.9558886051860883,0.51,0.0,0.045,,
6635.0,0.47768505714777937,0.9999999999959148,29.047603352350375,3.5079273398799593,1.0680972884371882,0.0047319225308489485,0.009453944324316479,0.013291573429411811,0.004430524476470603,0.008861048952941207,3.7468097112707897,5554.592505011629,0.75,0.85,0.75,0.15,4.0,0.0,0.35,0.8021711060847014,1.0837499999999998,0.9558886051860883,0.51,0.0,0.045,,
6645.0,0.47682488527168804,0.9999999999959084,29.049553925478307,3.5068933211613644,1.0684122161760143,0.004733219953833417,0.009456470543978098,0.013291304473098675,0.004430434824366225,0.00886086964873245,3.7468097112707897,5542.955940899511,0.75,0.85,0.75,0.15,4.0,0.0,0.35,0.8021711060847014,1.0837499999999998,0.9558886051860883,0.51,0.0,0.045,,
6655.0,0.4759644596939036,0.999999999995902,29.05149899414189,3.5058591692214813,1.0687273702886022,0.004734526155443364,0.009459014227350963,0.01329105751132336,0.004430352503774454,0.008860705007548908,3.7468097112707897,5531.3221148838,0.75,0.85,0.75,0.15,4.0,0.0,0.35,0.8021711060847014,1.0837499999999998,0.9558886051860883,0.51,0.0,0.045,,
6665.0,0.47510378023200256,0.9999999999958955,29.053438576189766,3.504824883977217,1.0690427510366092,0.0047358411461064075,0.009461575394660462,0.013290832550873231,0.004430277516957744,0.008860555033915488,3.7468097112707897,5519.691028463257,0.75,0.85,0.75,0.15,4.0,0.0,0.35,0.8021711060847014,1.0837499999999998,0.9558886051860883,0.51,0.0,0.045,,
6675.0,0.4742428467033505,0.9999999999958891,29.055372689419617,3.5037904653452565,1.069358358682126,0.004737164936286083,0.009464154066202974,0.013290629598595425,0.004430209866198475,0.00886041973239695,3.7468097112707897,5508.062683137963,0.75,0.85,0.75,0.15,4.0,0.0,0.35,0.8021711060847014,1.0837499999999998,0.9558886051860883,0.51,0.0,0.045,,
6685.0,0.4733816589251017,0.9999999999958826,29.05730135157835,3.5027559132420643,1.0696741934877054,0.004738497536481997,0.009466750262345915,0.01329044866139676,0.00443014955379892,0.00886029910759784,3.7468097112707897,5496.437080409335,0.75,0.85,0.75,0.15,4.0,0.0,0.35,0.8021711060847014,1.0837499999999998,0.9558886051860883,0.51,0.0,0.045,,
6695.0,0.47252021671419875,0.9999999999958762,29.059224580362244,3.501721227583883,1.069990255716397,0.004739838957229892,0.009469364003527764,0.01329028974624357,0.00443009658208119,0.00886019316416238,3.7468097112707897,5484.814221780118,0.75,0.85,0.75,0.15,4.0,0.0,0.35,0.8021711060847014,1.0837499999999998,0.9558886051860883,0.51,0.0,0.045,,
6705.0,0.4716585198873722,0.9999999999958697,29.061142393417118,3.5006864082867386,1.0703065456316394,0.004741189209101449,0.009471995310258077,0.01329015286016162,0.004430050953387207,0.008860101906774415,3.7468097112707897,5473.194108754402,0.75,0.85,0.75,0.15,4.0,0.0,0.35,0.8021711060847014,1.0837499999999998,0.9558886051860883,0.51,0.0,0.045,,
6715.0,0.47079656826114014,0.9999999999958633,29.063054808338478,3.499651455266432,1.0706230634974148,0.004742548302704571,0.009474644203117498,0.013290038010235922,0.0044300126700786415,0.008860025340157283,3.7468097112707897,5461.576742837612,0.75,0.85,0.75,0.15,4.0,0.0,0.35,0.8021711060847014,1.0837499999999998,0.9558886051860883,0.51,0.0,0.045,,
6725.0,0.46993436165180785,0.9999999999958569,29.06496184267169,3.498616368438545,1.0709398095781233,0.004743916248683242,0.009477310702757827,0.01328994520361067,0.00442998173453689,0.00885996346907378,3.7468097112707897,5449.962125536522,0.75,0.85,0.75,0.15,4.0,0.0,0.35,0.8021711060847014,1.0837499999999998,0.9558886051860883,0.51,0.0,0.045,,
6735.0,0.46907189987546755,0.9999999999958504,29.06686351391213,3.497581147718438,1.0712567841386196,0.004745293057717422,0.009479994829901923,0.013289874447489053,0.004429958149163019,0.008859916298326038,3.7468097112707897,5438.3502583592535,0.75,0.85,0.75,0.15,4.0,0.0,0.35,0.8021711060847014,1.0837499999999998,0.9558886051860883,0.51,0.0,0.045,,
6745.0,0.46820918274799783,0.999999999995844,29.06875983950534,3.4965457930212502,1.071573987444238,0.004746678740523347,0.009482696605343864,0.013289825749133196,0.004429941916377732,0.008859883832755464,3.7468097112707897,5426.741142815285,0.75,0.85,0.75,0.15,4.0,0.0,0.35,0.8021711060847014,1.0837499999999998,0.9558886051860883,0.51,0.0,0.045,,
6755.0,0.46734621008506333,0.9999999999958376,29.070650836847197,3.4955103042619,1.071891419760796,0.004748073307853387,0.0094854160499489,0.013289799115863962,0.004429933038621321,0.008859866077242642,3.7468097112707897,5415.134780415447,0.75,0.85,0.75,0.15,4.0,0.0,0.35,0.8021711060847014,1.0837499999999998,0.9558886051860883,0.51,0.0,0.045,,
6765.0,0.4664829817021145,0.9999999999958311,29.072536523284057,3.494474681355084,1.0722090813545688,0.004749476770496044,0.009488153184653462,0.013289794555060897,0.004429931518353632,0.008859863036707265,3.7468097112707897,5403.531172671933,0.75,0.85,0.75,0.15,4.0,0.0,0.35,0.8021711060847014,1.0837499999999998,0.9558886051860883,0.51,0.0,0.045,,
6775.0,0.4656194974143871,0.9999999999958247,29.074416916112924,3.4934389242152775,1.0725269724922422,0.004750889139275893,0.009490908030465196,0.013289812074162051,0.004429937358054018,0.008859874716108036,3.7468097112707897,5391.930321098304,0.75,0.85,0.75,0.15,4.0,0.0,0.35,0.8021711060847014,1.0837499999999998,0.9558886051860883,0.51,0.0,0.045,,
6785.0,0.4647557570369017,0.9999999999958182,29.076292032581584,3.492403032756734,1.072845093441071,0.004752310425053938,0.00949368060846304,0.013289851680663902,0.004429950560221301,0.008859901120442602,3.7468097112707897,5380.332227209486,0.75,0.85,0.75,0.15,4.0,0.0,0.35,0.8021711060847014,1.0837499999999998,0.9558886051860883,0.51,0.0,0.045,,
6795.0,0.4638917603844637,0.9999999999958118,29.078161889888797,3.4913670068934866,1.0731634444686986,0.004753740638727142,0.009496470939797129,0.013289913382121184,0.004429971127373728,0.008859942254747457,3.7468097112707897,5368.736892521779,0.75,0.85,0.75,0.15,4.0,0.0,0.35,0.8021711060847014,1.0837499999999998,0.9558886051860883,0.51,0.0,0.045,,
6805.0,0.4630275072716626,0.9999999999958054,29.08002650518441,3.4903308465393437,1.0734820258432818,0.004755179791228911,0.009499279045688981,0.013289997186146827,0.004429999062048941,0.008859998124097882,3.7468097112707897,5357.144318552859,0.75,0.85,0.75,0.15,4.0,0.0,0.35,0.8021711060847014,1.0837499999999998,0.9558886051860883,0.51,0.0,0.045,,
6815.0,0.4621629975128715,0.9999999999957989,29.081885895569553,3.4892945516078946,1.0738008378334094,0.004756627893528714,0.009502104947431382,0.013290103100411767,0.0044300343668039225,0.008860068733607845,3.7468097112707897,5345.554506821782,0.75,0.85,0.75,0.15,4.0,0.0,0.35,0.8021711060847014,1.0837499999999998,0.9558886051860883,0.51,0.0,0.045,,
6825.0,0.46129823092224725,0.9999999999957925,29.083740078096753,3.488258122012504,1.074119880708211,0.004758084956632456,0.009504948666388482,0.013290231132644896,0.004430077044214966,0.008860154088429932,3.7468097112707897,5333.967458848986,0.75,0.85,0.75,0.15,4.0,0.0,0.35,0.8021711060847014,1.0837499999999998,0.9558886051860883,0.51,0.0,0.045,,
6835.0,0.4604332073137296,0.999999999995786,29.08558906977012,3.4872215576663175,1.074439154737208,0.004759550991582161,0.009507810223995805,0.013290381290632888,0.004430127096877629,0.008860254193755258,3.7468097112707897,5322.383176156304,0.75,0.85,0.75,0.15,4.0,0.0,0.35,0.8021711060847014,1.0837499999999998,0.9558886051860883,0.51,0.0,0.045,,
6845.0,0.45956792650104106,0.9999999999957796,29.087432887545486,3.4861848584822557,1.0747586601904582,0.004761026009456293,0.009510689641760292,0.01329055358222011,0.0044301845274067045,0.008860369054813409,3.7468097112707897,5310.801660266953,0.75,0.85,0.75,0.15,4.0,0.0,0.35,0.8021711060847014,1.0837499999999998,0.9558886051860883,0.51,0.0,0.045,,
6855.0,0.45870238829768634,0.9999999999957732,29.089271548330558,3.485148024373017,1.0750783973384526,0.004762510021369494,0.009513586941260286,0.013290748015308496,0.004430249338436166,0.008860498676872332,3.7468097112707897,5299.222912705551,0.75,0.85,0.75,0.15,4.0,0.0,0.35,0.8021711060847014,1.0837499999999998,0.9558886051860883,0.51,0.0,0.045,,
6865.0,0.4578365925169521,0.9999999999957667,29.091105068985076,3.4841110552510783,1.0753983664522129,0.00476400303847293,0.009516502144145633,0.013290964597857427,0.004430321532619143,0.008860643065238287,3.7468097112707897,5287.646934998108,0.75,0.85,0.75,0.15,4.0,0.0,0.35,0.8021711060847014,1.0837499999999998,0.9558886051860883,0.51,0.0,0.045,,
6875.0,0.4569705389719065,0.9999999999957603,29.092933466320957,3.4830739510286914,1.075718567803171,0.004765505071953927,0.00951943527213764,0.013291203337883617,0.004430401112627873,0.008860802225255746,3.7468097112707897,5276.073728672044,0.75,0.85,0.75,0.15,4.0,0.0,0.35,0.8021711060847014,1.0837499999999998,0.9558886051860883,0.51,0.0,0.045,,
6885.0,0.45610422747539886,0.9999999999957538,29.094756757102456,3.4820367116178894,1.076039001663281,0.0047670161330362615,0.009522386347029111,0.013291464243461011,0.00443048808115367,0.00886097616230734,3.7468097112707897,5264.50329525619,0.75,0.85,0.75,0.15,4.0,0.0,0.35,0.8021711060847014,1.0837499999999998,0.9558886051860883,0.51,0.0,0.045,,
6895.0,0.45523765784005926,0.9999999999957474,29.096574958046315,3.4809993369304797,1.0763596683049526,0.0047685362329801285,0.00952535539068444,0.01329174732272063,0.004430582440906877,0.008861164881813753,3.7468097112707897,5252.935636280778,0.75,0.85,0.75,0.15,4.0,0.0,0.35,0.8021711060847014,1.0837499999999998,0.9558886051860883,0.51,0.0,0.045,,
6905.0,0.45437082987829824,0.999999999995741,29.0983880858219,3.479961826878045,1.0766805680011085,0.00477006538308215,0.00952834242503959,0.013292052583850515,0.004430684194616838,0.008861368389233676,3.7468097112707897,5241.370753277463,0.75,0.85,0.75,0.15,4.0,0.0,0.35,0.8021711060847014,1.0837499999999998,0.9558886051860883,0.51,0.0,0.045,,
6915.0,0.45350374340230615,0.9999999999957345,29.100196157051375,3.478924181371947,1.0770017010251196,0.004771603594675314,0.009531347472102115,0.013292380035095558,0.004430793345031853,0.008861586690063705,3.7468097112707897,5229.808647779313,0.75,0.85,0.75,0.15,4.0,0.0,0.35,0.8021711060847014,1.0837499999999998,0.9558886051860883,0.51,0.0,0.045,,
6925.0,0.45263639822405305,0.9999999999957281,29.101999188309833,3.477886400323323,1.077323067650864,0.004773150879129164,0.009534370553951252,0.013292729684757433,0.004430909894919144,0.008861819789838288,3.7468097112707897,5218.2493213208245,0.75,0.85,0.75,0.15,4.0,0.0,0.35,0.8021711060847014,1.0837499999999998,0.9558886051860883,0.51,0.0,0.045,,
6935.0,0.45176879415528814,0.9999999999957216,29.103797196125456,3.476848483643089,1.0776446681526932,0.004774707247849648,0.00953741169273789,0.013293101541194433,0.0044310338470648115,0.008862067694129623,3.7468097112707897,5206.6927754379185,0.75,0.85,0.75,0.15,4.0,0.0,0.35,0.8021711060847014,1.0837499999999998,0.9558886051860883,0.51,0.0,0.045,,
6945.0,0.4509009310075395,0.9999999999957152,29.105590196979655,3.4758104312419333,1.0779665028054242,0.004776272712279197,0.009540470910684636,0.013293495612821424,0.004431165204273808,0.008862330408547616,3.7468097112707897,5195.139011667946,0.75,0.85,0.75,0.15,4.0,0.0,0.35,0.8021711060847014,1.0837499999999998,0.9558886051860883,0.51,0.0,0.045,,
6955.0,0.45003280859211353,0.9999999999957088,29.107378207307228,3.4747722430303223,1.0782885718843886,0.004777847283896805,0.00954354823008583,0.013293911908109681,0.0044313039693698935,0.008862607938739787,3.7468097112707897,5183.5880315496925,0.75,0.85,0.75,0.15,4.0,0.0,0.35,0.8021711060847014,1.0837499999999998,0.9558886051860883,0.51,0.0,0.045,,
6965.0,0.44916442672009477,0.9999999999957023,29.1091612434965,3.473733918918497,1.0786108756654278,0.004779430974218124,0.009546643673307643,0.013294350435586797,0.0044314501451955994,0.008862900290391199,3.7468097112707897,5172.039836623381,0.75,0.85,0.75,0.15,4.0,0.0,0.35,0.8021711060847014,1.0837499999999998,0.9558886051860883,0.51,0.0,0.045,,
6975.0,0.4482957852023453,0.9999999999956959,29.11093932188948,3.472695458816479,1.0789334144247726,0.004781023794795042,0.009549757262787981,0.013294811203836562,0.004431603734612189,0.008863207469224378,3.7468097112707897,5160.494428430681,0.75,0.85,0.75,0.15,4.0,0.0,0.35,0.8021711060847014,1.0837499999999998,0.9558886051860883,0.51,0.0,0.045,,
6985.0,0.4474268838495046,0.9999999999956894,29.112712458781996,3.471656862634058,1.0792561884392533,0.004782625757216386,0.009552889021036669,0.013295294221498897,0.0044317647404996325,0.008863529480999265,3.7468097112707897,5148.951808514705,0.75,0.85,0.75,0.15,4.0,0.0,0.35,0.8021711060847014,1.0837499999999998,0.9558886051860883,0.51,0.0,0.045,,
6995.0,0.44655772247198877,0.999999999995683,29.114480670423852,3.470618130280805,1.0795791979861502,0.004784236873107462,0.009556038970635408,0.013295799497269658,0.004431933165756553,0.008863866331513107,3.7468097112707897,5137.411978420017,0.75,0.85,0.75,0.15,4.0,0.0,0.35,0.8021711060847014,1.0837499999999998,0.9558886051860883,0.51,0.0,0.045,,
7005.0,0.4456883008799905,0.9999999999956766,29.116243973018975,3.469579261666064,1.0799024433432,0.0047858571541301445,0.00955920713423782,0.013296327039900642,0.004432109013300215,0.00886421802660043,3.7468097112707897,5125.874939692634,0.75,0.85,0.75,0.15,4.0,0.0,0.35,0.8021711060847014,1.0837499999999998,0.9558886051860883,0.51,0.0,0.045,,
7015.0,0.4448186188834786,0.9999999999956701,29.11800238272555,3.468540256698953,1.0802259247886974,0.00478748661198309,0.0095623935345695,0.013296876858199374,0.004432292286066458,0.008864584572132916,3.7468097112707897,5114.34069388003,0.75,0.85,0.75,0.15,4.0,0.0,0.35,0.8021711060847014,1.0837499999999998,0.9558886051860883,0.51,0.0,0.045,,
7025.0,0.4439486762921975,0.9999999999956637,29.119755915656178,3.4675011152883686,1.0805496426013526,0.004789125258401474,0.009565598194428013,0.013297448961029067,0.00443248298700969,0.00886496597401938,3.7468097112707897,5102.809242531148,0.75,0.85,0.75,0.15,4.0,0.0,0.35,0.8021711060847014,1.0837499999999998,0.9558886051860883,0.51,0.0,0.045,,
7035.0,0.4430784729156667,0.9999999999956573,29.121504587878018,3.466461837342978,1.0808735970604568,0.004790773105157404,0.00956882113668302,0.013298043357308487,0.004432681119102829,0.008865362238205658,3.7468097112707897,5091.280587196386,0.75,0.85,0.75,0.15,4.0,0.0,0.35,0.8021711060847014,1.0837499999999998,0.9558886051860883,0.51,0.0,0.045,,
7045.0,0.4422080085631809,0.9999999999956508,29.123248415412924,3.465422422771227,1.0811977884456914,0.004792430164059412,0.009572062384276192,0.013298660056011869,0.004432886685337289,0.008865773370674578,3.7468097112707897,5079.754729427622,0.75,0.85,0.75,0.15,4.0,0.0,0.35,0.8021711060847014,1.0837499999999998,0.9558886051860883,0.51,0.0,0.045,,
7055.0,0.44133728304380887,0.9999999999956444,29.124987414237598,3.4643828714813325,1.0815222170373595,0.004794096446953172,0.009575321960221414,0.013299299066168785,0.004433099688722928,0.008866199377445856,3.7468097112707897,5068.231670778201,0.75,0.85,0.75,0.15,4.0,0.0,0.35,0.8021711060847014,1.0837499999999998,0.9558886051860883,0.51,0.0,0.045,,
7065.0,0.4404662961663939,0.9999999999956379,29.12672160028373,3.463343183381287,1.0818468831161452,0.00479577196572077,0.009578599887604653,0.013299960396864069,0.004433320132288023,0.008866640264576045,3.7468097112707897,5056.711412802951,0.75,0.85,0.75,0.15,4.0,0.0,0.35,0.8021711060847014,1.0837499999999998,0.9558886051860883,0.51,0.0,0.045,,
7075.0,0.43959504773955255,0.9999999999956315,29.128450989438143,3.462303358378858,1.082171786963329,0.004797456732281413,0.009581896189584157,0.013300644057237678,0.004433548019079227,0.008867096038158453,3.7468097112707897,5045.193957058178,0.75,0.85,0.75,0.15,4.0,0.0,0.35,0.8021711060847014,1.0837499999999998,0.9558886051860883,0.51,0.0,0.045,,
7085.0,0.43872353757167487,0.999999999995625,29.130175597542937,3.4612633963815846,1.0824969288605946,0.004799150758590837,0.009585210889390348,0.013301350056484642,0.004433783352161547,0.008867566704323093,3.7468097112707897,5033.679305101672,0.75,0.85,0.75,0.15,4.0,0.0,0.35,0.8021711060847014,1.0837499999999998,0.9558886051860883,0.51,0.0,0.045,,
7095.0,0.4378517654709237,0.9999999999956186,29.13189544039563,3.460223297296783,1.0828223090902127,0.004800854056641893,0.009588544010325993,0.013302078403854894,0.004434026134618299,0.008868052269236598,3.7468097112707897,5022.167458492721,0.75,0.85,0.75,0.15,4.0,0.0,0.35,0.8021711060847014,1.0837499999999998,0.9558886051860883,0.51,0.0,0.045,,
7105.0,0.4369797312452343,0.9999999999956122,29.133610533749305,3.4591830610315384,1.0831479279348988,0.0048025666384641725,0.009591895575766174,0.013302829108653238,0.004434276369551079,0.008868552739102158,3.7468097112707897,5010.658418792098,0.75,0.85,0.75,0.15,4.0,0.0,0.35,0.8021711060847014,1.0837499999999998,0.9558886051860883,0.51,0.0,0.045,,
7115.0,0.43610743470231406,0.9999999999956057,29.135320893312738,3.458142687492715,1.0834737856779109,0.004804288516124258,0.009595265609158356,0.013303602180239182,0.004434534060079728,0.008869068120159456,3.7468097112707897,4999.152187562078,0.75,0.85,0.75,0.15,4.0,0.0,0.35,0.8021711060847014,1.0837499999999998,0.9558886051860883,0.51,0.0,0.045,,
7125.0,0.435234875649642,0.9999999999955993,29.137026534750557,3.4571021765869454,1.0837998826029906,0.004806019701725639,0.009598654134022427,0.013304397628026909,0.004434799209342304,0.008869598418684607,3.7468097112707897,4987.6487663664375,0.75,0.85,0.75,0.15,4.0,0.0,0.35,0.8021711060847014,1.0837499999999998,0.9558886051860883,0.51,0.0,0.045,,
7135.0,0.43436205389446825,0.9999999999955929,29.138727473683375,3.4560615282206375,1.0841262189943472,0.004807760207408644,0.00960206117395071,0.013305215461485097,0.004435071820495033,0.008870143640990065,3.7468097112707897,4976.148156770455,0.75,0.85,0.75,0.15,4.0,0.0,0.35,0.8021711060847014,1.0837499999999998,0.9558886051860883,0.51,0.0,0.045,,
7145.0,0.43348896924381397,0.9999999999955864,29.140423725687928,3.4550207422999724,1.084452795136779,0.004809510045350862,0.009605486752608102,0.013306055690136901,0.0044353518967123005,0.008870703793424601,3.7468097112707897,4964.650360340925,0.75,0.85,0.75,0.15,4.0,0.0,0.35,0.8021711060847014,1.0837499999999998,0.9558886051860883,0.51,0.0,0.045,,
7155.0,0.43261562150447064,0.99999999999558,29.142115306297217,3.4539798187309017,1.0847796113155241,0.004811269227766693,0.009608930893732028,0.013306918323559782,0.004435639441186595,0.00887127888237319,3.7468097112707897,4953.155378646149,0.75,0.85,0.75,0.15,4.0,0.0,0.35,0.8021711060847014,1.0837499999999998,0.9558886051860883,0.51,0.0,0.045,,
7165.0,0.4317420104829997,0.9999999999955735,29.143802231000656,3.452938757419152,1.0851066678163668,0.0048130377669077,0.009612393621132536,0.013307803371385468,0.0044359344571284895,0.008871868914256979,3.7468097112707897,4941.663213255952,0.75,0.85,0.75,0.15,4.0,0.0,0.35,0.8021711060847014,1.0837499999999998,0.9558886051860883,0.51,0.0,0.045,,
7175.0,0.4308681359857323,0.9999999999955671,29.145484515244195,3.451897558270221,1.0854339649255855,0.00481481567506245,0.009615874958692315,0.013308710843299812,0.004436236947766604,0.008872473895533209,3.7468097112707897,4930.1738657416745,0.75,0.85,0.75,0.15,4.0,0.0,0.35,0.8021711060847014,1.0837499999999998,0.9558886051860883,0.51,0.0,0.045,,
7185.0,0.42999399781876874,0.9999999999955607,29.147162174430477,3.450856221189377,1.0857615029299452,0.004816602964556601,0.009619374930366752,0.013309640749042735,0.004436546916347579,0.008873093832695158,3.7468097112707897,4918.687337676185,0.75,0.85,0.75,0.15,4.0,0.0,0.35,0.8021711060847014,1.0837499999999998,0.9558886051860883,0.51,0.0,0.045,,
7195.0,0.4291195957879781,0.9999999999955542,29.14883522391896,3.449814746081663,1.0860892821167776,0.00481839964775308,0.009622893560184023,0.013310593098408081,0.004436864366136027,0.008873728732272055,3.7468097112707897,4907.203630633887,0.75,0.85,0.75,0.15,4.0,0.0,0.35,0.8021711060847014,1.0837499999999998,0.9558886051860883,0.51,0.0,0.045,,
7205.0,0.4282449296989978,0.9999999999955476,29.15050367902608,3.4487731328518922,1.086417302773888,0.004820205737051865,0.009626430872245084,0.013311567901243588,0.004437189300414529,0.008874378600829059,3.7468097112707897,4895.722746190706,0.75,0.85,0.75,0.15,4.0,0.0,0.35,0.8021711060847014,1.0837499999999998,0.9558886051860883,0.51,0.0,0.045,,
7215.0,0.42736999935723324,0.9999999999955409,29.15216755502535,3.447731381404648,1.086745565189605,0.004822021244890156,0.00962998689072374,0.013312565167450718,0.004437521722483573,0.008875043444967146,3.7468097112707897,4884.244685924117,0.75,0.85,0.75,0.15,4.0,0.0,0.35,0.8021711060847014,1.0837499999999998,0.9558886051860883,0.51,0.0,0.045,,
7225.0,0.4264948045678574,0.9999999999955342,29.153826867147536,3.4466894916442885,1.087074069652753,0.004823846183742323,0.009633561639866683,0.013313584906984624,0.004437861635661541,0.008875723271323082,3.7468097112707897,4872.769451413132,0.75,0.85,0.75,0.15,4.0,0.0,0.35,0.8021711060847014,1.0837499999999998,0.9558886051860883,0.51,0.0,0.045,,
7235.0,0.4256193451358103,0.9999999999955276,29.155481630580777,3.445647463474939,1.0874028164527338,0.004825680566120202,0.009637155143993631,0.013314627129854015,0.004438209043284672,0.008876418086569344,3.7468097112707897,4861.297044238304,0.75,0.85,0.75,0.15,4.0,0.0,0.35,0.8021711060847014,1.0837499999999998,0.9558886051860883,0.51,0.0,0.045,,
7245.0,0.4247436208657987,0.9999999999955209,29.157131860470713,3.444605296800499,1.087731805879385,0.004827524404572633,0.009640767427497234,0.013315691846121086,0.004438563948707029,0.008877127897414058,3.7468097112707897,4849.827465981743,0.75,0.85,0.75,0.15,4.0,0.0,0.35,0.8021711060847014,1.0837499999999998,0.9558886051860883,0.51,0.0,0.045,,
7255.0,0.42386763156229573,0.9999999999955143,29.158777571920638,3.4435629915246357,1.0880610382231237,0.004829377711685964,0.009644398514843227,0.01331677906590143,0.004438926355300477,0.008877852710600953,3.7468097112707897,4838.36071822711,0.75,0.85,0.75,0.15,4.0,0.0,0.35,0.8021711060847014,1.0837499999999998,0.9558886051860883,0.51,0.0,0.045,,
7265.0,0.42299137702954037,0.9999999999955076,29.16041877999163,3.4425205475507887,1.0883905137748584,0.004831240500083847,0.00964804843057048,0.013317888799363922,0.004439296266454641,0.008878592532909282,3.7468097112707897,4826.896802559623,0.75,0.85,0.75,0.15,4.0,0.0,0.35,0.8021711060847014,1.0837499999999998,0.9558886051860883,0.51,0.0,0.045,,
7275.0,0.4221148570715369,0.9999999999955009,29.16205549970268,3.441477964782167,1.088720232826033,0.004833112782427311,0.009651717199291006,0.01331902105673065,0.004439673685576883,0.008879347371153767,3.7468097112707897,4815.435720566059,0.75,0.85,0.75,0.15,4.0,0.0,0.35,0.8021711060847014,1.0837499999999998,0.9558886051860883,0.51,0.0,0.045,,
7285.0,0.42123807149205483,0.9999999999954943,29.163687746030842,3.44043524312175,1.089050195668603,0.0048349945714148065,0.00965540484569006,0.013320175848276808,0.004440058616092269,0.008880117232184539,3.7468097112707897,4803.977473834772,0.75,0.85,0.75,0.15,4.0,0.0,0.35,0.8021711060847014,1.0837499999999998,0.9558886051860883,0.51,0.0,0.045,,
7295.0,0.42036102009462817,0.9999999999954876,29.165315533911347,3.439392382472288,1.0893804025950462,0.004836885879782204,0.00965911139452616,0.013321353184330621,0.004440451061443541,0.008880902122887082,3.7468097112707897,4792.522063955672,0.75,0.85,0.75,0.15,4.0,0.0,0.35,0.8021711060847014,1.0837499999999998,0.9558886051860883,0.51,0.0,0.045,,
7305.0,0.4194837026825551,0.999999999995481,29.166938878237758,3.438349382736297,1.0897108538983735,0.004838786720302902,0.009662836870631174,0.013322553075273243,0.004440851025091082,0.008881702050182164,3.7468097112707897,4781.069492520249,0.75,0.85,0.75,0.15,4.0,0.0,0.35,0.8021711060847014,1.0837499999999998,0.9558886051860883,0.51,0.0,0.045,,
7315.0,0.41860611905889766,0.9999999999954743,29.16855779386209,3.437306243816067,1.090041549872106,0.004840697105787708,0.00966658129891031,0.013323775531538672,0.004441258510512891,0.008882517021025781,3.7468097112707897,4769.619761121572,0.75,0.85,0.75,0.15,4.0,0.0,0.35,0.8021711060847014,1.0837499999999998,0.9558886051860883,0.51,0.0,0.045,,
7325.0,0.41772826902648125,0.9999999999954676,29.17017229559495,3.4362629656136545,1.0903724908103338,0.004842617049085191,0.009670344704342306,0.013325020563613666,0.004441673521204555,0.00888334704240911,3.7468097112707897,4758.172871354293,0.75,0.85,0.75,0.15,4.0,0.0,0.35,0.8021711060847014,1.0837499999999998,0.9558886051860883,0.51,0.0,0.045,,
7335.0,0.416850152387894,0.999999999995461,29.171782398205664,3.435219548030885,1.0907036770076122,0.004844546563081239,0.00967412711197933,0.01332628818203764,0.004442096060679215,0.00888419212135843,3.7468097112707897,4746.728824814649,0.75,0.85,0.75,0.15,4.0,0.0,0.35,0.8021711060847014,1.0837499999999998,0.9558886051860883,0.51,0.0,0.045,,
7345.0,0.4159717689454868,0.9999999999954543,29.173388116422426,3.4341759909693543,1.0910351087590346,0.004846485660699416,0.009677928546947117,0.013327578397402612,0.004442526132467538,0.008885052264935077,3.7468097112707897,4735.287623100463,0.75,0.85,0.75,0.15,4.0,0.0,0.35,0.8021711060847014,1.0837499999999998,0.9558886051860883,0.51,0.0,0.045,,
7355.0,0.4150931185013724,0.9999999999954476,29.17498946493241,3.433132294330425,1.0913667863603136,0.0048484343549011835,0.00968174903444509,0.013328891220353068,0.00444296374011769,0.00888592748023538,3.7468097112707897,4723.84926781116,0.75,0.85,0.75,0.15,4.0,0.0,0.35,0.8021711060847014,1.0837499999999998,0.9558886051860883,0.51,0.0,0.045,,
7365.0,0.41421420085742533,0.999999999995441,29.176586458381905,3.432088458015229,1.0916987101075706,0.004850392658685311,0.009685588599746262,0.01333022666158592,0.004443408887195308,0.008886817774390616,3.7468097112707897,4712.413760547759,0.75,0.85,0.75,0.15,4.0,0.0,0.35,0.8021711060847014,1.0837499999999998,0.9558886051860883,0.51,0.0,0.045,,
7375.0,0.4133350158152811,0.9999999999954343,29.178179111376465,3.4310444819246646,1.0920308802975476,0.004852360585088597,0.00968944726819747,0.0133315847318504,0.004443861577283466,0.008887723154566932,3.7468097112707897,4700.98110291288,0.75,0.85,0.75,0.15,4.0,0.0,0.35,0.8021711060847014,1.0837499999999998,0.9558886051860883,0.51,0.0,0.045,,
7385.0,0.4124555631763363,0.9999999999954277,29.179767438481022,3.4300003659594,1.0923632972274666,0.004854338147185351,0.009693325065219275,0.01333296544194797,0.004444321813982657,0.008888643627965313,3.7468097112707897,4689.551296510754,0.75,0.85,0.75,0.15,4.0,0.0,0.35,0.8021711060847014,1.0837499999999998,0.9558886051860883,0.51,0.0,0.045,,
7395.0,0.4115758427417477,0.999999999995421,29.181351454220028,3.428956110019868,1.0926959611951235,0.00485632535808788,0.009697222016306182,0.013334368802732246,0.004444789600910749,0.008889579201821499,3.7468097112707897,4678.124342947219,0.75,0.85,0.75,0.15,4.0,0.0,0.35,0.8021711060847014,1.0837499999999998,0.9558886051860883,0.51,0.0,0.045,,
7405.0,0.41069585431243205,0.9999999999954143,29.182931173077577,3.4279117140062736,1.0930288724988129,0.004858322230946117,0.009701138147026545,0.013335794825108913,0.004445264941702972,0.008890529883405943,3.7468097112707897,4666.700243829732,0.75,0.85,0.75,0.15,4.0,0.0,0.35,0.8021711060847014,1.0837499999999998,0.9558886051860883,0.51,0.0,0.045,,
7415.0,0.4098155976890655,0.9999999999954077,29.184506609497536,3.4268671778185844,1.0933620314374046,0.004860328778948016,0.00970507348302275,0.013337243520035652,0.004445747840011884,0.008891495680023767,3.7468097112707897,4655.2790007673675,0.75,0.85,0.75,0.15,4.0,0.0,0.35,0.8021711060847014,1.0837499999999998,0.9558886051860883,0.51,0.0,0.045,,
7425.0,0.40893507267208334,0.999999999995401,29.18607777788368,3.4258225013565355,1.0936954383102724,0.004862345015319294,0.009709028050011193,0.013338714898522026,0.004446238299507342,0.008892476599014683,3.7468097112707897,4643.86061537082,0.75,0.85,0.75,0.15,4.0,0.0,0.35,0.8021711060847014,1.0837499999999998,0.9558886051860883,0.51,0.0,0.045,,
7435.0,0.4080542790616795,0.9999999999953944,29.187644692599815,3.42477768451963,1.09402909341735,0.004864370953323688,0.009713001873782408,0.013340208971629432,0.004446736323876478,0.008893472647752957,3.7468097112707897,4632.445089252415,0.75,0.85,0.75,0.15,4.0,0.0,0.35,0.8021711060847014,1.0837499999999998,0.9558886051860883,0.51,0.0,0.045,,
7445.0,0.40717321665780604,0.9999999999953877,29.189207367969924,3.4237327272071374,1.0943629970591253,0.00486640660626292,0.009716994980201111,0.013341725750471007,0.004447241916823669,0.008894483833647339,3.7468097112707897,4621.032424026109,0.75,0.85,0.75,0.15,4.0,0.0,0.35,0.8021711060847014,1.0837499999999998,0.9558886051860883,0.51,0.0,0.045,,
7455.0,0.4062918852601727,0.999999999995381,29.19076581827827,3.422687629318092,1.0946971495365845,0.004868451987476633,0.009721007395206252,0.013343265246211536,0.004447755082070512,0.008895510164141024,3.7468097112707897,4609.6226213074915,0.75,0.85,0.75,0.15,4.0,0.0,0.35,0.8021711060847014,1.0837499999999998,0.9558886051860883,0.51,0.0,0.045,,
7465.0,0.4054102846682466,0.9999999999953744,29.192320057769543,3.4216423907512943,1.0950315511513022,0.0048705071103425715,0.009725039144811078,0.013344827470067383,0.004448275823355795,0.00889655164671159,3.7468097112707897,4598.215682713794,0.75,0.85,0.75,0.15,4.0,0.0,0.35,0.8021711060847014,1.0837499999999998,0.9558886051860883,0.51,0.0,0.045,,
7475.0,0.40452841468125184,0.9999999999953677,29.193870100648983,3.42059701140531,1.0953662022053858,0.004872571988276575,0.00972909025510322,0.013346412433306412,0.00444880414443547,0.00889760828887094,3.7468097112707897,4586.811609863893,0.75,0.85,0.75,0.15,4.0,0.0,0.35,0.8021711060847014,1.0837499999999998,0.9558886051860883,0.51,0.0,0.045,,
7485.0,0.40364627509816875,0.999999999995361,29.195415961082503,3.419551491178472,1.095701103001468,0.004874646634732577,0.009733160752244764,0.013348020147247891,0.004449340049082631,0.008898680098165261,3.7468097112707897,4575.41040437831,0.75,0.85,0.75,0.15,4.0,0.0,0.35,0.8021711060847014,1.0837499999999998,0.9558886051860883,0.51,0.0,0.045,,
7495.0,0.4027638657177338,0.9999999999953544,29.196957653196826,3.4185058299688764,1.0960362538427466,0.004876731063202631,0.009737250662472262,0.013349650623262448,0.004449883541087484,0.008899767082174968,3.7468097112707897,4564.01206787922,0.75,0.85,0.75,0.15,4.0,0.0,0.35,0.8021711060847014,1.0837499999999998,0.9558886051860883,0.51,0.0,0.045,,
7505.0,0.401881186338439,0.9999999999953477,29.198495191079605,3.417460027674385,1.096371655032965,0.004878825287217067,0.009741360012096882,0.013351303872771945,0.004450434624257315,0.00890086924851463,3.7468097112707897,4552.616601990459,0.75,0.85,0.75,0.15,4.0,0.0,0.35,0.8021711060847014,1.0837499999999998,0.9558886051860883,0.51,0.0,0.045,,
7515.0,0.40099823675853136,0.9999999999953411,29.200028588779542,3.416414084192624,1.0967073068764157,0.004880929320344377,0.009745488827504388,0.013352979907249443,0.004450993302416481,0.008901986604832962,3.7468097112707897,4541.224008337513,0.75,0.85,0.75,0.15,4.0,0.0,0.35,0.8021711060847014,1.0837499999999998,0.9558886051860883,0.51,0.0,0.045,,
7525.0,0.40011501677601263,0.9999999999953344,29.201557860306536,3.4153679994209822,1.0970432096779374,0.004883043176191395,0.009749637135155304,0.013354678738219097,0.004451559579406366,0.008903119158812731,3.7468097112707897,4529.834288547541,0.75,0.85,0.75,0.15,4.0,0.0,0.35,0.8021711060847014,1.0837499999999998,0.9558886051860883,0.51,0.0,0.045,,
7535.0,0.39923152618863883,0.9999999999953277,29.203083019631787,3.4143217732566167,1.0973793637429203,0.004885166868403189,0.009753804961584886,0.01335640037725609,0.004452133459085363,0.008904266918170726,3.7468097112707897,4518.447444249371,0.75,0.85,0.75,0.15,4.0,0.0,0.35,0.8021711060847014,1.0837499999999998,0.9558886051860883,0.51,0.0,0.045,,
7545.0,0.3983477647939197,0.9999999999953211,29.204604080687936,3.413275405596444,1.0977157693773174,0.0048873004106632775,0.009757992333403282,0.013358144835986551,0.004452714945328851,0.008905429890657702,3.7468097112707897,4507.063477073503,0.75,0.85,0.75,0.15,4.0,0.0,0.35,0.8021711060847014,1.0837499999999998,0.9558886051860883,0.51,0.0,0.045,,
7555.0,0.3974637323891183,0.9999999999953144,29.20612105736918,3.412228896337146,1.0980524268876506,0.004889443816693602,0.009762199277295588,0.013359912126087496,0.004453304042029166,0.008906608084058331,3.7468097112707897,4495.682388652111,0.75,0.85,0.75,0.15,4.0,0.0,0.35,0.8021711060847014,1.0837499999999998,0.9558886051860883,0.51,0.0,0.045,,
7565.0,0.3965794287712506,0.9999999999953078,29.207633963531407,3.4111822453751675,1.098389336580955,0.004891597100254396,0.009766425820021844,0.013361702259286729,0.004453900753095577,0.008907801506191153,3.7468097112707897,4484.304180619053,0.75,0.85,0.75,0.15,4.0,0.0,0.35,0.8021711060847014,1.0837499999999998,0.9558886051860883,0.51,0.0,0.045,,
7575.0,0.39569485373708496,0.9999999999953011,29.20914281299231,3.410135452606718,1.0987264987648535,0.004893760275144429,0.009770671988417145,0.013363515247362774,0.004454505082454258,0.008909010164908516,3.7468097112707897,4472.928854609876,0.75,0.85,0.75,0.15,4.0,0.0,0.35,0.8021711060847014,1.0837499999999998,0.9558886051860883,0.51,0.0,0.045,,
7585.0,0.3948100070831418,0.9999999999952944,29.21064761953152,3.409088517927767,1.0990639137475144,0.0048959333552010525,0.009774937809391766,0.013365351102144811,0.004455117034048271,0.008910234068096542,3.7468097112707897,4461.556412261811,0.75,0.85,0.75,0.15,4.0,0.0,0.35,0.8021711060847014,1.0837499999999998,0.9558886051860883,0.51,0.0,0.045,,
7595.0,0.39392488860569297,0.9999999999952878,29.212148396890722,3.408041441234047,1.099401581837661,0.004898116354300071,0.00977922330993116,0.013367209835512598,0.004455736611837533,0.008911473223675066,3.7468097112707897,4450.1868552137885,0.75,0.85,0.75,0.15,4.0,0.0,0.35,0.8021711060847014,1.0837499999999998,0.9558886051860883,0.51,0.0,0.045,,
7605.0,0.39303949810076155,0.9999999999952811,29.21364515877378,3.4069942224210545,1.0997395033446125,0.004900309286356046,0.0097835285170961,0.013369091459396389,0.004456363819798797,0.008912727639597594,3.7468097112707897,4438.820185106431,0.75,0.85,0.75,0.15,4.0,0.0,0.35,0.8021711060847014,1.0837499999999998,0.9558886051860883,0.51,0.0,0.045,,
7615.0,0.39215383536412113,0.9999999999952744,29.215137918846867,3.4059468613840465,1.1000776785782085,0.004902512165322035,0.009787853458022688,0.013370995985776875,0.004456998661925625,0.00891399732385125,3.7468097112707897,4427.456403582075,0.75,0.85,0.75,0.15,4.0,0.0,0.35,0.8021711060847014,1.0837499999999998,0.9558886051860883,0.51,0.0,0.045,,
7625.0,0.39126790019129554,0.9999999999952678,29.216626690738583,3.404899358018042,1.1004161078488695,0.00490472500518988,0.009792198159922494,0.013372923426685099,0.004457641142228366,0.008915282284456733,3.7468097112707897,4416.095512284753,0.75,0.85,0.75,0.15,4.0,0.0,0.35,0.8021711060847014,1.0837499999999998,0.9558886051860883,0.51,0.0,0.045,,
7635.0,0.3903816923775583,0.9999999999952611,29.218111488040073,3.40385171221782,1.100754791467586,0.004906947819990102,0.00979656265008257,0.013374873794202383,0.0044582912647341275,0.008916582529468255,3.7468097112707897,4404.737512860213,0.75,0.85,0.75,0.15,4.0,0.0,0.35,0.8021711060847014,1.0837499999999998,0.9558886051860883,0.51,0.0,0.045,,
7645.0,0.3894952117179323,0.9999999999952542,29.219592324305154,3.402803923877923,1.101093729745927,0.004909180623792069,0.009800946955865572,0.01337684710046028,0.0044589490334867605,0.008917898066973521,3.7468097112707897,4393.382406955919,0.75,0.85,0.75,0.15,4.0,0.0,0.35,0.8021711060847014,1.0837499999999998,0.9558886051860883,0.51,0.0,0.045,,
7655.0,0.388608458007189,0.9999999999952474,29.221069213050445,3.4017559928926526,1.1014329229959654,0.004911423430703841,0.00980535110470983,0.013378843357640481,0.004459614452546827,0.008919228905093654,3.7468097112707897,4382.030196221054,0.75,0.85,0.75,0.15,4.0,0.0,0.35,0.8021711060847014,1.0837499999999998,0.9558886051860883,0.51,0.0,0.045,,
7665.0,0.38772143103984846,0.9999999999952405,29.222542167755467,3.400707919156071,1.1017723715304044,0.0049136762548723885,0.00980977512412937,0.013380862577974731,0.004460287525991577,0.008920575051983154,3.7468097112707897,4370.680882306526,0.75,0.85,0.75,0.15,4.0,0.0,0.35,0.8021711060847014,1.0837499999999998,0.9558886051860883,0.51,0.0,0.045,,
7675.0,0.3868341306101785,0.9999999999952336,29.224011201862776,3.3996597025620012,1.1021120756625133,0.0049159391104836945,0.009814219041714093,0.013382904773744805,0.004460968257914935,0.00892193651582987,3.7468097112707897,4359.33446686497,0.75,0.85,0.75,0.15,4.0,0.0,0.35,0.8021711060847014,1.0837499999999998,0.9558886051860883,0.51,0.0,0.045,,
7685.0,0.38594655651219445,0.9999999999952267,29.225476328778097,3.398611343004025,1.102452035706109,0.0049182120117625535,0.009818682885129763,0.013384969957282392,0.004461656652427465,0.00892331330485493,3.7468097112707897,4347.990951550753,0.75,0.85,0.75,0.15,4.0,0.0,0.35,0.8021711060847014,1.0837499999999998,0.9558886051860883,0.51,0.0,0.045,,
7695.0,0.3850587085396586,0.9999999999952198,29.226937561870418,3.397562840375485,1.1027922519756066,0.004920494972972877,0.009823166682118155,0.013387058140969065,0.0044623527136563555,0.008924705427312711,3.7468097112707897,4336.650338019983,0.75,0.85,0.75,0.15,4.0,0.0,0.35,0.8021711060847014,1.0837499999999998,0.9558886051860883,0.51,0.0,0.045,,
7705.0,0.38417058648607977,0.9999999999952129,29.22839491447213,3.3965141945694834,1.1031327247859346,0.004922788008417412,0.00982767046049705,0.013389169337236169,0.004463056445745389,0.008926112891490779,3.7468097112707897,4325.312627930507,0.75,0.85,0.75,0.15,4.0,0.0,0.35,0.8021711060847014,1.0837499999999998,0.9558886051860883,0.51,0.0,0.045,,
7715.0,0.38328219014471265,0.9999999999952061,29.229848399879135,3.395465405478879,1.1034734544527012,0.004925091132438294,0.009832194248160425,0.013391303558564813,0.004463767852854937,0.008927535705709875,3.7468097112707897,4313.977822941913,0.75,0.85,0.75,0.15,4.0,0.0,0.35,0.8021711060847014,1.0837499999999998,0.9558886051860883,0.51,0.0,0.045,,
7725.0,0.3823935193085578,0.9999999999951992,29.231298031350974,3.394416472996292,1.1038144412920088,0.00492740435941657,0.009836738073078449,0.013393460817485738,0.0044644869391619125,0.008928973878323825,3.7468097112707897,4302.645924715545,0.75,0.85,0.75,0.15,4.0,0.0,0.35,0.8021711060847014,1.0837499999999998,0.9558886051860883,0.51,0.0,0.045,,
7735.0,0.3815045737703608,0.9999999999951923,29.23274382211094,3.3933673970141,1.1041556856205246,0.0049297277037724345,0.009841301963297572,0.013395641126579299,0.004465213708859767,0.008930427417719534,3.7468097112707897,4291.316934914503,0.75,0.85,0.75,0.15,4.0,0.0,0.35,0.8021711060847014,1.0837499999999998,0.9558886051860883,0.51,0.0,0.045,,
7745.0,0.38061535332261176,0.9999999999951854,29.2341857853462,3.3923181774244386,1.104497187755572,0.004932061179965494,0.009845885946940667,0.01339784449847537,0.004465948166158457,0.008931896332316914,3.7468097112707897,4279.990855203636,0.75,0.85,0.75,0.15,4.0,0.0,0.35,0.8021711060847014,1.0837499999999998,0.9558886051860883,0.51,0.0,0.045,,
7755.0,0.3797258577575451,0.9999999999951785,29.235623934207908,3.391268814119201,1.104838948015004,0.00493440480249452,0.009850490052207072,0.013400070945853297,0.004466690315284433,0.008933380630568866,3.7468097112707897,4268.667687249565,0.75,0.85,0.75,0.15,4.0,0.0,0.35,0.8021711060847014,1.0837499999999998,0.9558886051860883,0.51,0.0,0.045,,
7765.0,0.37883608686713893,0.9999999999951716,29.237058281811333,3.3902193069900393,1.1051809667172627,0.004936758585897575,0.009855114307372646,0.013402320481441812,0.004467440160480605,0.00893488032096121,3.7468097112707897,4257.347432720673,0.75,0.85,0.75,0.15,4.0,0.0,0.35,0.8021711060847014,1.0837499999999998,0.9558886051860883,0.51,0.0,0.045,,
7775.0,0.3779460404431147,0.9999999999951648,29.238488841235963,3.3891696559283617,1.1055232441813663,0.0049391225447521095,0.009859758740789894,0.013404593118019004,0.004468197706006335,0.00893639541201267,3.7468097112707897,4246.0300932871205,0.75,0.85,0.75,0.15,4.0,0.0,0.35,0.8021711060847014,1.0837499999999998,0.9558886051860883,0.51,0.0,0.045,,
7785.0,0.3770557182769365,0.9999999999951579,29.239915625525637,3.388119860825331,1.1058657807269374,0.0049414966936750584,0.009864423380888075,0.0134068888684122,0.004468962956137401,0.008937925912274802,3.7468097112707897,4234.715670620835,0.75,0.85,0.75,0.15,4.0,0.0,0.35,0.8021711060847014,1.0837499999999998,0.9558886051860883,0.51,0.0,0.045,,
7795.0,0.37616512015981085,0.999999999995151,29.24133864768865,3.3870699215718725,1.1062085766741558,0.00494388104732265,0.009869108256173185,0.013409207745497961,0.004469735915165987,0.008939471830331974,3.7468097112707897,4223.404166395535,0.75,0.85,0.75,0.15,4.0,0.0,0.35,0.8021711060847014,1.0837499999999998,0.9558886051860883,0.51,0.0,0.045,,
7805.0,0.375274245882686,0.9999999999951441,29.242757920697876,3.3860198380586617,1.1065516323438185,0.004946275620390798,0.009873813395228158,0.013411549762201972,0.0044705165874006575,0.008941033174801315,3.7468097112707897,4212.095582286714,0.75,0.85,0.75,0.15,4.0,0.0,0.35,0.8021711060847014,1.0837499999999998,0.9558886051860883,0.51,0.0,0.045,,
7815.0,0.37438309523625163,0.9999999999951372,29.244173457490888,3.3849696101761326,1.1068949480573111,0.004948680427614946,0.009878538826712923,0.013413914931499005,0.0044713049771663346,0.008942609954332669,3.7468097112707897,4200.789919971658,0.75,0.85,0.75,0.15,4.0,0.0,0.35,0.8021711060847014,1.0837499999999998,0.9558886051860883,0.51,0.0,0.045,,
7825.0,0.37349166801093825,0.9999999999951303,29.245585270970057,3.383919237814477,1.1072385241365674,0.0049510954837700145,0.009883284579364432,0.013416303266412844,0.0044721010888042825,0.008944202177608565,3.7468097112707897,4189.487181129451,0.75,0.85,0.75,0.15,4.0,0.0,0.35,0.8021711060847014,1.0837499999999998,0.9558886051860883,0.51,0.0,0.045,,
7835.0,0.3725999639969169,0.9999999999951235,29.246993374002685,3.382868720863637,1.107582360904156,0.0049535208036706815,0.009888050681996791,0.013418714780016243,0.00447290492667208,0.00894580985334416,3.7468097112707897,4178.187367440966,0.75,0.85,0.75,0.15,4.0,0.0,0.35,0.8021711060847014,1.0837499999999998,0.9558886051860883,0.51,0.0,0.045,,
7845.0,0.37170798298409846,0.9999999999951166,29.24839777942112,3.3818180592133147,1.1079264586832243,0.004955956402171341,0.009892837163501362,0.013421149485430824,0.004473716495143608,0.008947432990287217,3.7468097112707897,4166.890480588888,0.75,0.85,0.75,0.15,4.0,0.0,0.35,0.8021711060847014,1.0837499999999998,0.9558886051860883,0.51,0.0,0.045,,
7855.0,0.37081572476213326,0.9999999999951097,29.249798500022855,3.380767252752963,1.1082708177975347,0.004958402294166215,0.00989764405284689,0.013423607395827071,0.004474535798609024,0.008949071597218049,3.7468097112707897,4155.5965222577015,0.75,0.85,0.75,0.15,4.0,0.0,0.35,0.8021711060847014,1.0837499999999998,0.9558886051860883,0.51,0.0,0.045,,
7865.0,0.36992318912041067,0.9999999999951028,29.251195548570667,3.379716301371792,1.1086154385713751,0.004960858494589049,0.009902471379079441,0.013426088524424213,0.004475362841474738,0.008950725682949476,3.7468097112707897,4144.305494133706,0.75,0.85,0.75,0.15,4.0,0.0,0.35,0.8021711060847014,1.0837499999999998,0.9558886051860883,0.51,0.0,0.045,,
7875.0,0.36903037584805853,0.9999999999950959,29.25258893779271,3.3786652049587644,1.108960321329695,0.004963325018413699,0.009907319171322643,0.013428592884490217,0.004476197628163405,0.00895239525632681,3.7468097112707897,4133.017397905013,0.75,0.85,0.75,0.15,4.0,0.0,0.35,0.8021711060847014,1.0837499999999998,0.9558886051860883,0.51,0.0,0.045,,
7885.0,0.3681372847339427,0.999999999995089,29.253978680382634,3.3776139634025966,1.1093054663980484,0.004965801880653933,0.009912187458777746,0.01343112048934168,0.004477040163113893,0.008954080326227786,3.7468097112707897,4121.73223526156,0.75,0.85,0.75,0.15,4.0,0.0,0.35,0.8021711060847014,1.0837499999999998,0.9558886051860883,0.51,0.0,0.045,,
7895.0,0.3672439155666666,0.9999999999950822,29.25536478899971,3.3765625765917595,1.1096508741025313,0.00496828909636329,0.009917076270723642,0.013433671352343806,0.004477890450781269,0.008955780901562538,3.7468097112707897,4110.450007895102,0.75,0.85,0.75,0.15,4.0,0.0,0.35,0.8021711060847014,1.0837499999999998,0.9558886051860883,0.51,0.0,0.045,,
7905.0,0.36635026813457067,0.9999999999950753,29.256747276268925,3.3755110444144747,1.1099965447699227,0.004970786680635596,0.009921985636517089,0.013436245486910331,0.0044787484956367776,0.008957496991273555,3.7468097112707897,4099.170717499229,0.75,0.85,0.75,0.15,4.0,0.0,0.35,0.8021711060847014,1.0837499999999998,0.9558886051860883,0.51,0.0,0.045,,
7915.0,0.3654563422257319,0.9999999999950684,29.258126154781113,3.374459366758719,1.1103424787274905,0.004973294648604359,0.00992691558559261,0.013438842906503476,0.004479614302167826,0.008959228604335652,3.7468097112707897,4087.8943657693594,0.75,0.85,0.75,0.15,4.0,0.0,0.35,0.8021711060847014,1.0837499999999998,0.9558886051860883,0.51,0.0,0.045,,
7925.0,0.36456213762796347,0.9999999999950615,29.259501437093057,3.3734075435122195,1.1106886763032144,0.004975813015443543,0.009931866147462783,0.013441463624633866,0.004480487874877955,0.00896097574975591,3.7468097112707897,4076.6209544027506,0.75,0.85,0.75,0.15,4.0,0.0,0.35,0.8021711060847014,1.0837499999999998,0.9558886051860883,0.51,0.0,0.045,,
7935.0,0.363667654128814,0.9999999999950546,29.260873135727607,3.3723555745624583,1.1110351378256416,0.004978341796367175,0.009936837351718237,0.013444107654860503,0.0044813692182868355,0.008962738436573671,3.7468097112707897,4065.350485098506,0.75,0.85,0.75,0.15,4.0,0.0,0.35,0.8021711060847014,1.0837499999999998,0.9558886051860883,0.51,0.0,0.045,,
7945.0,0.3627728915155674,0.9999999999950477,29.262241263173784,3.371303459796665,1.1113818636238944,0.004980881006629413,0.009941829228027752,0.013446775010790682,0.004482258336930227,0.008964516673860454,3.7468097112707897,4054.082959557572,0.75,0.85,0.75,0.15,4.0,0.0,0.35,0.8021711060847014,1.0837499999999998,0.9558886051860883,0.51,0.0,0.045,,
7955.0,0.36187784957524205,0.9999999999950409,29.263605831886906,3.3702511991018245,1.111728854027723,0.00498343066152469,0.009946841806138324,0.013449465706079966,0.004483155235359988,0.008966310470719977,3.7468097112707897,4042.818379482748,0.75,0.85,0.75,0.15,4.0,0.0,0.35,0.8021711060847014,1.0837499999999998,0.9558886051860883,0.51,0.0,0.045,,
7965.0,0.36098252809459047,0.999999999995034,29.264966854288687,3.36919879236467,1.1120761093675333,0.004985990776387977,0.009951875115875386,0.013452179754432081,0.004484059918144026,0.008968119836288053,3.7468097112707897,4031.556746578689,0.75,0.85,0.75,0.15,4.0,0.0,0.35,0.8021711060847014,1.0837499999999998,0.9558886051860883,0.51,0.0,0.045,,
7975.0,0.36008692686009885,0.9999999999950271,29.26632434276735,3.3681462394716863,1.1124236299742698,0.004988561366594376,0.00995692918714276,0.013454917169598927,0.004484972389866309,0.008969944779732618,3.7468097112707897,4020.298062551907,0.75,0.85,0.75,0.15,4.0,0.0,0.35,0.8021711060847014,1.0837499999999998,0.9558886051860883,0.51,0.0,0.045,,
7985.0,0.3591910456579866,0.9999999999950202,29.267678309677745,3.3670935403091096,1.1127714161795272,0.004991142447559527,0.009962004049922825,0.013457677965380457,0.00448589265512682,0.00897178531025364,3.7468097112707897,4009.0423291107877,0.75,0.85,0.75,0.15,4.0,0.0,0.35,0.8021711060847014,1.0837499999999998,0.9558886051860883,0.51,0.0,0.045,,
7995.0,0.35829488427420564,0.9999999999950133,29.26902876734145,3.366040694762923,1.1131194683155177,0.004993734034739583,0.009967099734276617,0.013460462155624683,0.004486820718541561,0.008973641437083122,3.7468097112707897,3997.789547965574,0.75,0.85,0.75,0.15,4.0,0.0,0.35,0.8021711060847014,1.0837499999999998,0.9558886051860883,0.51,0.0,0.045,,
8005.0,0.3573984424944401,0.9999999999950064,29.27037572804689,3.364987702718863,1.1134677867150318,0.0049963361436311075,0.009972216270343871,0.013463269754227559,0.00448775658474252,0.00897551316948504,3.7468097112707897,3986.5397208283907,0.75,0.85,0.75,0.15,4.0,0.0,0.35,0.8021711060847014,1.0837499999999998,0.9558886051860883,0.51,0.0,0.045,,
8015.0,0.35650172010410575,0.9999999999949993,29.271719204049443,3.3639345640624114,1.1138163717115386,0.004998948789771476,0.009977353688343222,0.01346610077513299,0.004488700258377663,0.008977400516755326,3.7468097112707897,3975.29284941324,0.75,0.85,0.75,0.15,4.0,0.0,0.35,0.8021711060847014,1.0837499999999998,0.9558886051860883,0.51,0.0,0.045,,
8025.0,0.3556047168883496,0.9999999999949922,29.27305920757155,3.362881278678802,1.114165223639079,0.005001571988738545,0.009982512018572197,0.013468955232332738,0.0044896517441109125,0.008979303488221825,3.7468097112707897,3964.0489354360043,0.75,0.85,0.75,0.15,4.0,0.0,0.35,0.8021711060847014,1.0837499999999998,0.9558886051860883,0.51,0.0,0.045,,
8035.0,0.3547074326320493,0.9999999999949851,29.27439575080282,3.3618278464530182,1.114514342832303,0.005004205756150897,0.009987691291407376,0.01347183313986637,0.004490611046622123,0.008981222093244246,3.7468097112707897,3952.8079806144606,0.75,0.85,0.75,0.15,4.0,0.0,0.35,0.8021711060847014,1.0837499999999998,0.9558886051860883,0.51,0.0,0.045,,
8045.0,0.3538098671198126,0.999999999994978,29.275728845900158,3.3607742672697865,1.1148637296265245,0.005006850107667955,0.00999289153730449,0.013474734511821226,0.004491578170607076,0.008983156341214152,3.7468097112707897,3941.5699866682703,0.75,0.85,0.75,0.15,4.0,0.0,0.35,0.8021711060847014,1.0837499999999998,0.9558886051860883,0.51,0.0,0.045,,
8055.0,0.35291202013597694,0.9999999999949709,29.27705850498784,3.3597205410135853,1.1152133843576761,0.0050095050589899735,0.009998112786798522,0.01347765936233236,0.004492553120777455,0.00898510624155491,3.7468097112707897,3930.334955318993,0.75,0.85,0.75,0.15,4.0,0.0,0.35,0.8021711060847014,1.0837499999999998,0.9558886051860883,0.51,0.0,0.045,,
8065.0,0.3520138914646089,0.9999999999949638,29.27838474015765,3.3586666675686403,1.115563307362234,0.005012170625857867,0.010003355070503754,0.013480607705582485,0.004493535901860829,0.008987071803721658,3.7468097112707897,3919.1028882900937,0.75,0.85,0.75,0.15,4.0,0.0,0.35,0.8021711060847014,1.0837499999999998,0.9558886051860883,0.51,0.0,0.045,,
8075.0,0.3511154808895038,0.9999999999949567,29.27970756346899,3.357612646818921,1.1159134989774186,0.005014846824053767,0.010008618419113947,0.01348357955580192,0.00449452651860064,0.00898905303720128,3.7468097112707897,3907.873787306937,0.75,0.85,0.75,0.15,4.0,0.0,0.35,0.8021711060847014,1.0837499999999998,0.9558886051860883,0.51,0.0,0.045,,
8085.0,0.35021678819418506,0.9999999999949496,29.28102698694896,3.3565584786481475,1.1162639595410044,0.005017533669400688,0.010013902863402434,0.013486574927268548,0.004495524975756182,0.008991049951512365,3.7468097112707897,3896.6476540968038,0.75,0.85,0.75,0.15,4.0,0.0,0.35,0.8021711060847014,1.0837499999999998,0.9558886051860883,0.51,0.0,0.045,,
8095.0,0.3493178131619037,0.9999999999949425,29.282343022592485,3.355504162939784,1.1166146893914048,0.005020231177762617,0.01001920843422215,0.013489593834307758,0.004496531278102587,0.008993062556205174,3.7468097112707897,3885.4244903888866,0.75,0.85,0.75,0.15,4.0,0.0,0.35,0.8021711060847014,1.0837499999999998,0.9558886051860883,0.51,0.0,0.045,,
8105.0,0.348418555575638,0.9999999999949354,29.28365568236243,3.3544496995770423,1.1169656888676616,0.005022939365044717,0.010024535162505819,0.013492636291292406,0.0044975454304308025,0.008995090860861605,3.7468097112707897,3874.204297914302,0.75,0.85,0.75,0.15,4.0,0.0,0.35,0.8021711060847014,1.0837499999999998,0.9558886051860883,0.51,0.0,0.045,,
8115.0,0.34751901521809275,0.9999999999949283,29.28496497818969,3.3533950884428774,1.1173169583094673,0.005025658247193334,0.010029883079266024,0.013495702312642749,0.004498567437547583,0.008997134875095167,3.7468097112707897,3862.987078406082,0.75,0.85,0.75,0.15,4.0,0.0,0.35,0.8021711060847014,1.0837499999999998,0.9558886051860883,0.51,0.0,0.045,,
8125.0,0.34661919187169893,0.9999999999949212,29.286270921973312,3.352340329419992,1.117668498057136,0.005028387840196029,0.010035252215595328,0.01349879191282641,0.00449959730427547,0.00899919460855094,3.7468097112707897,3851.7728335992006,0.75,0.85,0.75,0.15,4.0,0.0,0.35,0.8021711060847014,1.0837499999999998,0.9558886051860883,0.51,0.0,0.045,,
8135.0,0.3457190853186131,0.9999999999949141,29.28757352558058,3.351285422390832,1.1180203084516076,0.0050311281600816,0.010040642602666352,0.013501905106358332,0.004500635035452777,0.009001270070905554,3.7468097112707897,3840.561565230551,0.75,0.85,0.75,0.15,4.0,0.0,0.35,0.8021711060847014,1.0837499999999998,0.9558886051860883,0.51,0.0,0.045,,
8145.0,0.344818695340717,0.999999999994907,29.28887280084714,3.3502303672375873,1.1183723898344702,0.0050338792229202445,0.010046054271731915,0.013505041907800712,0.0045016806359335715,0.009003361271867143,3.7468097112707897,3829.3532750389772,0.75,0.85,0.75,0.15,4.0,0.0,0.35,0.8021711060847014,1.0837499999999998,0.9558886051860883,0.51,0.0,0.045,,
8155.0,0.34391802171961683,0.9999999999948999,29.29016875957711,3.3491751638421947,1.1187247425479308,0.0050366410448234936,0.010051487254125115,0.013508202331762979,0.004502734110587661,0.009005468221175322,3.7468097112707897,3818.1479647652577,0.75,0.85,0.75,0.15,4.0,0.0,0.35,0.8021711060847014,1.0837499999999998,0.9558886051860883,0.51,0.0,0.045,,
8165.0,0.343017064236643,0.9999999999948928,29.291461413543164,3.348119812086332,1.1190773669348535,0.005039413641944382,0.010056941581259443,0.01351138639290172,0.004503795464300573,0.009007590928601147,3.7468097112707897,3806.9456361521243,0.75,0.85,0.75,0.15,4.0,0.0,0.35,0.8021711060847014,1.0837499999999998,0.9558886051860883,0.51,0.0,0.045,,
8175.0,0.3421158226728494,0.9999999999948856,29.292750774486652,3.3470643118514207,1.1194302633387463,0.005042197030477511,0.010062417284628932,0.01351459410592066,0.004504864701973554,0.009009729403947108,3.7468097112707897,3795.746290944256,0.75,0.85,0.75,0.15,4.0,0.0,0.35,0.8021711060847014,1.0837499999999998,0.9558886051860883,0.51,0.0,0.045,,
8185.0,0.34121429680901294,0.9999999999948785,29.294036854117707,3.3460086630186265,1.119783432103734,0.005044991226658972,0.010067914395808206,0.0135178254855706,0.004505941828523534,0.009011883657047068,3.7468097112707897,3784.5499308882945,0.75,0.85,0.75,0.15,4.0,0.0,0.35,0.8021711060847014,1.0837499999999998,0.9558886051860883,0.51,0.0,0.045,,
8195.0,0.3403124864256331,0.9999999999948714,29.29531966411534,3.344952865468856,1.1201368735746113,0.005047796246766554,0.010073432946452614,0.013521080546649366,0.0045070268488831226,0.009014053697766245,3.7468097112707897,3773.3565577328363,0.75,0.85,0.75,0.15,4.0,0.0,0.35,0.8021711060847014,1.0837499999999998,0.9558886051860883,0.51,0.0,0.045,,
8205.0,0.3394103913029314,0.9999999999948643,29.296599216127547,3.3438969190827588,1.120490588096813,0.0050506121071197604,0.010078972968298357,0.013524359304001789,0.004508119768000596,0.009016239536001192,3.7468097112707897,3762.1661732284515,0.75,0.85,0.75,0.15,4.0,0.0,0.35,0.8021711060847014,1.0837499999999998,0.9558886051860883,0.51,0.0,0.045,,
8215.0,0.3385080112208508,0.9999999999948572,29.297875521771424,3.342840823740726,1.1208445760164043,0.005053438824079822,0.01008453449316258,0.013527661772519625,0.004509220590839875,0.00901844118167975,3.7468097112707897,3750.9787791276776,0.75,0.85,0.75,0.15,4.0,0.0,0.35,0.8021711060847014,1.0837499999999998,0.9558886051860883,0.51,0.0,0.045,,
8225.0,0.33760534595905517,0.9999999999948501,29.29914859263326,3.3417845793228915,1.121198837680099,0.005056276414049799,0.010090117552943496,0.01353098796714154,0.004510329322380514,0.009020658644761028,3.7468097112707897,3739.7943771850287,0.75,0.85,0.75,0.15,4.0,0.0,0.35,0.8021711060847014,1.0837499999999998,0.9558886051860883,0.51,0.0,0.045,,
8235.0,0.336702395296929,0.999999999994843,29.300418440268633,3.340728185709127,1.1215533734352638,0.005059124893474598,0.010095722179620457,0.013534337902853058,0.004511445967617687,0.009022891935235373,3.7468097112707897,3728.6129691569986,0.75,0.85,0.75,0.15,4.0,0.0,0.35,0.8021711060847014,1.0837499999999998,0.9558886051860883,0.51,0.0,0.045,,
8245.0,0.3357991590135766,0.9999999999948359,29.30168507620254,3.3396716427790474,1.1219081836299567,0.005061984278841262,0.01010134840525416,0.013537711594686508,0.00451257053156217,0.00902514106312434,3.7468097112707897,3717.434556802067,0.75,0.85,0.75,0.15,4.0,0.0,0.35,0.8021711060847014,1.0837499999999998,0.9558886051860883,0.51,0.0,0.045,,
8255.0,0.33489563688782154,0.9999999999948288,29.302948511929465,3.338614950412006,1.1222632686128473,0.005064854586678704,0.010106996261986684,0.01354110905772099,0.00451370301924033,0.00902740603848066,3.7468097112707897,3706.259141880705,0.75,0.85,0.75,0.15,4.0,0.0,0.35,0.8021711060847014,1.0837499999999998,0.9558886051860883,0.51,0.0,0.045,,
8265.0,0.3339918286982065,0.9999999999948217,29.304208758913518,3.337558108487098,1.1226186287332207,0.005067735833557808,0.010112665782041596,0.013544530307082334,0.004514843435694111,0.009029686871388222,3.7468097112707897,3695.0867261553776,0.75,0.85,0.75,0.15,4.0,0.0,0.35,0.8021711060847014,1.0837499999999998,0.9558886051860883,0.51,0.0,0.045,,
8275.0,0.3330877342229923,0.9999999999948146,29.30546582858851,3.3365011168831558,1.1229742643410976,0.005070628036091813,0.010118356997724127,0.013547975357943047,0.004515991785981016,0.009031983571962032,3.7468097112707897,3683.9173113905495,0.75,0.85,0.75,0.15,4.0,0.0,0.35,0.8021711060847014,1.0837499999999998,0.9558886051860883,0.51,0.0,0.045,,
8285.0,0.3321833532401577,0.9999999999948075,29.30671973235806,3.335443975478752,1.1233301757871375,0.005073531210936136,0.01012406994142127,0.013551444225522279,0.004517148075174094,0.009034296150348188,3.7468097112707897,3672.75089935269,0.75,0.85,0.75,0.15,4.0,0.0,0.35,0.8021711060847014,1.0837499999999998,0.9558886051860883,0.51,0.0,0.045,,
8295.0,0.33127868552739864,0.9999999999948004,29.307970481595714,3.3343866841521965,1.1236863634226102,0.005076445374788292,0.01012980464560183,0.01355493692508579,0.004518312308361931,0.009036624616723861,3.7468097112707897,3661.587491810277,0.75,0.85,0.75,0.15,4.0,0.0,0.35,0.8021711060847014,1.0837499999999998,0.9558886051860883,0.51,0.0,0.045,,
8305.0,0.3303737308621279,0.9999999999947933,29.30921808764502,3.333329242781539,1.1240428275994985,0.005079370544388332,0.010135561142816654,0.01355845347194589,0.004519484490648631,0.009038968981297262,3.7468097112707897,3650.4270905338035,0.75,0.85,0.75,0.15,4.0,0.0,0.35,0.8021711060847014,1.0837499999999998,0.9558886051860883,0.51,0.0,0.045,,
8315.0,0.3294684890214744,0.9999999999947862,29.31046256181966,3.332271651244565,1.1243995686704196,0.005082306736518566,0.010141339465698644,0.013561993881461407,0.004520664627153803,0.009041329254307605,3.7468097112707897,3639.2696972957806,0.75,0.85,0.75,0.15,4.0,0.0,0.35,0.8021711060847014,1.0837499999999998,0.9558886051860883,0.51,0.0,0.045,,
8325.0,0.32856295978228284,0.9999999999947791,29.31170391540352,3.331213909418798,1.1247565869886598,0.005085253968003845,0.010147139646962953,0.01356555816903766,0.004521852723012553,0.009043705446025107,3.7468097112707897,3628.1153138707446,0.75,0.85,0.75,0.15,4.0,0.0,0.35,0.8021711060847014,1.0837499999999998,0.9558886051860883,0.51,0.0,0.045,,
8335.0,0.327657142921113,0.9999999999947717,29.31294215965081,3.3301560171814995,1.1251138829081473,0.00508821225571141,0.01015296171940701,0.013569146350126389,0.0045230487833754635,0.009046097566750927,3.7468097112707897,3616.9639420352582,0.75,0.85,0.75,0.15,4.0,0.0,0.35,0.8021711060847014,1.0837499999999998,0.9558886051860883,0.51,0.0,0.045,,
8345.0,0.3267510382142392,0.9999999999947644,29.314177305786163,3.3290979744096654,1.1254714567835666,0.005091181616551432,0.010158805715910796,0.013572758440225761,0.004524252813408588,0.009048505626817176,3.7468097112707897,3605.815583567919,0.75,0.85,0.75,0.15,4.0,0.0,0.35,0.8021711060847014,1.0837499999999998,0.9558886051860883,0.51,0.0,0.045,,
8355.0,0.3258446454376499,0.9999999999947571,29.31540936500473,3.328039780980029,1.1258293089701388,0.0050941620674763355,0.010164671669436796,0.013576394454880264,0.004525464818293422,0.009050929636586843,3.7468097112707897,3594.6702402493625,0.75,0.85,0.75,0.15,4.0,0.0,0.35,0.8021711060847014,1.0837499999999998,0.9558886051860883,0.51,0.0,0.045,,
8365.0,0.32493796436704725,0.9999999999947498,29.31663834847228,3.326981436769059,1.1261874398238625,0.005097153625481541,0.010170559613030214,0.013580054409680742,0.004526684803226914,0.009053369606453828,3.7468097112707897,3583.5279138622686,0.75,0.85,0.75,0.15,4.0,0.0,0.35,0.8021711060847014,1.0837499999999998,0.9558886051860883,0.51,0.0,0.045,,
8375.0,0.3240309947778462,0.9999999999947424,29.31786426732531,3.3259229416529585,1.1265458497013592,0.005100156307605191,0.010176469579819086,0.013583738320264301,0.004527912773421435,0.00905582554684287,3.7468097112707897,3572.3886061913645,0.75,0.85,0.75,0.15,4.0,0.0,0.35,0.8021711060847014,1.0837499999999998,0.9558886051860883,0.51,0.0,0.045,,
8385.0,0.3231237364451741,0.9999999999947351,29.319087132671125,3.324864295507666,1.1269045389599377,0.005103170130928305,0.010182401603014394,0.013587446202314314,0.004529148734104772,0.009058297468209544,3.7468097112707897,3561.252319023428,0.75,0.85,0.75,0.15,4.0,0.0,0.35,0.8021711060847014,1.0837499999999998,0.9558886051860883,0.51,0.0,0.045,,
8395.0,0.3222161891438704,0.9999999999947278,29.320306955587956,3.3238054982088543,1.127263507957552,0.005106195112574715,0.010188355715910138,0.013591178071560335,0.004530392690520113,0.009060785381040225,3.7468097112707897,3550.119054147297,0.75,0.85,0.75,0.15,4.0,0.0,0.35,0.8021711060847014,1.0837499999999998,0.9558886051860883,0.51,0.0,0.045,,
8405.0,0.3213083526484858,0.9999999999947204,29.32152374712505,3.322746549631929,1.1276227570528803,0.005109231269711452,0.010194331951883571,0.013594933943778125,0.004531644647926042,0.009063289295852085,3.7468097112707897,3538.9888133538725,0.75,0.85,0.75,0.15,4.0,0.0,0.35,0.8021711060847014,1.0837499999999998,0.9558886051860883,0.51,0.0,0.045,,
8415.0,0.32040022673328183,0.9999999999947131,29.322737518302766,3.3216874496520306,1.1279822866052527,0.005112278619548468,0.01020033034439521,0.01359871383478955,0.004532904611596516,0.009065809223193033,3.7468097112707897,3527.8615984361236,0.75,0.85,0.75,0.15,4.0,0.0,0.35,0.8021711060847014,1.0837499999999998,0.9558886051860883,0.51,0.0,0.045,,
8425.0,0.31949181117223036,0.9999999999947058,29.323948280112685,3.3206281981440315,1.1283420969746805,0.005115337179338917,0.01020635092698904,0.013602517760462595,0.004534172586820865,0.00906834517364173,3.7468097112707897,3516.7374111890895,0.75,0.85,0.75,0.15,4.0,0.0,0.35,0.8021711060847014,1.0837499999999998,0.9558886051860883,0.51,0.0,0.045,,
8435.0,0.31858310573901283,0.9999999999946985,29.325156043517694,3.319568794982537,1.1287021885218478,0.005118406966379105,0.010212393733292599,0.013606345736711286,0.004535448578903763,0.009070897157807525,3.7468097112707897,3505.6162534098876,0.75,0.85,0.75,0.15,4.0,0.0,0.35,0.8021711060847014,1.0837499999999998,0.9558886051860883,0.51,0.0,0.045,,
8445.0,0.31767411020702,0.9999999999946911,29.326360819452095,3.3185092400418847,1.1290625616081573,0.0051214879980087035,0.010218458797017126,0.013610197779495709,0.0045367325931652365,0.009073465186330473,3.7468097112707897,3494.498126897721,0.75,0.85,0.75,0.15,4.0,0.0,0.35,0.8021711060847014,1.0837499999999998,0.9558886051860883,0.51,0.0,0.045,,
8455.0,0.31676482434935127,0.9999999999946838,29.32756261882169,3.3174495331961444,1.1294232165956408,0.005124580291610593,0.010224546151957661,0.01361407390482191,0.0045380246349406355,0.009076049269881271,3.7468097112707897,3483.3830334538757,0.75,0.85,0.75,0.15,4.0,0.0,0.35,0.8021711060847014,1.0837499999999998,0.9558886051860883,0.51,0.0,0.045,,
8465.0,0.3158552479388139,0.9999999999946765,29.328761452503905,3.316389674319115,1.1297841538470705,0.005127683864611188,0.010230655831993195,0.013617974128741923,0.004539324709580642,0.009078649419161283,3.7468097112707897,3472.270974881732,0.75,0.85,0.75,0.15,4.0,0.0,0.35,0.8021711060847014,1.0837499999999998,0.9558886051860883,0.51,0.0,0.045,,
8475.0,0.31494538074792294,0.9999999999946692,29.329957331347842,3.315329663284327,1.1301453737258853,0.00513079873448036,0.0102367878710868,0.013621898467353673,0.004540632822451225,0.00908126564490245,3.7468097112707897,3461.1619529867694,0.75,0.85,0.75,0.15,4.0,0.0,0.35,0.8021711060847014,1.0837499999999998,0.9558886051860883,0.51,0.0,0.045,,
8485.0,0.3140352225489002,0.9999999999946618,29.331150266174426,3.314269499965044,1.130506876596186,0.005133924918731439,0.010242942303285733,0.013625846936801017,0.004541948978933673,0.009083897957867347,3.7468097112707897,3450.0559695765683,0.75,0.85,0.75,0.15,4.0,0.0,0.35,0.8021711060847014,1.0837499999999998,0.9558886051860883,0.51,0.0,0.045,,
8495.0,0.3131247731136739,0.9999999999946545,29.33234026777646,3.3132091842342546,1.130868662822811,0.005137062434921488,0.010249119162721579,0.01362981955327363,0.004543273184424544,0.009086546368849088,3.7468097112707897,3438.9530264608134,0.75,0.85,0.75,0.15,4.0,0.0,0.35,0.8021711060847014,1.0837499999999998,0.9558886051860883,0.51,0.0,0.045,,
8505.0,0.3122140322138783,0.9999999999946472,29.33352734691875,3.312148715964681,1.1312307327712652,0.005140211300651252,0.010255318483610412,0.01363381633300704,0.00454460544433568,0.00908921088867136,3.7468097112707897,3427.853125451308,0.75,0.85,0.75,0.15,4.0,0.0,0.35,0.8021711060847014,1.0837499999999998,0.9558886051860883,0.51,0.0,0.045,,
8515.0,0.3113029996208527,0.9999999999946398,29.33471151433819,3.311088095028771,1.1315930868077613,0.005143371533565216,0.01026154030025287,0.013637837292282544,0.004545945764094182,0.009091891528188364,3.7468097112707897,3416.756268361968,0.75,0.85,0.75,0.15,4.0,0.0,0.35,0.8021711060847014,1.0837499999999998,0.9558886051860883,0.51,0.0,0.045,,
8525.0,0.31039167510564136,0.9999999999946325,29.335892780743844,3.3100273212987035,1.1319557252992005,0.00514654315135173,0.010267784647034338,0.013641882447427216,0.004547294149142406,0.009094588298284812,3.7468097112707897,3405.662457008834,0.75,0.85,0.75,0.15,4.0,0.0,0.35,0.8021711060847014,1.0837499999999998,0.9558886051860883,0.51,0.0,0.045,,
8535.0,0.30948005843899257,0.9999999999946252,29.337071156817075,3.3089663946463843,1.1323186486131778,0.005149726171743014,0.010274051558425031,0.013645951814813848,0.00454865060493795,0.0090973012098759,3.7468097112707897,3394.571693210074,0.75,0.85,0.75,0.15,4.0,0.0,0.35,0.8021711060847014,1.0837499999999998,0.9558886051860883,0.51,0.0,0.045,,
8545.0,0.3085681493913582,0.9999999999946179,29.33824665321161,3.3079053149434476,1.1326818571179813,0.005152920612515257,0.010280341068980146,0.013650045410860935,0.004550015136953646,0.009100030273907291,3.7468097112707897,3383.4839787859887,0.75,0.85,0.75,0.15,4.0,0.0,0.35,0.8021711060847014,1.0837499999999998,0.9558886051860883,0.51,0.0,0.045,,
8555.0,0.3076559477328932,0.9999999999946105,29.339419280553642,3.306844082061252,1.1330453511826621,0.005156126491488897,0.010286653213340054,0.013654163252032623,0.004551387750677541,0.009102775501355081,3.7468097112707897,3372.3993155590138,0.75,0.85,0.75,0.15,4.0,0.0,0.35,0.8021711060847014,1.0837499999999998,0.9558886051860883,0.51,0.0,0.045,,
8565.0,0.306743453233455,0.9999999999946032,29.34058904944194,3.3057826958708856,1.133409131176886,0.005159343826528256,0.010292988026230332,0.013658305354838713,0.004552768451612904,0.009105536903225808,3.7468097112707897,3361.317705353732,0.75,0.85,0.75,0.15,4.0,0.0,0.35,0.8021711060847014,1.0837499999999998,0.9558886051860883,0.51,0.0,0.045,,
8575.0,0.3058306656626029,0.9999999999945959,29.341755970447927,3.3047211562431613,1.133773197471068,0.005162572635541963,0.010299345542461959,0.013662471735834583,0.004554157245278195,0.00910831449055639,3.7468097112707897,3350.2391499968717,0.75,0.85,0.75,0.15,4.0,0.0,0.35,0.8021711060847014,1.0837499999999998,0.9558886051860883,0.51,0.0,0.045,,
8585.0,0.30491758478959763,0.9999999999945886,29.342920054115773,3.3036594630486187,1.134137550436323,0.0051658129364829195,0.01030572579693144,0.013666662411621221,0.004555554137207074,0.009111108274414147,3.7468097112707897,3339.163651317313,0.75,0.85,0.75,0.15,4.0,0.0,0.35,0.8021711060847014,1.0837499999999998,0.9558886051860883,0.51,0.0,0.045,,
8595.0,0.30400421038340053,0.9999999999945812,29.344081310962498,3.3025976161575206,1.1345021904445027,0.005169064747348457,0.010312128824620948,0.01367087739884512,0.004556959132948373,0.009113918265896746,3.7468097112707897,3328.0912111460952,0.75,0.85,0.75,0.15,4.0,0.0,0.35,0.8021711060847014,1.0837499999999998,0.9558886051860883,0.51,0.0,0.045,,
8605.0,0.30309054221267323,0.9999999999945739,29.34523975147807,3.3015356154398563,1.1348671178681276,0.005172328086180247,0.010318554660598464,0.013675116714198327,0.004558372238066108,0.009116744476132217,3.7468097112707897,3317.0218313164223,0.75,0.85,0.75,0.15,4.0,0.0,0.35,0.8021711060847014,1.0837499999999998,0.9558886051860883,0.51,0.0,0.045,,
8615.0,0.302176580045777,0.9999999999945665,29.34639538612548,3.30047346076534,1.1352323330804421,0.005175602971064467,0.01032500334001789,0.013679380374418338,0.004559793458139447,0.009119586916278894,3.7468097112707897,3305.955513663663,0.75,0.85,0.75,0.15,4.0,0.0,0.35,0.8021711060847014,1.0837499999999998,0.9558886051860883,0.51,0.0,0.045,,
8625.0,0.3012623236507722,0.9999999999945589,29.34754822534086,3.299411152003407,1.1355978364554107,0.005178889420131875,0.01033147489811918,0.013683668396288148,0.004561222798762716,0.009122445597525432,3.7468097112707897,3294.8922600253663,0.75,0.85,0.75,0.15,4.0,0.0,0.35,0.8021711060847014,1.0837499999999998,0.9558886051860883,0.51,0.0,0.045,,
8635.0,0.3003477727954175,0.9999999999945514,29.34869827953355,3.2983486890232174,1.1359636283677244,0.005182187451557968,0.010337969370228545,0.013687980796636145,0.004562660265545381,0.009125320531090763,3.7468097112707897,3283.832072241252,0.75,0.85,0.75,0.15,4.0,0.0,0.35,0.8021711060847014,1.0837499999999998,0.9558886051860883,0.51,0.0,0.045,,
8645.0,0.29943292724716963,0.9999999999945438,29.349845559086216,3.2972860716936547,1.1363297091927655,0.005185497083562869,0.010344486791758516,0.01369231759233613,0.004564105864112043,0.009128211728224086,3.7468097112707897,3272.7749521532287,0.75,0.85,0.75,0.15,4.0,0.0,0.35,0.8021711060847014,1.0837499999999998,0.9558886051860883,0.51,0.0,0.045,,
8655.0,0.29851778677318247,0.9999999999945363,29.350990074354918,3.2962232998833225,1.1366960793066578,0.005188818334411593,0.010351027198208143,0.013696678800307296,0.0045655596001024324,0.009131119200204865,3.7468097112707897,3261.7209016053894,0.75,0.85,0.75,0.15,4.0,0.0,0.35,0.8021711060847014,1.0837499999999998,0.9558886051860883,0.51,0.0,0.045,,
8665.0,0.29760235114030675,0.9999999999945287,29.35213183566922,3.2951603734605497,1.1370627390862376,0.005192151222413991,0.010357590625163088,0.013701064437514163,0.0045670214791713876,0.009134042958342775,3.7468097112707897,3250.6699224440285,0.75,0.85,0.75,0.15,4.0,0.0,0.35,0.8021711060847014,1.0837499999999998,0.9558886051860883,0.51,0.0,0.045,,
8675.0,0.2966866201150893,0.9999999999945212,29.353270853332276,3.2940972922933827,1.1374296889090516,0.005195495765924863,0.010364177108295788,0.01370547452096658,0.004568491506988861,0.009136983013977721,3.7468097112707897,3239.622016517632,0.75,0.85,0.75,0.15,4.0,0.0,0.35,0.8021711060847014,1.0837499999999998,0.9558886051860883,0.51,0.0,0.045,,
8685.0,0.2957705934637726,0.9999999999945136,29.354407137620925,3.2930340562495926,1.137796929153391,0.005198851983344082,0.01037078668336559,0.013709909067719702,0.004569969689239901,0.009139939378479803,3.7468097112707897,3228.5771856768984,0.75,0.85,0.75,0.15,4.0,0.0,0.35,0.8021711060847014,1.0837499999999998,0.9558886051860883,0.51,0.0,0.045,,
8695.0,0.294854270952294,0.9999999999945061,29.355540698785774,3.2919706651966663,1.1381644601982608,0.005202219893116652,0.01037741938621892,0.013714368094873945,0.004571456031624648,0.009142912063249296,3.7468097112707897,3217.5354317747274,0.75,0.85,0.75,0.15,4.0,0.0,0.35,0.8021711060847014,1.0837499999999998,0.9558886051860883,0.51,0.0,0.045,,
8705.0,0.2939376523462853,0.9999999999944985,29.356671547051292,3.290907119001814,1.1385322824234294,0.005205599513732846,0.01038407525278943,0.013718851619574961,0.0045729505398583205,0.009145901079716641,3.7468097112707897,3206.4967566662413,0.75,0.85,0.75,0.15,4.0,0.0,0.35,0.8021711060847014,1.0837499999999998,0.9558886051860883,0.51,0.0,0.045,,
8715.0,0.29302073741107226,0.999999999994491,29.35779969261592,3.289843417531965,1.1389003962093134,0.005208990863727949,0.010390754319098031,0.01372335965901364,0.004574453219671213,0.009148906439342425,3.7468097112707897,3195.4611622087796,0.75,0.85,0.75,0.15,4.0,0.0,0.35,0.8021711060847014,1.0837499999999998,0.9558886051860883,0.51,0.0,0.045,,
8725.0,0.2921035259116736,0.9999999999944834,29.35892514565213,3.288779560653765,1.1392688019371264,0.005212393961682863,0.010397456621253206,0.013727892230426053,0.004575964076808685,0.00915192815361737,3.7468097112707897,3184.428650261906,0.75,0.85,0.75,0.15,4.0,0.0,0.35,0.8021711060847014,1.0837499999999998,0.9558886051860883,0.51,0.0,0.045,,
8735.0,0.29118601761280083,0.9999999999944759,29.360047916306538,3.2877155482335807,1.1396374999888292,0.005215808826223885,0.010404182195451056,0.01373244935109345,0.004577483117031151,0.009154966234062301,3.7468097112707897,3173.3992226874184,0.75,0.85,0.75,0.15,4.0,0.0,0.35,0.8021711060847014,1.0837499999999998,0.9558886051860883,0.51,0.0,0.045,,
8745.0,0.29026821227885746,0.9999999999944683,29.361168014699988,3.286651380137495,1.1400064907470673,0.005219235476022726,0.01041093107797544,0.013737031038342213,0.004579010346114072,0.009158020692228144,3.7468097112707897,3162.372881349348,0.75,0.85,0.75,0.15,4.0,0.0,0.35,0.8021711060847014,1.0837499999999998,0.9558886051860883,0.51,0.0,0.045,,
8755.0,0.2893501096739384,0.9999999999944608,29.362285450927644,3.285587056231309,1.1403757745952492,0.005222673929796797,0.010417703305198197,0.013741637309543872,0.004580545769847958,0.009161091539695916,3.7468097112707897,3151.3496281139696,0.75,0.85,0.75,0.15,4.0,0.0,0.35,0.8021711060847014,1.0837499999999998,0.9558886051860883,0.51,0.0,0.045,,
8765.0,0.2884317095618297,0.9999999999944532,29.36340023505907,3.2845225763805384,1.1407453519175177,0.005226124206309083,0.010424498913579187,0.013746268182115032,0.004582089394038344,0.009164178788076687,3.7468097112707897,3140.329464849803,0.75,0.85,0.75,0.15,4.0,0.0,0.35,0.8021711060847014,1.0837499999999998,0.9558886051860883,0.51,0.0,0.045,,
8775.0,0.2875130117060072,0.9999999999944457,29.364512377138336,3.2834579404504187,1.1411152230987471,0.0052295863243683755,0.010431317939666517,0.01375092367351739,0.004583641224505796,0.009167282449011592,3.7468097112707897,3129.312393427623,0.75,0.85,0.75,0.15,4.0,0.0,0.35,0.8021711060847014,1.0837499999999998,0.9558886051860883,0.51,0.0,0.045,,
8785.0,0.28659401586963673,0.9999999999944381,29.365621887184094,3.2823931483059003,1.1414853885245784,0.005233060302829343,0.01043816042009668,0.013755603801257687,0.004585201267085896,0.009170402534171791,3.7468097112707897,3118.298415720461,0.75,0.85,0.75,0.15,4.0,0.0,0.35,0.8021711060847014,1.0837499999999998,0.9558886051860883,0.51,0.0,0.045,,
8795.0,0.28567472181557313,0.9999999999944306,29.366728775189674,3.2813281998116453,1.1418558485813841,0.0052365461605925374,0.010445026391594685,0.013760308582887704,0.0045867695276292355,0.009173539055258471,3.7468097112707897,3107.2875336036072,0.75,0.85,0.75,0.15,4.0,0.0,0.35,0.8021711060847014,1.0837499999999998,0.9558886051860883,0.51,0.0,0.045,,
8805.0,0.28475512930635966,0.999999999994423,29.36783305112317,3.280263094832034,1.1422266036562696,0.005240043916604481,0.01045191589097421,0.013765038036004236,0.004588346012001412,0.009176692024002824,3.7468097112707897,3096.279748954625,0.75,0.85,0.75,0.15,4.0,0.0,0.35,0.8021711060847014,1.0837499999999998,0.9558886051860883,0.51,0.0,0.045,,
8815.0,0.2838352381042274,0.9999999999944155,29.368934724927534,3.2791978332311604,1.1425976541371068,0.005243553589857843,0.010458828955137781,0.013769792178249054,0.004589930726083018,0.009179861452166036,3.7468097112707897,3085.2750636533497,0.75,0.85,0.75,0.15,4.0,0.0,0.35,0.8021711060847014,1.0837499999999998,0.9558886051860883,0.51,0.0,0.045,,
8825.0,0.28291504797109474,0.9999999999944079,29.370033806520656,3.2781324148728315,1.1429690004125308,0.005247075199391463,0.010465765621076885,0.013774571027308908,0.004591523675769637,0.009183047351539275,3.7468097112707897,3074.273479581895,0.75,0.85,0.75,0.15,4.0,0.0,0.35,0.8021711060847014,1.0837499999999998,0.9558886051860883,0.51,0.0,0.045,,
8835.0,0.28199455866856676,0.9999999999944004,29.371130305795454,3.2770668396205664,1.143340642871877,0.00525060876429031,0.010472725925872124,0.013779374600915493,0.004593124866971832,0.009186249733943663,3.7468097112707897,3063.27499862466,0.75,0.85,0.75,0.15,4.0,0.0,0.35,0.8021711060847014,1.0837499999999998,0.9558886051860883,0.51,0.0,0.045,,
8845.0,0.2810737699579345,0.9999999999943928,29.372224232619974,3.2760011073375996,1.1437125819052785,0.0052541543036858,0.010479709906693398,0.013784202916845427,0.004594734305615142,0.009189468611230284,3.7468097112707897,3052.279622668334,0.75,0.85,0.75,0.15,4.0,0.0,0.35,0.8021711060847014,1.0837499999999998,0.9558886051860883,0.51,0.0,0.045,,
8855.0,0.2801526816001745,0.9999999999943853,29.37331559683746,3.2749352178868767,1.1440848179036145,0.005257711836755745,0.010486717600800034,0.013789055992920235,0.0045963519976400784,0.009192703995280157,3.7468097112707897,3041.2873536019015,0.75,0.85,0.75,0.15,4.0,0.0,0.35,0.8021711060847014,1.0837499999999998,0.9558886051860883,0.51,0.0,0.045,,
8865.0,0.27923129335594804,0.9999999999943777,29.37440440826645,3.2738691711310515,1.1444573512585279,0.005261281382724482,0.010493749045540972,0.013793933847006341,0.004597977949002114,0.009195955898004229,3.7468097112707897,3030.2981933166448,0.75,0.85,0.75,0.15,4.0,0.0,0.35,0.8021711060847014,1.0837499999999998,0.9558886051860883,0.51,0.0,0.045,,
8875.0,0.27830960498560076,0.99999999999437,29.37549067670087,3.2728029669324927,1.1448301823624238,0.005264862960862931,0.01050080427835489,0.01379883649701503,0.004599612165671677,0.009199224331343354,3.7468097112707897,3019.3121437061545,0.75,0.85,0.75,0.15,4.0,0.0,0.35,0.8021711060847014,1.0837499999999998,0.9558886051860883,0.51,0.0,0.045,,
8885.0,0.2773876162491618,0.9999999999943622,29.37657441191011,3.2717366051532797,1.1452033116084221,0.005268456590488559,0.010507883336770343,0.013803763960902429,0.004601254653634143,0.009202509307268287,3.7468097112707897,3008.329206666337,0.75,0.85,0.75,0.15,4.0,0.0,0.35,0.8021711060847014,1.0837499999999998,0.9558886051860883,0.51,0.0,0.045,,
8895.0,0.27646532690634334,0.9999999999943544,29.377655623639114,3.270670085655199,1.1455767393904677,0.00527206229096575,0.010514986258405965,0.013808716256669504,0.004602905418889835,0.00920581083777967,3.7468097112707897,2997.3493840954097,0.75,0.85,0.75,0.15,4.0,0.0,0.35,0.8021711060847014,1.0837499999999998,0.9558886051860883,0.51,0.0,0.045,,
8905.0,0.2755427367165398,0.9999999999943466,29.378734321608473,3.2696034082997465,1.14595046610325,0.0052756800817057095,0.010522113080970629,0.013813693402362028,0.00460456446745401,0.00920912893490802,3.7468097112707897,2986.372677893914,0.75,0.85,0.75,0.15,4.0,0.0,0.35,0.8021711060847014,1.0837499999999998,0.9558886051860883,0.51,0.0,0.045,,
8915.0,0.2746198454388275,0.9999999999943389,29.379810515514503,3.2685365729481304,1.146324492142202,0.005279309982166448,0.010529263842263525,0.013818695416070571,0.004606231805356857,0.009212463610713715,3.7468097112707897,2975.3990899647215,0.75,0.85,0.75,0.15,4.0,0.0,0.35,0.8021711060847014,1.0837499999999998,0.9558886051860883,0.51,0.0,0.045,,
8925.0,0.27369665283196387,0.9999999999943311,29.380884215029337,3.2674695794612636,1.1466988179035473,0.005282952011853094,0.010536438580174409,0.013823722315930482,0.0046079074386434936,0.009215814877286987,3.7468097112707897,2964.4286222130354,0.75,0.85,0.75,0.15,4.0,0.0,0.35,0.8021711060847014,1.0837499999999998,0.9558886051860883,0.51,0.0,0.045,,
8935.0,0.2727731586543868,0.9999999999943233,29.381955429801003,3.2664024276997687,1.1470734437842998,0.005286606190317922,0.01054363733268374,0.013828774120121862,0.004609591373373954,0.009219182746747908,3.7468097112707897,2953.461276546399,0.75,0.85,0.75,0.15,4.0,0.0,0.35,0.8021711060847014,1.0837499999999998,0.9558886051860883,0.51,0.0,0.045,,
8945.0,0.2718493626642141,0.9999999999943155,29.383024169453524,3.2653351175239744,1.147448370182197,0.005290272537160237,0.010550860137862782,0.013833850846869573,0.004611283615623191,0.009222567231246382,3.7468097112707897,2942.4970548747,0.75,0.85,0.75,0.15,4.0,0.0,0.35,0.8021711060847014,1.0837499999999998,0.9558886051860883,0.51,0.0,0.045,,
8955.0,0.27092526461924293,0.9999999999943078,29.384090443586988,3.2642676487939166,1.14782359749578,0.005293951072026735,0.010558107033873844,0.013838952514443186,0.004612984171481062,0.009225968342962123,3.7468097112707897,2931.535959110179,0.75,0.85,0.75,0.15,4.0,0.0,0.35,0.8021711060847014,1.0837499999999998,0.9558886051860883,0.51,0.0,0.045,,
8965.0,0.27000086427694897,0.9999999999943,29.385154261777647,3.2632000213693373,1.1481991261243931,0.005297641814611533,0.010565378058970416,0.013844079141156988,0.0046146930470523295,0.009229386094104659,3.7468097112707897,2920.577991167429,0.75,0.85,0.75,0.15,4.0,0.0,0.35,0.8021711060847014,1.0837499999999998,0.9558886051860883,0.51,0.0,0.045,,
8975.0,0.269076161394486,0.9999999999942922,29.38621563357799,3.2621322351096826,1.1485749564681005,0.005301344784656071,0.010572673251497328,0.013849230745369964,0.004616410248456655,0.00923282049691331,3.7468097112707897,2909.6231529634038,0.75,0.85,0.75,0.15,4.0,0.0,0.35,0.8021711060847014,1.0837499999999998,0.9558886051860883,0.51,0.0,0.045,,
8985.0,0.26815115572868514,0.9999999999942845,29.387274568516833,3.261064289874106,1.148951088927798,0.005305060001949385,0.010579992649890875,0.013854407345485775,0.004618135781828591,0.009236271563657182,3.7468097112707897,2898.6714464174293,0.75,0.85,0.75,0.15,4.0,0.0,0.35,0.8021711060847014,1.0837499999999998,0.9558886051860883,0.51,0.0,0.045,,
8995.0,0.26722584703605434,0.9999999999942767,29.388331076099416,3.259996185521463,1.1493275239051322,0.005308787486328135,0.01058733629267903,0.013859608959952748,0.004619869653317584,0.009239739306635167,3.7468097112707897,2887.722873451199,0.75,0.85,0.75,0.15,4.0,0.0,0.35,0.8021711060847014,1.0837499999999998,0.9558886051860883,0.51,0.0,0.045,,
9005.0,0.2663002350727776,0.9999999999942689,29.389385165807457,3.2589279219103147,1.149704261802561,0.005312527257676757,0.01059470421848161,0.01386483560726386,0.004621611869087953,0.009243223738175906,3.7468097112707897,2876.7774359887885,0.75,0.85,0.75,0.15,4.0,0.0,0.35,0.8021711060847014,1.0837499999999998,0.9558886051860883,0.51,0.0,0.045,,
9015.0,0.2653743195947145,0.9999999999942611,29.39043684709927,3.2578594988989242,1.1500813030232904,0.005316279335927382,0.010602096466010399,0.013870087305956718,0.004623362435318907,0.009246724870637813,3.7468097112707897,2865.835135956654,0.75,0.85,0.75,0.15,4.0,0.0,0.35,0.8021711060847014,1.0837499999999998,0.9558886051860883,0.51,0.0,0.045,,
9025.0,0.26444810035739946,0.9999999999942534,29.391486129409827,3.256790916345256,1.150458647971366,0.005320043741060163,0.010609513074069345,0.013875364074613558,0.004625121358204519,0.009250242716409039,3.7468097112707897,2854.8959752836436,0.75,0.85,0.75,0.15,4.0,0.0,0.35,0.8021711060847014,1.0837499999999998,0.9558886051860883,0.51,0.0,0.045,,
9035.0,0.26352157711604096,0.9999999999942456,29.392533022150854,3.2557221741069817,1.150836297051579,0.005323820493103165,0.01061695408155473,0.013880665931861215,0.004626888643953739,0.009253777287907479,3.7468097112707897,2843.9599559010003,0.75,0.85,0.75,0.15,4.0,0.0,0.35,0.8021711060847014,1.0837499999999998,0.9558886051860883,0.51,0.0,0.045,,
9045.0,0.2625947496255214,0.9999999999942378,29.393577534710904,3.254653272041468,1.15121425066954,0.005327609612132562,0.010624419527455305,0.013885992896371126,0.0046286642987903755,0.009257328597580751,3.7468097112707897,2833.027079742368,0.75,0.85,0.75,0.15,4.0,0.0,0.35,0.8021711060847014,1.0837499999999998,0.9558886051860883,0.51,0.0,0.045,,
9055.0,0.26166761764039576,0.9999999999942301,29.394619676455445,3.253584210005787,1.1515925092316641,0.005331411118272777,0.010631909450852524,0.013891344986859303,0.0046304483289531006,0.009260896657906201,3.7468097112707897,2822.097348743798,0.75,0.85,0.75,0.15,4.0,0.0,0.35,0.8021711060847014,1.0837499999999998,0.9558886051860883,0.51,0.0,0.045,,
9065.0,0.2607401809148916,0.9999999999942223,29.395659456726953,3.252514987856708,1.1519710731451043,0.005335225031696307,0.010639423890920619,0.013896722222086329,0.004632240740695444,0.009264481481390889,3.7468097112707897,2811.1707648437523,0.75,0.85,0.75,0.15,4.0,0.0,0.35,0.8021711060847014,1.0837499999999998,0.9558886051860883,0.51,0.0,0.045,,
9075.0,0.259812439202908,0.9999999999942145,29.396696884844978,3.251445605450703,1.1523499428178923,0.005339051372624205,0.010646962886926839,0.013902124620857343,0.004634041540285782,0.009268083080571563,3.7468097112707897,2800.247329983111,0.75,0.85,0.75,0.15,4.0,0.0,0.35,0.8021711060847014,1.0837499999999998,0.9558886051860883,0.51,0.0,0.045,,
9085.0,0.25888439225801513,0.9999999999942067,29.397731970106236,3.2503760626439413,1.1527291186587938,0.005342890161325853,0.010654526478231601,0.013907552202022024,0.004635850734007341,0.009271701468014683,3.7468097112707897,2789.327046105181,0.75,0.85,0.75,0.15,4.0,0.0,0.35,0.8021711060847014,1.0837499999999998,0.9558886051860883,0.51,0.0,0.045,,
9095.0,0.25795603983345355,0.999999999994199,29.398764721784698,3.249306359292291,1.1531086010774332,0.0053467414181192895,0.010662114704288678,0.013913004984474592,0.004637668328158198,0.009275336656316396,3.7468097112707897,2778.409915155697,0.75,0.85,0.75,0.15,4.0,0.0,0.35,0.8021711060847014,1.0837499999999998,0.9558886051860883,0.51,0.0,0.045,,
9105.0,0.2570273816821334,0.9999999999941911,29.399795149131656,3.248236495251319,1.1534883904841802,0.005350605163371026,0.010669727604645317,0.013918482987153777,0.004639494329051259,0.009278988658102519,3.7468097112707897,2767.4959390828285,0.75,0.85,0.75,0.15,4.0,0.0,0.35,0.8021711060847014,1.0837499999999998,0.9558886051860883,0.51,0.0,0.045,,
9115.0,0.25609841755663415,0.9999999999941831,29.400823261375812,3.247166470376288,1.1538684872902414,0.005354481417496384,0.010677365218942443,0.013923986229042834,0.004641328743014278,0.009282657486028556,3.7468097112707897,2756.585119837186,0.75,0.85,0.75,0.15,4.0,0.0,0.35,0.8021711060847014,1.0837499999999998,0.9558886051860883,0.51,0.0,0.045,,
9125.0,0.2551691472092034,0.9999999999941751,29.401849067723372,3.246096284522159,1.1542488919076772,0.005358370200959651,0.010685027586914886,0.013929514729169498,0.004643171576389833,0.009286343152779666,3.7468097112707897,2745.6774593718283,0.75,0.85,0.75,0.15,4.0,0.0,0.35,0.8021711060847014,1.0837499999999998,0.9558886051860883,0.51,0.0,0.045,,
9135.0,0.2542395703917568,0.9999999999941671,29.402872577358117,3.2450259375435886,1.1546296047492846,0.005362271534273842,0.010692714748391471,0.013935068506606002,0.004645022835535334,0.009290045671070668,3.7468097112707897,2734.7729596422687,0.75,0.85,0.75,0.15,4.0,0.0,0.35,0.8021711060847014,1.0837499999999998,0.9558886051860883,0.51,0.0,0.045,,
9145.0,0.253309686855877,0.9999999999941591,29.403893799441473,3.243955429294928,1.1550106262287072,0.005366185438001034,0.010700426743295223,0.013940647580469055,0.004646882526823019,0.009293765053646038,3.7468097112707897,2723.8716226064753,0.75,0.85,0.75,0.15,4.0,0.0,0.35,0.8021711060847014,1.0837499999999998,0.9558886051860883,0.51,0.0,0.045,,
9155.0,0.252379496352813,0.9999999999941511,29.404912743112618,3.242884759630226,1.1553919567604165,0.00537011193275251,0.010708163611643581,0.01394625196991984,0.0046487506566399465,0.009297501313279893,3.7468097112707897,2712.973450224882,0.75,0.85,0.75,0.15,4.0,0.0,0.35,0.8021711060847014,1.0837499999999998,0.9558886051860883,0.51,0.0,0.045,,
9165.0,0.25144899863347975,0.9999999999941431,29.405929417488544,3.2418139284032224,1.1557735967596612,0.005374051039188556,0.010715925393548468,0.013951881694163998,0.004650627231387999,0.009301254462775998,3.7468097112707897,2702.0784444603955,0.75,0.85,0.75,0.15,4.0,0.0,0.35,0.8021711060847014,1.0837499999999998,0.9558886051860883,0.51,0.0,0.045,,
9175.0,0.25051819344845727,0.9999999999941351,29.406943831664144,3.2407429354673525,1.1561555466425606,0.005378002778019004,0.010723712129216604,0.013957536772451614,0.004652512257483872,0.009305024514967744,3.7468097112707897,2691.186607278394,0.75,0.85,0.75,0.15,4.0,0.0,0.35,0.8021711060847014,1.0837499999999998,0.9558886051860883,0.51,0.0,0.045,,
9185.0,0.2495870805479902,0.9999999999941271,29.407955994712292,3.239671780675746,1.1565378068260046,0.0053819671700028795,0.010731523858949578,0.01396321722407723,0.004654405741359077,0.009308811482718154,3.7468097112707897,2680.297940646744,0.75,0.85,0.75,0.15,4.0,0.0,0.35,0.8021711060847014,1.0837499999999998,0.9558886051860883,0.51,0.0,0.045,,
9195.0,0.24865565968198686,0.9999999999941191,29.408965915683925,3.2386004638812222,1.1569203777277486,0.005385944235948833,0.010739360623144081,0.013968923068379801,0.004656307689459934,0.009312615378919867,3.7468097112707897,2669.4124465357954,0.75,0.85,0.75,0.15,4.0,0.0,0.35,0.8021711060847014,1.0837499999999998,0.9558886051860883,0.51,0.0,0.045,,
9205.0,0.2477239306000188,0.9999999999941112,29.409973603608123,3.2375289849362954,1.15730325976636,0.005389933996715077,0.010747222462292068,0.013974654324742725,0.004658218108247576,0.009316436216495153,3.7468097112707897,2658.5301269183933,0.75,0.85,0.75,0.15,4.0,0.0,0.35,0.8021711060847014,1.0837499999999998,0.9558886051860883,0.51,0.0,0.045,,
9215.0,0.24679189305131996,0.9999999999941032,29.410979067492185,3.236457343693168,1.157686453361232,0.005393936473209551,0.010755109416980973,0.013980411012593818,0.00466013700419794,0.00932027400839588,3.7468097112707897,2647.6509837698823,0.75,0.85,0.75,0.15,4.0,0.0,0.35,0.8021711060847014,1.0837499999999998,0.9558886051860883,0.51,0.0,0.045,,
9225.0,0.24585954678478625,0.9999999999940952,29.41198231632172,3.2353855400037355,1.1580699589325667,0.005397951686389835,0.010763021527893797,0.013986193151405289,0.0046620643838017626,0.009324128767603525,3.7468097112707897,2636.775019068114,0.75,0.85,0.75,0.15,4.0,0.0,0.35,0.8021711060847014,1.0837499999999998,0.9558886051860883,0.51,0.0,0.045,,
9235.0,0.24492689154897462,0.9999999999940872,29.412983359060707,3.2343135737195827,1.1584537769014311,0.005401979657263519,0.010770958835809358,0.013992000760693762,0.0046640002535645875,0.009328000507129175,3.7468097112707897,2625.902234793451,0.75,0.85,0.75,0.15,4.0,0.0,0.35,0.8021711060847014,1.0837499999999998,0.9558886051860883,0.51,0.0,0.045,,
9245.0,0.24399392709210257,0.9999999999940792,29.4139822046516,3.2332414446919833,1.1588379076897248,0.00540602040688823,0.0107789213816025,0.01399783386002027,0.004665944620006756,0.009331889240013512,3.7468097112707897,2615.032632928774,0.75,0.85,0.75,0.15,4.0,0.0,0.35,0.8021711060847014,1.0837499999999998,0.9558886051860883,0.51,0.0,0.045,,
9255.0,0.2430606531620474,0.9999999999940712,29.41497886201539,3.232169152771901,1.1592223517201448,0.005410073956371532,0.010786909206244215,0.014003692468990208,0.004667897489663403,0.009335794979326807,3.7468097112707897,2604.1662154594883,0.75,0.85,0.75,0.15,4.0,0.0,0.35,0.8021711060847014,1.0837499999999998,0.9558886051860883,0.51,0.0,0.045,,
9265.0,0.2421270695063455,0.9999999999940632,29.415973340051675,3.2310966978099853,1.1596071094162916,0.005414140326871321,0.01079492235080185,0.014009576607253375,0.004669858869084459,0.009339717738168917,3.7468097112707897,2593.3029843735258,0.75,0.85,0.75,0.15,4.0,0.0,0.35,0.8021711060847014,1.0837499999999998,0.9558886051860883,0.51,0.0,0.045,,
9275.0,0.24119317587219175,0.9999999999940552,29.416965647638772,3.2300240796565767,1.1599921812025393,0.0054182195395956565,0.010802960856439288,0.014015486294503953,0.004671828764834651,0.009343657529669301,3.7468097112707897,2582.442941661359,0.75,0.85,0.75,0.15,4.0,0.0,0.35,0.8021711060847014,1.0837499999999998,0.9558886051860883,0.51,0.0,0.045,,
9285.0,0.2402589720064388,0.9999999999940472,29.417955793633762,3.228951298161699,1.1603775675041434,0.005422311615803079,0.010811024764417166,0.01402142155048048,0.004673807183493493,0.009347614366986987,3.7468097112707897,2571.5860893159975,0.75,0.85,0.75,0.15,4.0,0.0,0.35,0.8021711060847014,1.0837499999999998,0.9558886051860883,0.51,0.0,0.045,,
9295.0,0.23932445765559648,0.9999999999940392,29.418943786872592,3.2278783531750643,1.1607632687472047,0.005426416576802562,0.010819114116092994,0.014027382394965874,0.004675794131655292,0.009351588263310584,3.7468097112707897,2560.7324293330034,0.75,0.85,0.75,0.15,4.0,0.0,0.35,0.8021711060847014,1.0837499999999998,0.9558886051860883,0.51,0.0,0.045,,
9305.0,0.23838963256583093,0.9999999999940312,29.419929636170135,3.22680524454607,1.1611492853586505,0.005430534443953668,0.010827228952921392,0.014033368847787405,0.004677789615929135,0.00935557923185827,3.7468097112707897,2549.8819637104893,0.75,0.85,0.75,0.15,4.0,0.0,0.35,0.8021711060847014,1.0837499999999998,0.9558886051860883,0.51,0.0,0.045,,
9315.0,0.23745449648296407,0.9999999999940232,29.42091335032028,3.225731972123799,1.1615356177662757,0.005434665238666658,0.010835369316454247,0.014039380928816717,0.004679793642938906,0.009359587285877812,3.7468097112707897,2539.03469444913,0.75,0.85,0.75,0.15,4.0,0.0,0.35,0.8021711060847014,1.0837499999999998,0.9558886051860883,0.51,0.0,0.045,,
9325.0,0.23651904915247285,0.9999999999940151,29.421894938096013,3.224658535757016,1.161922266398742,0.005438808982402691,0.010843535248340974,0.014045418657969795,0.004681806219323265,0.00936361243864653,3.7468097112707897,2528.1906235521637,0.75,0.85,0.75,0.15,4.0,0.0,0.35,0.8021711060847014,1.0837499999999998,0.9558886051860883,0.51,0.0,0.045,,
9335.0,0.2355832903194886,0.9999999999940069,29.422874408249477,3.2235849352941717,1.162309231685508,0.005442965696673616,0.01085172679032859,0.014051482055206992,0.004683827351735664,0.009367654703471328,3.7468097112707897,2517.349753025404,0.75,0.85,0.75,0.15,4.0,0.0,0.35,0.8021711060847014,1.0837499999999998,0.9558886051860883,0.51,0.0,0.045,,
9345.0,0.23464721972879635,0.9999999999939987,29.423851769512073,3.2225111705834006,1.1626965140569376,0.0054471354030424125,0.010859943984261983,0.014057571140532986,0.004685857046844329,0.009371714093688657,3.7468097112707897,2506.512084877243,0.75,0.85,0.75,0.15,4.0,0.0,0.35,0.8021711060847014,1.0837499999999998,0.9558886051860883,0.51,0.0,0.045,,
9355.0,0.23371083712483406,0.9999999999939905,29.424827030594518,3.221437241472517,1.1630841139442474,0.0054513181231231715,0.010868186872084093,0.014063685933996808,0.00468789531133227,0.00937579062266454,3.7468097112707897,2495.6776211186557,0.75,0.85,0.75,0.15,4.0,0.0,0.35,0.8021711060847014,1.0837499999999998,0.9558886051860883,0.51,0.0,0.045,,
9365.0,0.23277414225169205,0.9999999999939823,29.42580020018693,3.2203631478090173,1.163472031779502,0.005455513878581119,0.01087645549583606,0.014069826455691832,0.004689942151897278,0.009379884303794555,3.7468097112707897,2484.846363763207,0.75,0.85,0.75,0.15,4.0,0.0,0.35,0.8021711060847014,1.0837499999999998,0.9558886051860883,0.51,0.0,0.045,,
9375.0,0.23183713485311214,0.999999999993974,29.426771286958914,3.2192888894400804,1.163860267995626,0.005459722691132845,0.010884749897657484,0.014075992725755767,0.004691997575251922,0.009383995150503845,3.7468097112707897,2474.0183148270626,0.75,0.85,0.75,0.15,4.0,0.0,0.35,0.8021711060847014,1.0837499999999998,0.9558886051860883,0.51,0.0,0.045,,
9385.0,0.2308998146724871,0.9999999999939658,29.427740299559616,3.218214466212565,1.1642488230264458,0.00546394458254642,0.010893070119786592,0.014082184764370669,0.004694061588123557,0.009388123176247114,3.7468097112707897,2463.193476328987,0.75,0.85,0.75,0.15,4.0,0.0,0.35,0.8021711060847014,1.0837499999999998,0.9558886051860883,0.51,0.0,0.045,,
9395.0,0.22996218145285996,0.9999999999939576,29.428707246617826,3.21713987797301,1.164637697306577,0.0054681795746411846,0.010901416204560345,0.014088402591762908,0.004696134197254303,0.009392268394508607,3.7468097112707897,2452.371850290358,0.75,0.85,0.75,0.15,4.0,0.0,0.35,0.8021711060847014,1.0837499999999998,0.9558886051860883,0.51,0.0,0.045,,
9405.0,0.22902423493692323,0.9999999999939494,29.429672136742035,3.2160651245676295,1.16502689127159,0.005472427689288401,0.010909788194414785,0.014094646228203207,0.00469821540940107,0.00939643081880214,3.7468097112707897,2441.5534387351663,0.75,0.85,0.75,0.15,4.0,0.0,0.35,0.8021711060847014,1.0837499999999998,0.9558886051860883,0.51,0.0,0.045,,
9415.0,0.22808597486701812,0.9999999999939412,29.43063497852052,3.2149902058423225,1.1654164053578813,0.005476688948410915,0.010918186131885124,0.01410091569400661,0.004700305231335536,0.009400610462671072,3.7468097112707897,2430.7382436900257,0.75,0.85,0.75,0.15,4.0,0.0,0.35,0.8021711060847014,1.0837499999999998,0.9558886051860883,0.51,0.0,0.045,,
9425.0,0.22714740098513406,0.999999999993933,29.431595780521416,3.2139151216426596,1.165806240002747,0.005480963373983502,0.010926610059606006,0.014107211009532494,0.0047024036698441645,0.009404807339688329,3.7468097112707897,2419.9262671841766,0.75,0.85,0.75,0.15,4.0,0.0,0.35,0.8021711060847014,1.0837499999999998,0.9558886051860883,0.51,0.0,0.045,,
9435.0,0.22620851303290782,0.9999999999939247,29.432554551292803,3.212839871813893,1.1661963956443147,0.005485250988032696,0.010935060020311598,0.014113532195184563,0.004704510731728189,0.009409021463456377,3.7468097112707897,2409.1175112494966,0.75,0.85,0.75,0.15,4.0,0.0,0.35,0.8021711060847014,1.0837499999999998,0.9558886051860883,0.51,0.0,0.045,,
9445.0,0.22526931075162288,0.9999999999939165,29.433511299362763,3.211764456200948,1.1665868727216333,0.005489551812637253,0.010943536056835894,0.014119879271410856,0.004706626423803618,0.009413252847607237,3.7468097112707897,2398.311977920502,0.75,0.85,0.75,0.15,4.0,0.0,0.35,0.8021711060847014,1.0837499999999998,0.9558886051860883,0.51,0.0,0.045,,
9455.0,0.22432979388220864,0.9999999999939083,29.43446603323947,3.210688874648427,1.16697767167462,0.005493865869928056,0.010952038212112882,0.014126252258703736,0.004708750752901245,0.00941750150580249,3.7468097112707897,2387.5096692343573,0.75,0.85,0.75,0.15,4.0,0.0,0.35,0.8021711060847014,1.0837499999999998,0.9558886051860883,0.51,0.0,0.045,,
9465.0,0.22338996216523985,0.9999999999939001,29.43541876141126,3.209613127000607,1.1673687929440564,0.005498193182088182,0.01096056652917671,0.014132651177599894,0.004710883725866632,0.009421767451733265,3.7468097112707897,2376.710587230879,0.75,0.85,0.75,0.15,4.0,0.0,0.35,0.8021711060847014,1.0837499999999998,0.9558886051860883,0.51,0.0,0.045,,
9475.0,0.22244981534093575,0.9999999999938919,29.436369492346707,3.208537213101439,1.1677602369716602,0.005502533771353251,0.010969121051161964,0.014139076048680362,0.004713025349560121,0.009426050699120243,3.7468097112707897,2365.914733952543,0.75,0.85,0.75,0.15,4.0,0.0,0.35,0.8021711060847014,1.0837499999999998,0.9558886051860883,0.51,0.0,0.045,,
9485.0,0.22150935314915945,0.9999999999938837,29.4373182344947,3.2074611327945477,1.1681520041999711,0.0055068876600111605,0.010977701821303755,0.014145526892570492,0.0047151756308568315,0.009430351261713663,3.7468097112707897,2355.1221114444943,0.75,0.85,0.75,0.15,4.0,0.0,0.35,0.8021711060847014,1.0837499999999998,0.9558886051860883,0.51,0.0,0.045,,
9495.0,0.2205685753294172,0.9999999999938755,29.438264996284516,3.206384885923233,1.168544095072487,0.005511254870402609,0.010986308882938039,0.014152003729939973,0.0047173345766466585,0.009434669153293317,3.7468097112707897,2344.332721754549,0.75,0.85,0.75,0.15,4.0,0.0,0.35,0.8021711060847014,1.0837499999999998,0.9558886051860883,0.51,0.0,0.045,,
9505.0,0.2196274816208576,0.9999999999938672,29.439209786125893,3.205308472330462,1.1689365100335318,0.005515635424920808,0.01099494227950172,0.014158506581502826,0.004719502193834275,0.00943900438766855,3.7468097112707897,2333.5465669332,0.75,0.85,0.75,0.15,4.0,0.0,0.35,0.8021711060847014,1.0837499999999998,0.9558886051860883,0.51,0.0,0.045,,
9515.0,0.218686071762271,0.999999999993859,29.440152612409108,3.204231891858876,1.1693292495283765,0.005520029346011928,0.011003602054532912,0.014165035468017407,0.004721678489339136,0.009443356978678272,3.7468097112707897,2322.763649033627,0.75,0.85,0.75,0.15,4.0,0.0,0.35,0.8021711060847014,1.0837499999999998,0.9558886051860883,0.51,0.0,0.045,,
9525.0,0.2177443454920887,0.9999999999938507,29.44109348350505,3.2031551443507897,1.1697223140031543,0.005524436656174999,0.011012288251671137,0.014171590410286412,0.004723863470095471,0.009447726940190943,3.7468097112707897,2311.983970111703,0.75,0.85,0.75,0.15,4.0,0.0,0.35,0.8021711060847014,1.0837499999999998,0.9558886051860883,0.51,0.0,0.045,,
9535.0,0.21680230254838218,0.9999999999938423,29.442032407765286,3.2020782296481842,1.1701157039049173,0.005528857377962107,0.011021000914657516,0.014178171429156887,0.004726057143052296,0.009452114286104592,3.7468097112707897,2301.2075322259975,0.75,0.85,0.75,0.15,4.0,0.0,0.35,0.8021711060847014,1.0837499999999998,0.9558886051860883,0.51,0.0,0.045,,
9545.0,0.2158599426688625,0.9999999999938338,29.44296939352215,3.2010011475927107,1.1705094196816168,0.005533291533978475,0.011029740087334958,0.0141847785455202,0.004728259515173401,0.009456519030346801,3.7468097112707897,2290.434337437785,0.75,0.85,0.75,0.15,4.0,0.0,0.35,0.8021711060847014,1.0837499999999998,0.9558886051860883,0.51,0.0,0.045,,
9555.0,0.21491726559087948,0.9999999999938254,29.443904449088816,3.1999238980256894,1.170903461782096,0.005537739146882576,0.011038505813648397,0.014191411780312078,0.00473047059343736,0.00946094118687472,3.7468097112707897,2279.6643878110503,0.75,0.85,0.75,0.15,4.0,0.0,0.35,0.8021711060847014,1.0837499999999998,0.9558886051860883,0.51,0.0,0.045,,
9565.0,0.213974271051421,0.999999999993817,29.444837582759348,3.19884648078811,1.171297830656116,0.005542200239386253,0.011047298137644964,0.014198071154512588,0.004732690384837529,0.009465380769675059,3.7468097112707897,2268.8976854124976,0.75,0.85,0.75,0.15,4.0,0.0,0.35,0.8021711060847014,1.0837499999999998,0.9558886051860883,0.51,0.0,0.045,,
9575.0,0.21303095878711226,0.9999999999938085,29.445768802808804,3.1977688957206256,1.171692526754364,0.005546674834254967,0.011056117103474284,0.014204756689146161,0.004734918896382054,0.009469837792764108,3.7468097112707897,2258.134232311555,0.75,0.85,0.75,0.15,4.0,0.0,0.35,0.8021711060847014,1.0837499999999998,0.9558886051860883,0.51,0.0,0.045,,
9585.0,0.21208732853421508,0.9999999999938001,29.446698117493288,3.1966911426635596,1.1720875505284178,0.005551162954307622,0.01106496275538857,0.014211468405281577,0.00473715613509386,0.00947431227018772,3.7468097112707897,2247.3740305803803,0.75,0.85,0.75,0.15,4.0,0.0,0.35,0.8021711060847014,1.0837499999999998,0.9558886051860883,0.51,0.0,0.045,,
9595.0,0.21114338002862712,0.9999999999937916,29.447625535050037,3.1956132214568993,1.1724829024307541,0.00555566462241685,0.01107383513774288,0.014218206324031984,0.004739402108010661,0.009478804216021323,3.7468097112707897,2236.6170822938698,0.75,0.85,0.75,0.15,4.0,0.0,0.35,0.8021711060847014,1.0837499999999998,0.9558886051860883,0.51,0.0,0.045,,
9605.0,0.21019911300588112,0.9999999999937832,29.448551063697483,3.1945351319402984,1.172878582914789,0.005560179861509156,0.01108273429499534,0.01422497046655489,0.004741656822184964,0.009483313644369927,3.7468097112707897,2225.863389529662,0.75,0.85,0.75,0.15,4.0,0.0,0.35,0.8021711060847014,1.0837499999999998,0.9558886051860883,0.51,0.0,0.045,,
9615.0,0.20925452720114426,0.9999999999937748,29.449474711635336,3.193456873953073,1.173274592434873,0.0055647086945650555,0.011091660271707366,0.014231760854052172,0.004743920284684057,0.009487840569368114,3.7468097112707897,2215.112954368149,0.75,0.85,0.75,0.15,4.0,0.0,0.35,0.8021711060847014,1.0837499999999998,0.9558886051860883,0.51,0.0,0.045,,
9625.0,0.20830962234921732,0.9999999999937663,29.450396487044642,3.1923784473342045,1.1736709314462201,0.005569251144618935,0.01110061311254382,0.014238577507770087,0.004746192502590028,0.009492385005180057,3.7468097112707897,2204.365778892476,0.75,0.85,0.75,0.15,4.0,0.0,0.35,0.8021711060847014,1.0837499999999998,0.9558886051860883,0.51,0.0,0.045,,
9635.0,0.20736439818453403,0.9999999999937579,29.451316398087872,3.1912998519223366,1.1740676004050272,0.005573807234759495,0.01110959286227325,0.014245420448999275,0.004748473482999759,0.009496946965999517,3.7468097112707897,2193.621865188556,0.75,0.85,0.75,0.15,4.0,0.0,0.35,0.8021711060847014,1.0837499999999998,0.9558886051860883,0.51,0.0,0.045,,
9645.0,0.2064188544411602,0.9999999999937494,29.452234452908986,3.190221087555774,1.1744645997684051,0.005578376988129786,0.011118599565768172,0.014252289699074761,0.0047507632330249195,0.009501526466049839,3.7468097112707897,2182.8812153450676,0.75,0.85,0.75,0.15,4.0,0.0,0.35,0.8021711060847014,1.0837499999999998,0.9558886051860883,0.51,0.0,0.045,,
9655.0,0.20547299085279308,0.999999999993741,29.4531506596335,3.1891421540724854,1.1748619299943568,0.0055829604279270684,0.011127633268005158,0.014259185279375957,0.0047530617597919865,0.009506123519583973,3.7468097112707897,2172.1438314534716,0.75,0.85,0.75,0.15,4.0,0.0,0.35,0.8021711060847014,1.0837499999999998,0.9558886051860883,0.51,0.0,0.045,,
9665.0,0.2045268071527606,0.9999999999937326,29.45406502636857,3.1880630513100985,1.1752595915418464,0.005587557577403243,0.011136694014065137,0.014266107211326684,0.004755369070442229,0.009510738140884458,3.7468097112707897,2161.40971560801,0.75,0.85,0.75,0.15,4.0,0.0,0.35,0.8021711060847014,1.0837499999999998,0.9558886051860883,0.51,0.0,0.045,,
9675.0,0.20358030307402047,0.9999999999937241,29.454977561203055,3.1869837791059004,1.1756575848708104,0.005592168459864969,0.011145781849133625,0.014273055516395164,0.004757685172131721,0.009515370344263443,3.7468097112707897,2150.6788699057142,0.75,0.85,0.75,0.15,4.0,0.0,0.35,0.8021711060847014,1.0837499999999998,0.9558886051860883,0.51,0.0,0.045,,
9685.0,0.20263347834915973,0.9999999999937157,29.45588827220759,3.1859043372968383,1.1760559104420245,0.005596793098673414,0.011154896818500872,0.014280030216094036,0.004760010072031346,0.009520020144062691,3.7468097112707897,2139.9512964464157,0.75,0.85,0.75,0.15,4.0,0.0,0.35,0.8021711060847014,1.0837499999999998,0.9558886051860883,0.51,0.0,0.045,,
9695.0,0.20168633271039368,0.9999999999937073,29.45679716743466,3.184824725719517,1.176454568717285,0.005601431517244791,0.011164038967562124,0.014287031331980346,0.004762343777326782,0.009524687554653565,3.7468097112707897,2129.2269973327448,0.75,0.85,0.75,0.15,4.0,0.0,0.35,0.8021711060847014,1.0837499999999998,0.9558886051860883,0.51,0.0,0.045,,
9705.0,0.20073886588956535,0.9999999999936988,29.45770425491867,3.1837449442102006,1.1768535601592744,0.005606083739050216,0.011173208341817828,0.014294058885655589,0.004764686295218529,0.009529372590437058,3.7468097112707897,2118.5059746701495,0.75,0.85,0.75,0.15,4.0,0.0,0.35,0.8021711060847014,1.0837499999999998,0.9558886051860883,0.51,0.0,0.045,,
9715.0,0.1997910776181446,0.9999999999936903,29.45860954267601,3.1826649926048085,1.1772528852316975,0.005610749787616088,0.011182404986873883,0.01430111289876568,0.004767037632921893,0.009534075265843786,3.7468097112707897,2107.788230566891,0.75,0.85,0.75,0.15,4.0,0.0,0.35,0.8021711060847014,1.0837499999999998,0.9558886051860883,0.51,0.0,0.045,,
9725.0,0.19884296762722736,0.9999999999936816,29.45951303870514,3.181584870738917,1.1776525443990844,0.005615429686523769,0.011191628948441798,0.014308193393000986,0.0047693977976669966,0.009538795595333993,3.7468097112707897,2097.0737671340535,0.75,0.85,0.75,0.15,4.0,0.0,0.35,0.8021711060847014,1.0837499999999998,0.9558886051860883,0.51,0.0,0.045,,
9735.0,0.19789453564753504,0.999999999993673,29.460414750986644,3.180504578447758,1.178052538127034,0.005620123459410242,0.01120088027233898,0.01431530039009633,0.004771766796698776,0.009543533593397551,3.7468097112707897,2086.3625864855567,0.75,0.85,0.75,0.15,4.0,0.0,0.35,0.8021711060847014,1.0837499999999998,0.9558886051860883,0.51,0.0,0.045,,
9745.0,0.19694578140941352,0.9999999999936643,29.46131468748332,3.1794241155662184,1.1784528668820204,0.005624831129967794,0.011210159004488901,0.014322433911830973,0.004774144637276991,0.009548289274553982,3.7468097112707897,2075.6546907381553,0.75,0.85,0.75,0.15,4.0,0.0,0.35,0.8021711060847014,1.0837499999999998,0.9558886051860883,0.51,0.0,0.045,,
9755.0,0.19599670464283256,0.9999999999936556,29.462212856140226,3.178343481928836,1.1788535311315071,0.005629552721944421,0.01121946519092138,0.014329593980028673,0.004776531326676225,0.00955306265335245,3.7468097112707897,2064.950082011447,0.75,0.85,0.75,0.15,4.0,0.0,0.35,0.8021711060847014,1.0837499999999998,0.9558886051860883,0.51,0.0,0.045,,
9765.0,0.19504730507738494,0.999999999993647,29.463109264884775,3.1772626773698067,1.17925453134388,0.005634288259143684,0.011228798877772722,0.01433678061655765,0.004778926872185884,0.009557853744371767,3.7468097112707897,2054.2487624278865,0.75,0.85,0.75,0.15,4.0,0.0,0.35,0.8021711060847014,1.0837499999999998,0.9558886051860883,0.51,0.0,0.045,,
9775.0,0.19409758244228575,0.9999999999936383,29.464003921626787,3.1761817017229736,1.1796558679885298,0.0056390377654251846,0.011238160111286043,0.014343993843330629,0.00478133128111021,0.00956266256222042,3.7468097112707897,2043.5507341127818,0.75,0.85,0.75,0.15,4.0,0.0,0.35,0.8021711060847014,1.0837499999999998,0.9558886051860883,0.51,0.0,0.045,,
9785.0,0.19314753646637162,0.9999999999936297,29.464896834258568,3.175100554821836,1.1800575415357857,0.005643801264704384,0.011247548937811436,0.01435123368230482,0.004783744560768274,0.009567489121536548,3.7468097112707897,2032.8559991943096,0.75,0.85,0.75,0.15,4.0,0.0,0.35,0.8021711060847014,1.0837499999999998,0.9558886051860883,0.51,0.0,0.045,,
9795.0,0.19219716687809982,0.999999999993621,29.46578801065498,3.1740192364995403,1.1804595524569201,0.0056485787809528,0.011256965403806206,0.014358500155481945,0.004786166718493983,0.009572333436987965,3.7468097112707897,2022.164559803517,0.75,0.85,0.75,0.15,4.0,0.0,0.35,0.8021711060847014,1.0837499999999998,0.9558886051860883,0.51,0.0,0.045,,
9805.0,0.19124647340554768,0.9999999999936123,29.466677458673498,3.1729377465888846,1.1808619012242036,0.005653370338198191,0.01126640955583508,0.014365793284908255,0.004788597761636085,0.00957719552327217,3.7468097112707897,2011.476418074332,0.75,0.85,0.75,0.15,4.0,0.0,0.35,0.8021711060847014,1.0837499999999998,0.9558886051860883,0.51,0.0,0.045,,
9815.0,0.19029545577641163,0.9999999999936037,29.467565186154307,3.171856084922316,1.1812645883108512,0.005658175960524621,0.011275881440570455,0.01437311309267452,0.004791037697558174,0.009582075395116348,3.7468097112707897,2000.7915761435677,0.75,0.85,0.75,0.15,4.0,0.0,0.35,0.8021711060847014,1.0837499999999998,0.9558886051860883,0.51,0.0,0.045,,
9825.0,0.18934411371800652,0.999999999993595,29.468451200920335,3.1707742513319297,1.1816676141910747,0.005662995672072705,0.01128538110479266,0.014380459600916069,0.004793486533638689,0.009586973067277378,3.7468097112707897,1990.1100361509318,0.75,0.85,0.75,0.15,4.0,0.0,0.35,0.8021711060847014,1.0837499999999998,0.9558886051860883,0.51,0.0,0.045,,
9835.0,0.18839244695726481,0.9999999999935864,29.469335510777352,3.169692245649471,1.1820709793400295,0.005667829497039512,0.011294908595390113,0.014387832831812757,0.00479594427727092,0.00959188855454184,3.7468097112707897,1979.4318002390323,0.75,0.85,0.75,0.15,4.0,0.0,0.35,0.8021711060847014,1.0837499999999998,0.9558886051860883,0.51,0.0,0.045,,
9845.0,0.18744045522073577,0.9999999999935777,29.470218123514027,3.168610067706326,1.1824746842338816,0.005672677459678913,0.01130446395935961,0.014395232807589035,0.004798410935863012,0.009596821871726023,3.7468097112707897,1968.756870553381,0.75,0.85,0.75,0.15,4.0,0.0,0.35,0.8021711060847014,1.0837499999999998,0.9558886051860883,0.51,0.0,0.045,,
9855.0,0.18648813823458474,0.999999999993569,29.471099046901994,3.167527717333534,1.1828787293497558,0.005677539584301601,0.011314047243806549,0.014402659550513902,0.004800886516837967,0.009601773033675935,3.7468097112707897,1958.08524924241,0.75,0.85,0.75,0.15,4.0,0.0,0.35,0.8021711060847014,1.0837499999999998,0.9558886051860883,0.51,0.0,0.045,,
9865.0,0.18553549572459227,0.9999999999935604,29.47197828869593,3.166445194361775,1.1832831151657544,0.005682415895275175,0.01132365849594513,0.014410113082900975,0.004803371027633659,0.009606742055267318,3.7468097112707897,1947.4169384574682,0.75,0.85,0.75,0.15,4.0,0.0,0.35,0.8021711060847014,1.0837499999999998,0.9558886051860883,0.51,0.0,0.045,,
9875.0,0.18458252741615336,0.9999999999935517,29.472855856633615,3.1653624986213753,1.1836878421609982,0.005687306417024415,0.011333297763098634,0.014417593427108447,0.0048058644757028165,0.009611728951405633,3.7468097112707897,1936.7519403528347,0.75,0.85,0.75,0.15,4.0,0.0,0.35,0.8021711060847014,1.0837499999999998,0.9558886051860883,0.51,0.0,0.045,,
9885.0,0.1836292330342767,0.999999999993543,29.473731758436003,3.1642796299423037,1.1840929108155391,0.005692211174031176,0.011342965092699595,0.014425100605539143,0.004808366868513047,0.009616733737026094,3.7468097112707897,1926.090257085725,0.75,0.85,0.75,0.15,4.0,0.0,0.35,0.8021711060847014,1.0837499999999998,0.9558886051860883,0.51,0.0,0.045,,
9895.0,0.1826756123035838,0.9999999999935343,29.47460600180729,3.1631965881541717,1.1844983216104594,0.0056971301908347715,0.011352660532290108,0.014432634640640506,0.004810878213546836,0.009621756427093672,3.7468097112707897,1915.4318908162952,0.75,0.85,0.75,0.15,4.0,0.0,0.35,0.8021711060847014,1.0837499999999998,0.9558886051860883,0.51,0.0,0.045,,
9905.0,0.18172166494830833,0.9999999999935254,29.47547859443499,3.162113373086235,1.184904075027831,0.005702063492031932,0.011362384129522006,0.014440195554904637,0.004813398518301546,0.009626797036603092,3.7468097112707897,1904.7768437076543,0.75,0.85,0.75,0.15,4.0,0.0,0.35,0.8021711060847014,1.0837499999999998,0.9558886051860883,0.51,0.0,0.045,,
9915.0,0.18076739069229508,0.9999999999935165,29.476349543989983,3.1610299845673877,1.1853101715507102,0.005707011102277034,0.011372135932157152,0.014447783370868272,0.0048159277902894235,0.009631855580578847,3.7468097112707897,1894.125117925866,0.75,0.85,0.75,0.15,4.0,0.0,0.35,0.8021711060847014,1.0837499999999998,0.9558886051860883,0.51,0.0,0.045,,
9925.0,0.17981278925899938,0.9999999999935076,29.47721885812661,3.159946422426167,1.185716611663156,0.005711973046282115,0.011381915988067613,0.014455398111112816,0.004818466037037606,0.009636932074075212,3.7468097112707897,1883.476715639961,0.75,0.85,0.75,0.15,4.0,0.0,0.35,0.8021711060847014,1.0837499999999998,0.9558886051860883,0.51,0.0,0.045,,
9935.0,0.17885786037148624,0.9999999999934988,29.478086544482714,3.1588626864907474,1.186123395850252,0.005716949348817184,0.01139172434523597,0.014463039798264372,0.0048210132660881245,0.009642026532176249,3.7468097112707897,1872.8316390219377,0.75,0.85,0.75,0.15,4.0,0.0,0.35,0.8021711060847014,1.0837499999999998,0.9558886051860883,0.51,0.0,0.045,,
9945.0,0.17790260375242944,0.9999999999934899,29.47895261067973,3.1577787765889433,1.1865305245980222,0.0057219400347100465,0.011401561051755478,0.014470708454993729,0.004823569484997909,0.009647138969995818,3.7468097112707897,1862.1898902467765,0.75,0.85,0.75,0.15,4.0,0.0,0.35,0.8021711060847014,1.0837499999999998,0.9558886051860883,0.51,0.0,0.045,,
9955.0,0.17694701912411087,0.999999999993481,29.479817064322734,3.1566946925482067,1.1869379983935582,0.005726945128846815,0.011411426155830387,0.014478404104016396,0.0048261347013388,0.0096522694026776,3.7468097112707897,1851.5514714924427,0.75,0.85,0.75,0.15,4.0,0.0,0.35,0.8021711060847014,1.0837499999999998,0.9558886051860883,0.51,0.0,0.045,,
9965.0,0.17599110620841957,0.9999999999934721,29.48067991300052,3.1556104341956264,1.1873458177249336,0.00573196465617172,0.011421319705776102,0.01448612676809261,0.004828708922697537,0.009657417845395075,3.7468097112707897,1840.9163849398951,0.75,0.85,0.75,0.15,4.0,0.0,0.35,0.8021711060847014,1.0837499999999998,0.9558886051860883,0.51,0.0,0.045,,
9975.0,0.17503486472685106,0.9999999999934632,29.48154116428567,3.154526001357928,1.1877539830812571,0.005736998641687505,0.011431241750019513,0.014493876470027348,0.0048312921566757835,0.009662584313351567,3.7468097112707897,1830.2846327730924,0.75,0.85,0.75,0.15,4.0,0.0,0.35,0.8021711060847014,1.0837499999999998,0.9558886051860883,0.51,0.0,0.045,,
9985.0,0.17407829440050643,0.9999999999934543,29.48240082573461,3.1534413938614723,1.1881624949526,0.005742047110455275,0.011441192337099169,0.014501653232670346,0.004833884410890116,0.009667768821780233,3.7468097112707897,1819.656217179002,0.75,0.85,0.75,0.15,4.0,0.0,0.35,0.8021711060847014,1.0837499999999998,0.9558886051860883,0.51,0.0,0.045,,
9995.0,0.17312139495009157,0.9999999999934455,29.48325890488769,3.1523566115322548,1.188571353830109,0.005747110087594874,0.011451171515665534,0.014509457078916124,0.004836485692972041,0.009672971385944081,3.7468097112707897,1809.0311403476067,0.75,0.85,0.75,0.15,4.0,0.0,0.35,0.8021711060847014,1.0837499999999998,0.9558886051860883,0.51,0.0,0.045,,
10005.0,0.17216416609591625,0.9999999999934366,29.484115409269236,3.151271654195904,1.1889805602059231,0.005752187598284964,0.011461179334481302,0.014517288031703973,0.004839096010567991,0.009678192021135982,3.7468097112707897,1798.4094044719104,0.75,0.85,0.75,0.15,4.0,0.0,0.35,0.8021711060847014,1.0837499999999998,0.9558886051860883,0.51,0.0,0.045,,
10015.0,0.17120660755789346,0.9999999999934277,29.48497034638763,3.1501865216776825,1.1893901145732197,0.0057572796677630425,0.01147121584242153,0.01452514611401802,0.004841715371339339,0.009683430742678679,3.7468097112707897,1787.7910117479496,0.75,0.85,0.75,0.15,4.0,0.0,0.35,0.8021711060847014,1.0837499999999998,0.9558886051860883,0.51,0.0,0.045,,
10025.0,0.17024871905553846,0.9999999999934188,29.48582372373537,3.1491012138024836,1.1898000174261638,0.005762386321325651,0.011481281088473972,0.014533031348887197,0.004844343782962399,0.009688687565924798,3.7468097112707897,1777.175964374796,0.75,0.85,0.75,0.15,4.0,0.0,0.35,0.8021711060847014,1.0837499999999998,0.9558886051860883,0.51,0.0,0.045,,
10035.0,0.16929050030796794,0.9999999999934099,29.486675548789126,3.148015730394834,1.1902102692599874,0.005767507584328533,0.011491375121739276,0.014540943759385284,0.004846981253128428,0.009693962506256856,3.7468097112707897,1766.5642645545668,0.75,0.85,0.75,0.15,4.0,0.0,0.35,0.8021711060847014,1.0837499999999998,0.9558886051860883,0.51,0.0,0.045,,
10045.0,0.16833195103389934,0.9999999999934011,29.487525829009833,3.146930071278888,1.1906208705709482,0.005772643482186807,0.011501497991431282,0.014548883368630926,0.004849627789543643,0.009699255579087285,3.7468097112707897,1755.9559144924317,0.75,0.85,0.75,0.15,4.0,0.0,0.35,0.8021711060847014,1.0837499999999998,0.9558886051860883,0.51,0.0,0.045,,
10055.0,0.16737307095164983,0.9999999999933922,29.488374571842737,3.145844236278431,1.1910318218563065,0.005777794040374904,0.011511649746877201,0.01455685019978764,0.004852283399929214,0.009704566799858427,3.7468097112707897,1745.3509163966198,0.75,0.85,0.75,0.15,4.0,0.0,0.35,0.8021711060847014,1.0837499999999998,0.9558886051860883,0.51,0.0,0.045,,
10065.0,0.16641385977913564,0.9999999999933831,29.489221784717454,3.1447582252168758,1.19144312361442,0.005782959284427056,0.011521830437517972,0.014564844276063834,0.004854948092021278,0.009709896184042556,3.7468097112707897,1734.7492724784272,0.75,0.85,0.75,0.15,4.0,0.0,0.35,0.8021711060847014,1.0837499999999998,0.9558886051860883,0.51,0.0,0.045,,
10075.0,0.16545431723387108,0.999999999993374,29.49006747504805,3.1436720379172653,1.1918547763446106,0.005788139239936964,0.011532040112908376,0.014572865620712852,0.00485762187357095,0.0097152437471419,3.7468097112707897,1724.1509849522256,0.75,0.85,0.75,0.15,4.0,0.0,0.35,0.8021711060847014,1.0837499999999998,0.9558886051860883,0.51,0.0,0.045,,
10085.0,0.1644944430329678,0.9999999999933649,29.49091165023311,3.1425856742022673,1.1922667805473106,0.005793333932558416,0.011542278822717418,0.014580914257032935,0.004860304752344313,0.009720609504688626,3.7468097112707897,1713.5560560354686,0.75,0.85,0.75,0.15,4.0,0.0,0.35,0.8021711060847014,1.0837499999999998,0.9558886051860883,0.51,0.0,0.045,,
10095.0,0.16353423689313396,0.9999999999933558,29.491754317655786,3.141499133894175,1.192679136723955,0.005798543388005062,0.011552546616728493,0.014588990208367309,0.004862996736122437,0.009725993472244874,3.7468097112707897,1702.9644879486993,0.75,0.85,0.75,0.15,4.0,0.0,0.35,0.8021711060847014,1.0837499999999998,0.9558886051860883,0.51,0.0,0.045,,
10105.0,0.16257369853067324,0.9999999999933467,29.492595484683882,3.1404124168149083,1.193091845377053,0.0058037676320508,0.011562843544839713,0.01459709349810414,0.00486569783270138,0.00973139566540276,3.7468097112707897,1692.3762829155582,0.75,0.85,0.75,0.15,4.0,0.0,0.35,0.8021711060847014,1.0837499999999998,0.9558886051860883,0.51,0.0,0.045,,
10115.0,0.1616128276614842,0.9999999999933376,29.493435158669904,3.1393255227860113,1.1935049070101402,0.005809006690529684,0.011573169657064085,0.014605224149676615,0.004868408049892204,0.009736816099784409,3.7468097112707897,1681.791443162791,0.75,0.85,0.75,0.15,4.0,0.0,0.35,0.8021711060847014,1.0837499999999998,0.9558886051860883,0.51,0.0,0.045,,
10125.0,0.16065162400105926,0.9999999999933284,29.494273346951122,3.1382384516286512,1.1939183221278213,0.005814260589336264,0.011583525003529816,0.014613382186562895,0.004871127395520965,0.00974225479104193,3.7468097112707897,1671.209970920257,0.75,0.85,0.75,0.15,4.0,0.0,0.35,0.8021711060847014,1.0837499999999998,0.9558886051860883,0.51,0.0,0.045,,
10135.0,0.15969008726448394,0.9999999999933193,29.495110056849654,3.1371512031636177,1.1943320912357505,0.005819529354425603,0.011593909634480556,0.014621567632286217,0.004873855877428739,0.009747711754857478,3.7468097112707897,1660.631868420934,0.75,0.85,0.75,0.15,4.0,0.0,0.35,0.8021711060847014,1.0837499999999998,0.9558886051860883,0.51,0.0,0.045,,
10145.0,0.15872821716643604,0.9999999999933102,29.495945295672517,3.1360637772113202,1.1947462148406598,0.005824813011813541,0.011604323600275678,0.014629780510414817,0.004876593503471606,0.009753187006943212,3.7468097112707897,1650.0571379009286,0.75,0.85,0.75,0.15,4.0,0.0,0.35,0.8021711060847014,1.0837499999999998,0.9558886051860883,0.51,0.0,0.045,,
10155.0,0.15776601342118468,0.9999999999933011,29.496779070711693,3.1349761735917925,1.1951606934503096,0.005830111587576616,0.011614766951390475,0.014638020844562045,0.004879340281520683,0.009758680563041366,3.7468097112707897,1639.4857815994828,0.75,0.85,0.75,0.15,4.0,0.0,0.35,0.8021711060847014,1.0837499999999998,0.9558886051860883,0.51,0.0,0.045,,
10165.0,0.15680347574258946,0.999999999993292,29.49761138924419,3.133888392124685,1.1955755275735749,0.005835425107852548,0.011625239738416542,0.014646288658386315,0.0048820962194621054,0.009764192438924211,3.7468097112707897,1628.917801758982,0.75,0.85,0.75,0.15,4.0,0.0,0.35,0.8021711060847014,1.0837499999999998,0.9558886051860883,0.51,0.0,0.045,,
10175.0,0.15584060384409973,0.9999999999932829,29.49844225853212,3.132800432629269,1.1959907177203533,0.005840753598839978,0.011635742012061887,0.01465458397559117,0.004884861325197057,0.009769722650394113,3.7468097112707897,1618.3532006249632,0.75,0.85,0.75,0.15,4.0,0.0,0.35,0.8021711060847014,1.0837499999999998,0.9558886051860883,0.51,0.0,0.045,,
10185.0,0.15487739743875353,0.9999999999932738,29.499271685822745,3.131712294924432,1.1964062644016344,0.005846097086798927,0.01164627382315131,0.014662906819925265,0.004887635606641755,0.00977527121328351,3.7468097112707897,1607.791980446121,0.75,0.85,0.75,0.15,4.0,0.0,0.35,0.8021711060847014,1.0837499999999998,0.9558886051860883,0.51,0.0,0.045,,
10195.0,0.15391385623917692,0.9999999999932647,29.50009967834855,3.130623978828681,1.1968221681294982,0.0058514555980508295,0.01165683522262661,0.014671257215182443,0.004890419071727482,0.009780838143454963,3.7468097112707897,1597.2341434743175,0.75,0.85,0.75,0.15,4.0,0.0,0.35,0.8021711060847014,1.0837499999999998,0.9558886051860883,0.51,0.0,0.045,,
10205.0,0.15294997995758297,0.9999999999932556,29.500926243327317,3.1295354841601366,1.197238429417048,0.005856829158978531,0.011667426261546848,0.014679635185201689,0.0048932117284005636,0.009786423456801127,3.7468097112707897,1586.6796919645892,0.75,0.85,0.75,0.15,4.0,0.0,0.35,0.8021711060847014,1.0837499999999998,0.9558886051860883,0.51,0.0,0.045,,
10215.0,0.15198576830577093,0.9999999999932465,29.501751387962166,3.1284468107365364,1.1976550487785456,0.005862217796026814,0.011678046991088669,0.014688040753867222,0.004896013584622409,0.009792027169244818,3.7468097112707897,1576.1286281751545,0.75,0.85,0.75,0.15,4.0,0.0,0.35,0.8021711060847014,1.0837499999999998,0.9558886051860883,0.51,0.0,0.045,,
10225.0,0.15102122099512544,0.9999999999932373,29.502575119441634,3.1273579583752333,1.1980720267292377,0.005867621535701967,0.01168869746254645,0.014696473945108453,0.004898824648369484,0.009797649296738969,3.7468097112707897,1565.5809543674222,0.75,0.85,0.75,0.15,4.0,0.0,0.35,0.8021711060847014,1.0837499999999998,0.9558886051860883,0.51,0.0,0.045,,
10235.0,0.1500563377366155,0.999999999993228,29.50339744493974,3.1262689268931902,1.1984893637855663,0.005873040404572614,0.011699377727332712,0.014704934782900069,0.004901644927633357,0.009803289855266715,3.7468097112707897,1555.0366728059983,0.75,0.85,0.75,0.15,4.0,0.0,0.35,0.8021711060847014,1.0837499999999998,0.9558886051860883,0.51,0.0,0.045,,
10245.0,0.14909111824079374,0.9999999999932186,29.504218371616044,3.1251797161069863,1.1989070604649952,0.005878474429269317,0.011710087836978297,0.014713423291261999,0.004904474430420667,0.009808948860841334,3.7468097112707897,1544.495785758696,0.75,0.85,0.75,0.15,4.0,0.0,0.35,0.8021711060847014,1.0837499999999998,0.9558886051860883,0.51,0.0,0.045,,
10255.0,0.14812556221779546,0.9999999999932093,29.505037906615705,3.1240903258328094,1.1993251172860857,0.005883923636484937,0.011720827843132664,0.014721939494259465,0.004907313164753156,0.009814626329506313,3.7468097112707897,1533.958295496541,0.75,0.85,0.75,0.15,4.0,0.0,0.35,0.8021711060847014,1.0837499999999998,0.9558886051860883,0.51,0.0,0.045,,
10265.0,0.1471596693773378,0.9999999999932,29.505856057069547,3.12300075588646,1.1997435347685,0.0058893880529747155,0.011731597797564126,0.014730483416003016,0.0049101611386676725,0.009820322277335345,3.7468097112707897,1523.424204293781,0.75,0.85,0.75,0.15,4.0,0.0,0.35,0.8021711060847014,1.0837499999999998,0.9558886051860883,0.51,0.0,0.045,,
10275.0,0.14619343942871874,0.9999999999931907,29.50667283009413,3.121911006083348,1.20016231343302,0.005894867705556581,0.01174239775216018,0.014739055080648534,0.004913018360216178,0.009826036720432356,3.7468097112707897,1512.8935144278944,0.75,0.85,0.75,0.15,4.0,0.0,0.35,0.8021711060847014,1.0837499999999998,0.9558886051860883,0.51,0.0,0.045,,
10285.0,0.14522687208081636,0.9999999999931813,29.5074882327918,3.120821076238491,1.2005814538015038,0.005900362621111073,0.01175322775892772,0.014747654512397268,0.004915884837465755,0.00983176967493151,3.7468097112707897,1502.3662281795953,0.75,0.85,0.75,0.15,4.0,0.0,0.35,0.8021711060847014,1.0837499999999998,0.9558886051860883,0.51,0.0,0.045,,
10295.0,0.1442599670420879,0.999999999993172,29.50830227225077,3.1197309661665154,1.2010009563969348,0.0059058728265817245,0.011764087869993393,0.014756281735495851,0.004918760578498617,0.009837521156997235,3.7468097112707897,1491.8423478328443,0.75,0.85,0.75,0.15,4.0,0.0,0.35,0.8021711060847014,1.0837499999999998,0.9558886051860883,0.51,0.0,0.045,,
10305.0,0.1432927240205689,0.9999999999931627,29.50911495554516,3.118640675681655,1.2014208217433784,0.005911398348974917,0.01177497813760376,0.014764936774236332,0.004921645591412111,0.009843291182824222,3.7468097112707897,1481.321875674858,0.75,0.85,0.75,0.15,4.0,0.0,0.35,0.8021711060847014,1.0837499999999998,0.9558886051860883,0.51,0.0,0.045,,
10315.0,0.14232514272387212,0.9999999999931534,29.509926289735077,3.117550204597749,1.201841050366015,0.005916939215360284,0.011785898614125661,0.01477361965295619,0.004924539884318731,0.009849079768637461,3.7468097112707897,1470.8048139961106,0.75,0.85,0.75,0.15,4.0,0.0,0.35,0.8021711060847014,1.0837499999999998,0.9558886051860883,0.51,0.0,0.045,,
10325.0,0.14135722285918695,0.999999999993144,29.510736281866667,3.1164595527282404,1.202261642791172,0.005922495452870805,0.011796849352046451,0.014782330396038379,0.004927443465346126,0.009854886930692253,3.7468097112707897,1460.291165090349,0.75,0.85,0.75,0.15,4.0,0.0,0.35,0.8021711060847014,1.0837499999999998,0.9558886051860883,0.51,0.0,0.045,,
10335.0,0.14038896413327823,0.9999999999931347,29.511544938972175,3.1153687198861784,1.2026825995462673,0.005928067088702924,0.011807830403974305,0.014791069027911326,0.004930356342637109,0.009860712685274218,3.7468097112707897,1449.7809312545974,0.75,0.85,0.75,0.15,4.0,0.0,0.35,0.8021711060847014,1.0837499999999998,0.9558886051860883,0.51,0.0,0.045,,
10345.0,0.13942036625248555,0.9999999999931254,29.51235226807003,3.1142777058842137,1.2031039211598238,0.005933654150116581,0.011818841822638444,0.014799835573048993,0.0049332785243496645,0.009866557048699329,3.7468097112707897,1439.2741147891659,0.75,0.85,0.75,0.15,4.0,0.0,0.35,0.8021711060847014,1.0837499999999998,0.9558886051860883,0.51,0.0,0.045,,
10355.0,0.13845142892272222,0.9999999999931161,29.513158276164873,3.113186510534602,1.2035256081615198,0.005939256664435625,0.011829883660889468,0.014808630055970858,0.004936210018656953,0.009872420037313905,3.7468097112707897,1428.7707179976596,0.75,0.85,0.75,0.15,4.0,0.0,0.35,0.8021711060847014,1.0837499999999998,0.9558886051860883,0.51,0.0,0.045,,
10365.0,0.13748215184947446,0.9999999999931067,29.513962970247647,3.1120951336491958,1.2039476610821294,0.0059448746590477185,0.011840955971699594,0.014817452501241979,0.004939150833747327,0.009878301667494654,3.7468097112707897,1418.2707431869849,0.75,0.85,0.75,0.15,4.0,0.0,0.35,0.8021711060847014,1.0837499999999998,0.9558886051860883,0.51,0.0,0.045,,
10375.0,0.13651253473780037,0.9999999999930973,29.514766357295645,3.111003575039451,1.2043700804535986,0.005950508161404761,0.01185205880816302,0.014826302933473008,0.004942100977824337,0.009884201955648673,3.7468097112707897,1407.7741926673596,0.75,0.85,0.75,0.15,4.0,0.0,0.35,0.8021711060847014,1.0837499999999998,0.9558886051860883,0.51,0.0,0.045,,
10385.0,0.13554257729232916,0.9999999999930878,29.51556844427257,3.1099118345164225,1.2047928668089578,0.005956157199022684,0.011863192223496086,0.01483518137732023,0.004945060459106743,0.009890120918213487,3.7468097112707897,1397.2810687523204,0.75,0.85,0.75,0.15,4.0,0.0,0.35,0.8021711060847014,1.0837499999999998,0.9558886051860883,0.51,0.0,0.045,,
10395.0,0.1345722792172601,0.9999999999930782,29.516369238128608,3.108819911890761,1.2052160206824012,0.005961821799481902,0.011874356271037643,0.014844087857485535,0.0049480292858285115,0.009896058571657023,3.7468097112707897,1386.7913737587305,0.75,0.85,0.75,0.15,4.0,0.0,0.35,0.8021711060847014,1.0837499999999998,0.9558886051860883,0.51,0.0,0.045,,
10405.0,0.1336016402163617,0.9999999999930687,29.517168745800472,3.1077278069727186,1.2056395426092676,0.005967501990427379,0.011885551004249307,0.01485302239871653,0.004951007466238845,0.00990201493247769,3.7468097112707897,1376.3051100067898,0.75,0.85,0.75,0.15,4.0,0.0,0.35,0.8021711060847014,1.0837499999999998,0.9558886051860883,0.51,0.0,0.045,,
10415.0,0.13263065999297077,0.9999999999930591,29.51796697421148,3.10663551957214,1.2060634331260176,0.00597319779956873,0.011896776476715758,0.014861985025806504,0.004953995008602168,0.009907990017204335,3.7468097112707897,1365.8222798200402,0.75,0.85,0.75,0.15,4.0,0.0,0.35,0.8021711060847014,1.0837499999999998,0.9558886051860883,0.51,0.0,0.045,,
10425.0,0.13165933824999146,0.9999999999930496,29.518763930271604,3.1055430494984675,1.2064876927702604,0.005978909254680418,0.011908032742145018,0.014870975763594495,0.004956991921198165,0.00991398384239633,3.7468097112707897,1355.3428855253771,0.75,0.85,0.75,0.15,4.0,0.0,0.35,0.8021711060847014,1.0837499999999998,0.9558886051860883,0.51,0.0,0.045,,
10435.0,0.13068767468989442,0.99999999999304,29.519559620877548,3.1044503965607366,1.2069123220807751,0.005984636383601937,0.011919319854368733,0.014879994636965259,0.004959998212321754,0.009919996424643508,3.7468097112707897,1344.866929453056,0.75,0.85,0.75,0.15,4.0,0.0,0.35,0.8021711060847014,1.0837499999999998,0.9558886051860883,0.51,0.0,0.045,,
10445.0,0.12971566901471576,0.9999999999930305,29.520354052912786,3.1033575605675767,1.2073373215974605,0.005990379214237906,0.011930637867342473,0.014889041670849396,0.004963013890283132,0.009926027780566265,3.7468097112707897,1334.394413936701,0.75,0.85,0.75,0.15,4.0,0.0,0.35,0.8021711060847014,1.0837499999999998,0.9558886051860883,0.51,0.0,0.045,,
10455.0,0.12874332092605617,0.9999999999930209,29.521147233247635,3.1022645413272105,1.2077626918613873,0.0059961377745582686,0.011941986835146016,0.014898116890223278,0.00496603896340776,0.00993207792681552,3.7468097112707897,1323.9253413133142,0.75,0.85,0.75,0.15,4.0,0.0,0.35,0.8021711060847014,1.0837499999999998,0.9558886051860883,0.51,0.0,0.045,,
10465.0,0.12777063012508005,0.9999999999930114,29.521939168739323,3.101171338647449,1.2081884334148092,0.006001912092598512,0.011953366811983647,0.014907220320109152,0.004969073440036384,0.009938146880072768,3.7468097112707897,1313.4597139232812,0.75,0.85,0.75,0.15,4.0,0.0,0.35,0.8021711060847014,1.0837499999999998,0.9558886051860883,0.51,0.0,0.045,,
10475.0,0.1267975963125145,0.9999999999930018,29.52272986623203,3.1000779523356976,1.2086145468010936,0.006007702196459634,0.011964777852184418,0.014916351985575105,0.004972117328525036,0.009944234657050072,3.7468097112707897,1302.997534110385,0.75,0.85,0.75,0.15,4.0,0.0,0.35,0.8021711060847014,1.0837499999999998,0.9558886051860883,0.51,0.0,0.045,,
10485.0,0.1258242191886484,0.9999999999929923,29.52351933255697,3.0989843821989473,1.2090410325648064,0.006013508114308551,0.011976220010202508,0.014925511911735172,0.004975170637245058,0.009950341274490116,3.7468097112707897,1292.538804221808,0.75,0.85,0.75,0.15,4.0,0.0,0.35,0.8021711060847014,1.0837499999999998,0.9558886051860883,0.51,0.0,0.045,,
10495.0,0.12485049845333145,0.9999999999929827,29.52430757453243,3.097890628043781,1.2094678912516588,0.006019329874378006,0.01198769334061743,0.014934700123749284,0.004978233374583096,0.009956466749166192,3.7468097112707897,1282.0835266081463,0.75,0.85,0.75,0.15,4.0,0.0,0.35,0.8021711060847014,1.0837499999999998,0.9558886051860883,0.51,0.0,0.045,,
10505.0,0.1238764338059733,0.9999999999929732,29.525094598963847,3.096796689676366,1.2098951234085473,0.006025167504966927,0.011999197898134386,0.014943916646823369,0.004981305548941124,0.009962611097882247,3.7468097112707897,1271.6317036234138,0.75,0.85,0.75,0.15,4.0,0.0,0.35,0.8021711060847014,1.0837499999999998,0.9558886051860883,0.51,0.0,0.045,,
10515.0,0.12290202494554249,0.9999999999929636,29.525880412643865,3.0957025669024563,1.2103227295835737,0.006031021034440637,0.01201073373758459,0.014953161506209317,0.00498438716873644,0.00996877433747288,3.7468097112707897,1261.1833376250534,0.75,0.85,0.75,0.15,4.0,0.0,0.35,0.8021711060847014,1.0837499999999998,0.9558886051860883,0.51,0.0,0.045,,
10525.0,0.12192727157056565,0.9999999999929539,29.526665022352386,3.0946082595273934,1.2107507103259512,0.006036890491230643,0.012022300913925464,0.01496243472720508,0.004987478242401693,0.009974956484803387,3.7468097112707897,1250.738430973945,0.75,0.85,0.75,0.15,4.0,0.0,0.35,0.8021711060847014,1.0837499999999998,0.9558886051860883,0.51,0.0,0.045,,
10535.0,0.12095217337912642,0.9999999999929441,29.52744843485664,3.0935137673561006,1.2111790661861284,0.0060427759038352204,0.012033899482241015,0.014971736335154643,0.004990578778384882,0.009981157556769763,3.7468097112707897,1240.2969860344137,0.75,0.85,0.75,0.15,4.0,0.0,0.35,0.8021711060847014,1.0837499999999998,0.9558886051860883,0.51,0.0,0.045,,
10545.0,0.11997673006886453,0.9999999999929343,29.52823065691124,3.092419090193087,1.211607797715698,0.006048677300819347,0.012045529497742131,0.014981066355448078,0.004993688785149359,0.009987377570298718,3.7468097112707897,1229.8590051742399,0.75,0.85,0.75,0.15,4.0,0.0,0.35,0.8021711060847014,1.0837499999999998,0.9558886051860883,0.51,0.0,0.045,,
10555.0,0.11900094133697489,0.9999999999929245,29.52901169525824,3.09132422784244,1.2120369054675,0.006054594710814998,0.012057191015766857,0.014990424813521584,0.004996808271173862,0.009993616542347724,3.7468097112707897,1219.4244907646644,0.75,0.85,0.75,0.15,4.0,0.0,0.35,0.8021711060847014,1.0837499999999998,0.9558886051860883,0.51,0.0,0.045,,
10565.0,0.1180248068802066,0.9999999999929148,29.529791556627202,3.0902291801078317,1.2124663899954893,0.00606052816252108,0.012068884091780677,0.014999811734857512,0.004999937244952504,0.009999874489905008,3.7468097112707897,1208.993445180401,0.75,0.85,0.75,0.15,4.0,0.0,0.35,0.8021711060847014,1.0837499999999998,0.9558886051860883,0.51,0.0,0.045,,
10575.0,0.11704832639486197,0.999999999992905,29.530570247735245,3.0891339467925136,1.2128962518548685,0.006066477684703879,0.01208060878137686,0.015009227144984394,0.005003075714994798,0.010006151429989596,3.7468097112707897,1198.565870799644,0.75,0.85,0.75,0.15,4.0,0.0,0.35,0.8021711060847014,1.0837499999999998,0.9558886051860883,0.51,0.0,0.045,,
10585.0,0.11607149957679558,0.9999999999928952,29.531347775287113,3.0880385276993154,1.2133264916020428,0.006072443306197158,0.012092365140276794,0.015018671069476977,0.00500622368982566,0.01001244737965132,3.7468097112707897,1188.141770004076,0.75,0.85,0.75,0.15,4.0,0.0,0.35,0.8021711060847014,1.0837499999999998,0.9558886051860883,0.51,0.0,0.045,,
10595.0,0.11509432612141329,0.9999999999928855,29.532124145975224,3.0869429226306444,1.2137571097945759,0.006078425055902113,0.012104153224330203,0.015028143533956262,0.00500938117798542,0.01001876235597084,3.7468097112707897,1177.721145178877,0.75,0.85,0.75,0.15,4.0,0.0,0.35,0.8021711060847014,1.0837499999999998,0.9558886051860883,0.51,0.0,0.045,,
10605.0,0.11411680572367133,0.9999999999928757,29.532899366479747,3.085847131388485,1.2141881069912923,0.006084422962787784,0.012115973089515496,0.015037644564089526,0.005012548188029843,0.010025096376059686,3.7468097112707897,1167.3039987127336,0.75,0.85,0.75,0.15,4.0,0.0,0.35,0.8021711060847014,1.0837499999999998,0.9558886051860883,0.51,0.0,0.045,,
10615.0,0.11313893807807526,0.9999999999928659,29.533673443468636,3.084751153774401,1.214619483752173,0.006090437055891087,0.012127824791940082,0.015047174185590366,0.0050157247285301226,0.010031449457060245,3.7468097112707897,1156.890332997849,0.75,0.85,0.75,0.15,4.0,0.0,0.35,0.8021711060847014,1.0837499999999998,0.9558886051860883,0.51,0.0,0.045,,
10625.0,0.11216072287867902,0.9999999999928562,29.534446383597718,3.083654989589527,1.2150512406384304,0.0060964673643169945,0.012139708387840656,0.015056732424218722,0.005018910808072908,0.010037821616145816,3.7468097112707897,1146.48015042995,0.75,0.85,0.75,0.15,4.0,0.0,0.35,0.8021711060847014,1.0837499999999998,0.9558886051860883,0.51,0.0,0.045,,
10635.0,0.11118215981908394,0.9999999999928464,29.535218193510726,3.082558638634571,1.2154833782125047,0.006102513917238829,0.012151623933583546,0.01506631930578092,0.005022106435260306,0.010044212870520612,3.7468097112707897,1136.0734534082956,0.75,0.85,0.75,0.15,4.0,0.0,0.35,0.8021711060847014,1.0837499999999998,0.9558886051860883,0.51,0.0,0.045,,
10645.0,0.11020324859243781,0.9999999999928366,29.53598887983937,3.0814621007098175,1.2159158970380353,0.006108576743898225,0.01216357148566497,0.015075934856129703,0.005025311618709901,0.010050623237419802,3.7468097112707897,1125.6702443356876,0.75,0.85,0.75,0.15,4.0,0.0,0.35,0.8021711060847014,1.0837499999999998,0.9558886051860883,0.51,0.0,0.045,,
10655.0,0.10922398889143381,0.9999999999928268,29.536758449203393,3.0803653756151195,1.2163487976799043,0.006114655873605518,0.012175551100711411,0.01508557910116425,0.005028526367054751,0.010057052734109503,3.7468097112707897,1115.270525618479,0.75,0.85,0.75,0.15,4.0,0.0,0.35,0.8021711060847014,1.0837499999999998,0.9558886051860883,0.51,0.0,0.045,,
10665.0,0.10824438040830961,0.9999999999928169,29.537526908210637,3.0792684631499014,1.2167820807042176,0.006120751335739763,0.01218756283547989,0.015095252066830253,0.005031750688943419,0.010063501377886837,3.7468097112707897,1104.8742996665826,0.75,0.85,0.75,0.15,4.0,0.0,0.35,0.8021711060847014,1.0837499999999998,0.9558886051860883,0.51,0.0,0.045,,
10675.0,0.10726442283484634,0.9999999999928069,29.538294263457086,3.078171363113158,1.2172157466782774,0.006126863159748841,0.012199606746858242,0.015104953779119908,0.00503498459303997,0.01006996918607994,3.7468097112707897,1094.4815688934796,0.75,0.85,0.75,0.15,4.0,0.0,0.35,0.8021711060847014,1.0837499999999998,0.9558886051860883,0.51,0.0,0.045,,
10685.0,0.10628411586236756,0.9999999999927969,29.539060521526935,3.0770740753034516,1.2176497961706554,0.0061329913751499016,0.012211682891865536,0.015114684264071941,0.005038228088023981,0.010076456176047962,3.7468097112707897,1084.0923357162303,0.75,0.85,0.75,0.15,4.0,0.0,0.35,0.8021711060847014,1.0837499999999998,0.9558886051860883,0.51,0.0,0.045,,
10695.0,0.10530345918173836,0.9999999999927869,29.539825688992646,3.0759765995189103,1.2180842297511703,0.006139136011529324,0.0122237913276523,0.015124443547771713,0.005041481182590571,0.010082962365181141,3.7468097112707897,1073.706602555481,0.75,0.85,0.75,0.15,4.0,0.0,0.35,0.8021711060847014,1.0837499999999998,0.9558886051860883,0.51,0.0,0.045,,
10705.0,0.10432245248336425,0.9999999999927769,29.54058977241501,3.0748789355572326,1.2185190479908354,0.006145297098542873,0.012235932111500878,0.015134231656351168,0.005044743885450389,0.010089487770900778,3.7468097112707897,1063.3243718354747,0.75,0.85,0.75,0.15,4.0,0.0,0.35,0.8021711060847014,1.0837499999999998,0.9558886051860883,0.51,0.0,0.045,,
10715.0,0.10334109545719027,0.9999999999927669,29.541352778343196,3.073781083215679,1.2189542514619227,0.00615147466591594,0.012248105300825728,0.015144048615988948,0.00504801620532965,0.0100960324106593,3.7468097112707897,1052.94564598406,0.75,0.85,0.75,0.15,4.0,0.0,0.35,0.8021711060847014,1.0837499999999998,0.9558886051860883,0.51,0.0,0.045,,
10725.0,0.1023593877926999,0.9999999999927569,29.542114713314817,3.0726830422910734,1.2193898407379828,0.006157668743443807,0.012260310953173774,0.015153894452910361,0.005051298150970121,0.010102596301940242,3.7468097112707897,1042.5704274326988,0.75,0.85,0.75,0.15,4.0,0.0,0.35,0.8021711060847014,1.0837499999999998,0.9558886051860883,0.51,0.0,0.045,,
10735.0,0.10137732917891412,0.9999999999927469,29.54287558385598,3.0715848125798044,1.2198258163937779,0.006163879360991613,0.012272549126224677,0.015163769193387477,0.005054589731129159,0.010109179462258318,3.7468097112707897,1032.198718616477,0.75,0.85,0.75,0.15,4.0,0.0,0.35,0.8021711060847014,1.0837499999999998,0.9558886051860883,0.51,0.0,0.045,,
10745.0,0.10039491930439033,0.9999999999927369,29.54363539648135,3.0704863938778226,1.220262179005358,0.006170106548494756,0.012284819877791224,0.015173672863739109,0.005057890954579702,0.010115781909159405,3.7468097112707897,1021.8305219741143,0.75,0.85,0.75,0.15,4.0,0.0,0.35,0.8021711060847014,1.0837499999999998,0.9558886051860883,0.51,0.0,0.045,,
10755.0,0.0994121578572214,0.9999999999927269,29.544394157694207,3.0693877859806387,1.2206989291499672,0.006176350335958752,0.012297123265819557,0.015183605490330904,0.005061201830110302,0.010122403660220604,3.7468097112707897,1011.4658399479712,0.75,0.85,0.75,0.15,4.0,0.0,0.35,0.8021711060847014,1.0837499999999998,0.9558886051860883,0.51,0.0,0.045,,
10765.0,0.09842904452503463,0.9999999999927169,29.5451518739865,3.0682889886833222,1.22113606740622,0.006182610753459901,0.012309459348389602,0.015193567099575329,0.005064522366525111,0.010129044733050221,3.7468097112707897,1001.1046749840593,0.75,0.85,0.75,0.15,4.0,0.0,0.35,0.8021711060847014,1.0837499999999998,0.9558886051860883,0.51,0.0,0.045,,
10775.0,0.09744557899499073,0.999999999992707,29.545908551838913,3.0671900017805016,1.2215735943539052,0.006188887831144987,0.012321828183715335,0.015203557717931759,0.0050678525726439196,0.010135705145287839,3.7468097112707897,990.7470295320522,0.75,0.85,0.75,0.15,4.0,0.0,0.35,0.8021711060847014,1.0837499999999998,0.9558886051860883,0.51,0.0,0.045,,
10785.0,0.09646176095378281,0.999999999992697,29.546664197720908,3.0660908250663628,1.2220115105741056,0.006195181599231695,0.01233422983014513,0.015213577371906458,0.005071192457302153,0.010142384914604306,3.7468097112707897,980.3929060452916,0.75,0.85,0.75,0.15,4.0,0.0,0.35,0.8021711060847014,1.0837499999999998,0.9558886051860883,0.51,0.0,0.045,,
10795.0,0.09547759008763532,0.9999999999926868,29.54741881809079,3.0649914583346494,1.2224498166491744,0.006201492088008676,0.012346664346162039,0.015223626088052675,0.005074542029350892,0.010149084058701784,3.7468097112707897,970.0423069808,0.75,0.85,0.75,0.15,4.0,0.0,0.35,0.8021711060847014,1.0837499999999998,0.9558886051860883,0.51,0.0,0.045,,
10805.0,0.0944930660823031,0.9999999999926766,29.54817241939577,3.0638919013786565,1.222888513162751,0.006207819327835864,0.012359131790384172,0.015233703892970652,0.005077901297656884,0.010155802595313767,3.7468097112707897,959.6952347992872,0.75,0.85,0.75,0.15,4.0,0.0,0.35,0.8021711060847014,1.0837499999999998,0.9558886051860883,0.51,0.0,0.045,,
10815.0,0.09350818862307024,0.9999999999926664,29.548925008072004,3.062792153991237,1.2233276006997589,0.006214163349144627,0.012371632221565048,0.015243810813307643,0.005081270271102548,0.010162540542205096,3.7468097112707897,949.3516919651618,0.75,0.85,0.75,0.15,4.0,0.0,0.35,0.8021711060847014,1.0837499999999998,0.9558886051860883,0.51,0.0,0.045,,
10825.0,0.09252295739474918,0.9999999999926562,29.549676590544678,3.061692215964795,1.2237670798463856,0.0062205241824377965,0.012384165698593859,0.015253946875757993,0.0050846489585859985,0.010169297917171997,3.7468097112707897,939.0116809465395,0.75,0.85,0.75,0.15,4.0,0.0,0.35,0.8021711060847014,1.0837499999999998,0.9558886051860883,0.51,0.0,0.045,,
10835.0,0.09153737208167954,0.999999999992646,29.550427173228037,3.0605920870912846,1.224206951190138,0.006226901858290086,0.012396732280495877,0.01526411210706316,0.005088037369021053,0.010176074738042107,3.7468097112707897,928.6752042152531,0.75,0.85,0.75,0.15,4.0,0.0,0.35,0.8021711060847014,1.0837499999999998,0.9558886051860883,0.51,0.0,0.045,,
10845.0,0.0905514323677272,0.9999999999926358,29.551176762525458,3.0594917671622137,1.2246472153197534,0.006233296407347912,0.012409332026432683,0.015274306534011742,0.005091435511337247,0.010182871022674494,3.7468097112707897,918.3422642468621,0.75,0.85,0.75,0.15,4.0,0.0,0.35,0.8021711060847014,1.0837499999999998,0.9558886051860883,0.51,0.0,0.045,,
10855.0,0.08956513793628315,0.9999999999926256,29.551925364829497,3.0583912559686355,1.2250878728253407,0.0062397078603300665,0.012421964995702615,0.015284530183439544,0.005094843394479847,0.010189686788959694,3.7468097112707897,908.0128635206605,0.75,0.85,0.75,0.15,4.0,0.0,0.35,0.8021711060847014,1.0837499999999998,0.9558886051860883,0.51,0.0,0.045,,
10865.0,0.08857848847026253,0.9999999999926154,29.552672986521955,3.057290553301157,1.225528924298232,0.006246136248027438,0.012434631247741027,0.015294783082229587,0.005098261027409862,0.010196522054819725,3.7468097112707897,897.68700451969,0.75,0.85,0.75,0.15,4.0,0.0,0.35,0.8021711060847014,1.0837499999999998,0.9558886051860883,0.51,0.0,0.045,,
10875.0,0.08759148365210358,0.9999999999926051,29.553419633973927,3.056189658949926,1.2259703703311517,0.006252581601303608,0.012447330842120694,0.015305065257312176,0.005101688419104059,0.010203376838208118,3.7468097112707897,887.3646897307453,0.75,0.85,0.75,0.15,4.0,0.0,0.35,0.8021711060847014,1.0837499999999998,0.9558886051860883,0.51,0.0,0.045,,
10885.0,0.08660412316376648,0.9999999999925949,29.554165313545866,3.05508857270464,1.2264122115180276,0.00625904395109458,0.012460063838552068,0.015315376735664918,0.0051051255785549724,0.010210251157109945,3.7468097112707897,877.0459216443872,0.75,0.85,0.75,0.15,4.0,0.0,0.35,0.8021711060847014,1.0837499999999998,0.9558886051860883,0.51,0.0,0.045,,
10895.0,0.08561640668673244,0.9999999999925847,29.554910031587628,3.0539872943545405,1.2268544484541715,0.006265523328409393,0.012472830296883695,0.01532571754431278,0.005108572514770927,0.010217145029541854,3.7468097112707897,866.7307027549502,0.75,0.85,0.75,0.15,4.0,0.0,0.35,0.8021711060847014,1.0837499999999998,0.9558886051860883,0.51,0.0,0.045,,
10905.0,0.08462833390200257,0.9999999999925745,29.555653794438538,3.052885823688412,1.2272970817361772,0.00627201976433002,0.012485630277102498,0.015336087710328117,0.0051120292367760395,0.010224058473552079,3.7468097112707897,856.4190355605526,0.75,0.85,0.75,0.15,4.0,0.0,0.35,0.8021711060847014,1.0837499999999998,0.9558886051860883,0.51,0.0,0.045,,
10915.0,0.08363990449009681,0.9999999999925643,29.55639660842744,3.0517841604945817,1.2277401119619729,0.006278533290011743,0.012498463839334175,0.01534648726083072,0.0051154957536102405,0.010230991507220481,3.7468097112707897,846.1109225631076,0.75,0.85,0.75,0.15,4.0,0.0,0.35,0.8021711060847014,1.0837499999999998,0.9558886051860883,0.51,0.0,0.045,,
10925.0,0.08265111813105291,0.999999999992554,29.55713847987276,3.050682304560918,1.2281835397307739,0.0062850639366831065,0.012511331043843455,0.015356916222987852,0.005118972074329285,0.01023794414865857,3.7468097112707897,835.8063662683303,0.75,0.85,0.75,0.15,4.0,0.0,0.35,0.8021711060847014,1.0837499999999998,0.9558886051860883,0.51,0.0,0.045,,
10935.0,0.08166197450442532,0.9999999999925435,29.557879415082542,3.049580255674828,1.2286273656431785,0.006291611735646477,0.012524231951034573,0.015367374624014314,0.005122458208004772,0.010244916416009544,3.7468097112707897,825.5053691857498,0.75,0.85,0.75,0.15,4.0,0.0,0.35,0.8021711060847014,1.0837499999999998,0.9558886051860883,0.51,0.0,0.045,,
10945.0,0.08067247328928415,0.9999999999925331,29.558619420354542,3.04847801362326,1.229071590301065,0.006298176718277837,0.012537166621451504,0.01537786249117244,0.0051259541637241465,0.010251908327448293,3.7468097112707897,815.2079338287189,0.75,0.85,0.75,0.15,4.0,0.0,0.35,0.8021711060847014,1.0837499999999998,0.9558886051860883,0.51,0.0,0.045,,
10955.0,0.07968261416421409,0.9999999999925226,29.55935850197625,3.047375578192698,1.2295162143076581,0.0063047589160271904,0.012550135115778361,0.015388379851772167,0.005129459950590723,0.010258919901181445,3.7468097112707897,804.9140627144222,0.75,0.85,0.75,0.15,4.0,0.0,0.35,0.8021711060847014,1.0837499999999998,0.9558886051860883,0.51,0.0,0.045,,
10965.0,0.07869239680731331,0.9999999999925122,29.560096666224947,3.046272949169162,1.2299612382675225,0.006311358360418698,0.012563137494839728,0.015398926733171102,0.005132975577723701,0.010265951155447402,3.7468097112707897,794.6237583638876,0.75,0.85,0.75,0.15,4.0,0.0,0.35,0.8021711060847014,1.0837499999999998,0.9558886051860883,0.51,0.0,0.045,,
10975.0,0.07770182089619244,0.9999999999925018,29.560833919367784,3.0451701263382094,1.2304066627865629,0.006317975083050873,0.012576173819600998,0.0154095031627745,0.005136501054258167,0.010273002108516335,3.7468097112707897,784.3370233019959,0.75,0.85,0.75,0.15,4.0,0.0,0.35,0.8021711060847014,1.0837499999999998,0.9558886051860883,0.51,0.0,0.045,,
10985.0,0.07671088610797346,0.9999999999924913,29.561570267661818,3.0440671094849283,1.230852488472041,0.006324609115596827,0.012589244151168756,0.015420109168035389,0.005140036389345129,0.010280072778690258,3.7468097112707897,774.0538600574899,0.75,0.85,0.75,0.15,4.0,0.0,0.35,0.8021711060847014,1.0837499999999998,0.9558886051860883,0.51,0.0,0.045,,
10995.0,0.07571959211928853,0.9999999999924809,29.56230571735407,3.0429638983939435,1.2312987159325495,0.006331260489804423,0.012602348550791159,0.015430744776454532,0.0051435815921515105,0.010287163184303021,3.7468097112707897,763.7742711629855,0.75,0.85,0.75,0.15,4.0,0.0,0.35,0.8021711060847014,1.0837499999999998,0.9558886051860883,0.51,0.0,0.045,,
11005.0,0.07472793860627903,0.9999999999924705,29.56304027468159,3.041860492849408,1.2317453457780292,0.0063379292374963325,0.01261548707985819,0.015441410015580541,0.005147136671860181,0.010294273343720363,3.7468097112707897,753.4982591549804,0.75,0.85,0.75,0.15,4.0,0.0,0.35,0.8021711060847014,1.0837499999999998,0.9558886051860883,0.51,0.0,0.045,,
11015.0,0.07373592524459448,0.99999999999246,29.5637739458715,3.0407568926350055,1.232192378619797,0.006344615390570438,0.01262865979990207,0.015452104913009865,0.005150701637669956,0.010301403275339911,3.7468097112707897,743.2258265738656,0.75,0.85,0.75,0.15,4.0,0.0,0.35,0.8021711060847014,1.0837499999999998,0.9558886051860883,0.51,0.0,0.045,,
11025.0,0.07274355170939127,0.9999999999924496,29.56450673714105,3.039653097533951,1.2326398150705096,0.00635131898099992,0.012641866772597633,0.015462829496386875,0.005154276498795626,0.010308552997591251,3.7468097112707897,732.9569759639352,0.75,0.85,0.75,0.15,4.0,0.0,0.35,0.8021711060847014,1.0837499999999998,0.9558886051860883,0.51,0.0,0.045,,
11035.0,0.07175081767533173,0.9999999999924392,29.565238654697684,3.038549107328985,1.233087655744203,0.006358040040833528,0.012655108059762683,0.015473583793403873,0.0051578612644679585,0.010315722528935917,3.7468097112707897,722.6917098733944,0.75,0.85,0.75,0.15,4.0,0.0,0.35,0.8021711060847014,1.0837499999999998,0.9558886051860883,0.51,0.0,0.045,,
11045.0,0.07075772281658298,0.9999999999924287,29.565969704739086,3.0374449218023747,1.233535901256298,0.00636477860219572,0.012668383723358328,0.015484367831801175,0.005161455943933726,0.010322911887867452,3.7468097112707897,712.4300308543727,0.75,0.85,0.75,0.15,4.0,0.0,0.35,0.8021711060847014,1.0837499999999998,0.9558886051860883,0.51,0.0,0.045,,
11055.0,0.0697642668068158,0.9999999999924181,29.56669989345324,3.0363405407359143,1.2339845522235409,0.006371534697286744,0.012681693825489329,0.01549518163936713,0.0051650605464557105,0.010330121092911421,3.7468097112707897,702.1719414629322,0.75,0.85,0.75,0.15,4.0,0.0,0.35,0.8021711060847014,1.0837499999999998,0.9558886051860883,0.51,0.0,0.045,,
11065.0,0.06877044931920358,0.9999999999924074,29.56742922701848,3.035235963910921,1.2344336092640964,0.006378308358383056,0.01269503842840448,0.015506025243938164,0.005168675081312722,0.010337350162625445,3.7468097112707897,691.9174442590781,0.75,0.85,0.75,0.15,4.0,0.0,0.35,0.8021711060847014,1.0837499999999998,0.9558886051860883,0.51,0.0,0.045,,
11075.0,0.06777627002642111,0.9999999999923967,29.56815771160354,3.034131191108234,1.2348830729974838,0.006385099617837388,0.012708417594497002,0.015516898673398838,0.005172299557799613,0.010344599115599226,3.7468097112707897,681.6665418067695,0.75,0.85,0.75,0.15,4.0,0.0,0.35,0.8021711060847014,1.0837499999999998,0.9558886051860883,0.51,0.0,0.045,,
11085.0,0.06678172860064359,0.9999999999923861,29.568885353367623,3.0330262221082176,1.2353329440446303,0.006391908508078972,0.012721831386304838,0.015527801955681878,0.005175933985227293,0.010351867970454585,3.7468097112707897,671.4192366739289,0.75,0.85,0.75,0.15,4.0,0.0,0.35,0.8021711060847014,1.0837499999999998,0.9558886051860883,0.51,0.0,0.045,,
11095.0,0.06578682471354538,0.9999999999923754,29.569612158460444,3.0319210566907504,1.235783223027834,0.006398735061613755,0.012735279866511101,0.015538735118768241,0.005179578372922748,0.010359156745845496,3.7468097112707897,661.1755314324522,0.75,0.85,0.75,0.15,4.0,0.0,0.35,0.8021711060847014,1.0837499999999998,0.9558886051860883,0.51,0.0,0.045,,
11105.0,0.06479155803629903,0.9999999999923648,29.57033813302229,3.030815694635235,1.2362339105707725,0.006405579311024463,0.012748763097944328,0.015549698190687153,0.005183232730229052,0.010366465460458104,3.7468097112707897,650.9354286582208,0.75,0.85,0.75,0.15,4.0,0.0,0.35,0.8021711060847014,1.0837499999999998,0.9558886051860883,0.51,0.0,0.045,,
11115.0,0.063795928239574,0.9999999999923541,29.57106328318407,3.0297101357205904,1.2366850072985969,0.006412441288971226,0.012762281143579014,0.01556069119951615,0.005186897066505383,0.010373794133010766,3.7468097112707897,640.6989309311095,0.75,0.85,0.75,0.15,4.0,0.0,0.35,0.8021711060847014,1.0837499999999998,0.9558886051860883,0.51,0.0,0.045,,
11125.0,0.06279993499353567,0.9999999999923435,29.57178761506738,3.0286043797252513,1.237136513837741,0.006419321028191094,0.012775834066535804,0.01557171417338112,0.00519057139112704,0.01038114278225408,3.7468097112707897,630.4660408349997,0.75,0.85,0.75,0.15,4.0,0.0,0.35,0.8021711060847014,1.0837499999999998,0.9558886051860883,0.51,0.0,0.045,,
11135.0,0.06180357796784412,0.9999999999923328,29.57251113478453,3.027498426427169,1.2375884308161254,0.0064262185614988275,0.012789421930081967,0.01558276714045638,0.00519425571348546,0.01038851142697092,3.7468097112707897,620.2367609577872,0.75,0.85,0.75,0.15,4.0,0.0,0.35,0.8021711060847014,1.0837499999999998,0.9558886051860883,0.51,0.0,0.045,,
11145.0,0.060806856831653024,0.9999999999923221,29.573233848438644,3.026392275603808,1.2380407588630684,0.006433133921786907,0.012803044797631759,0.01559385012896468,0.005197950042988227,0.010395900085976455,3.7468097112707897,610.0110938913944,0.75,0.85,0.75,0.15,4.0,0.0,0.35,0.8021711060847014,1.0837499999999998,0.9558886051860883,0.51,0.0,0.045,,
11155.0,0.05980977125360849,0.9999999999923115,29.573955762123667,3.0252859270321455,1.2384934986092921,0.0064400671420256905,0.012816702732746793,0.015604963167177282,0.005201654389059094,0.010403308778118188,3.7468097112707897,599.7890422317794,0.75,0.85,0.75,0.15,4.0,0.0,0.35,0.8021711060847014,1.0837499999999998,0.9558886051860883,0.51,0.0,0.045,,
11165.0,0.05881232090184798,0.9999999999923008,29.574676881924443,3.0241793804886696,1.2389466506869289,0.006447018255263586,0.012830395799136377,0.015616106283414,0.005205368761138001,0.010410737522276002,3.7468097112707897,589.570608578948,0.75,0.85,0.75,0.15,4.0,0.0,0.35,0.8021711060847014,1.0837499999999998,0.9558886051860883,0.51,0.0,0.045,,
11175.0,0.057814505443999104,0.99999999999229,29.57539721391677,3.023072635749378,1.2394002157295436,0.0064539872946273785,0.012844124060657923,0.01562727950604325,0.005209093168681084,0.010418186337362167,3.7468097112707897,579.3557955369629,0.75,0.85,0.75,0.15,4.0,0.0,0.35,0.8021711060847014,1.0837499999999998,0.9558886051860883,0.51,0.0,0.045,,
11185.0,0.056816324547178505,0.9999999999922791,29.576116764167445,3.0219656925897787,1.2398541943721415,0.006460974293322418,0.012857887581317338,0.01563848286348208,0.005212827621160693,0.010425655242321386,3.7468097112707897,569.1446057139559,0.75,0.85,0.75,0.15,4.0,0.0,0.35,0.8021711060847014,1.0837499999999998,0.9558886051860883,0.51,0.0,0.045,,
11195.0,0.0558177778779907,0.9999999999922682,29.576835538734322,3.020858550784888,1.2403085872511022,0.006467979284632627,0.012871686425269348,0.01564971638419625,0.005216572128065416,0.010433144256130832,3.7468097112707897,558.9370417221376,0.75,0.85,0.75,0.15,4.0,0.0,0.35,0.8021711060847014,1.0837499999999998,0.9558886051860883,0.51,0.0,0.045,,
11205.0,0.05481886510252692,0.9999999999922573,29.57755354366637,3.019751210109225,1.2407633950043304,0.006475002301921086,0.012885520656817947,0.015660980096700236,0.00522032669890008,0.01044065339780016,3.7468097112707897,548.733106177807,0.75,0.85,0.75,0.15,4.0,0.0,0.35,0.8021711060847014,1.0837499999999998,0.9558886051860883,0.51,0.0,0.045,,
11215.0,0.053819585886363944,0.9999999999922464,29.578270785003717,3.018643670336815,1.2412186182711031,0.006482043378629928,0.012899390340416766,0.01567227402955735,0.005224091343185785,0.01044818268637157,3.7468097112707897,538.5328017013641,0.75,0.85,0.75,0.15,4.0,0.0,0.35,0.8021711060847014,1.0837499999999998,0.9558886051860883,0.51,0.0,0.045,,
11225.0,0.05281993989456297,0.9999999999922355,29.578987268777713,3.0175359312411882,1.2416742576921371,0.006489102548280504,0.012913295540669372,0.015683598211379705,0.005227866070459901,0.010455732140919802,3.7468097112707897,528.3361309173196,0.75,0.85,0.75,0.15,4.0,0.0,0.35,0.8021711060847014,1.0837499999999998,0.9558886051860883,0.51,0.0,0.045,,
11235.0,0.05181992679166843,0.9999999999922247,29.579703001010973,3.016427992595377,1.2421303139096198,0.006496179844473891,0.012927236322329757,0.015694952670828335,0.0052316508902761115,0.010463301780552223,3.7468097112707897,518.1430964543064,0.75,0.85,0.75,0.15,4.0,0.0,0.35,0.8021711060847014,1.0837499999999998,0.9558886051860883,0.51,0.0,0.045,,
11245.0,0.0508195462417068,0.9999999999922138,29.580417987717443,3.015319854171911,1.2425867875672192,0.00650327530089099,0.012941212750302702,0.015706337436613187,0.005235445812204397,0.010470891624408793,3.7468097112707897,507.95370094508866,0.75,0.85,0.75,0.15,4.0,0.0,0.35,0.8021711060847014,1.0837499999999998,0.9558886051860883,0.51,0.0,0.045,,
11255.0,0.04981879790818548,0.9999999999922029,29.581132234902444,3.0142115157428235,1.2430436793099993,0.006510388951292509,0.012955224889644111,0.015717752537493246,0.005239250845831082,0.010478501691662164,3.7468097112707897,497.76794702657565,0.75,0.85,0.75,0.15,4.0,0.0,0.35,0.8021711060847014,1.0837499999999998,0.9558886051860883,0.51,0.0,0.045,,
11265.0,0.04881768145409157,0.999999999992192,29.581845748562728,3.013102977079644,1.243500989784532,0.006517520829519496,0.012969272805561455,0.01572919800227649,0.00524306600075883,0.01048613200151766,3.7468097112707897,487.5858373398295,0.75,0.85,0.75,0.15,4.0,0.0,0.35,0.8021711060847014,1.0837499999999998,0.9558886051860883,0.51,0.0,0.045,,
11275.0,0.04781619654189072,0.9999999999921811,29.582558534686534,3.0119942379533984,1.2439587196388269,0.006524670969493341,0.012983356563414135,0.015740673859820024,0.005246891286606674,0.010493782573213348,3.7468097112707897,477.40737453007824,0.75,0.85,0.75,0.15,4.0,0.0,0.35,0.8021711060847014,1.0837499999999998,0.9558886051860883,0.51,0.0,0.045,,
11285.0,0.04681434283352593,0.9999999999921703,29.583270599253638,3.01088529813461,1.2444168695223679,0.0065318394052160614,0.012997476228713879,0.01575218013903008,0.005250726713010026,0.010501453426020052,3.7468097112707897,467.2325612467259,0.75,0.85,0.75,0.15,4.0,0.0,0.35,0.8021711060847014,1.0837499999999998,0.9558886051860883,0.51,0.0,0.045,,
11295.0,0.04581211999041639,0.9999999999921592,29.5839819482354,3.009776157393294,1.2448754400861168,0.0065390261707705235,0.013011631867125131,0.0157637168688621,0.005254572289620701,0.010509144579241401,3.7468097112707897,457.0614001433634,0.75,0.85,0.75,0.15,4.0,0.0,0.35,0.8021711060847014,1.0837499999999998,0.9558886051860883,0.51,0.0,0.045,,
11305.0,0.044809527673456265,0.9999999999921481,29.584692587594837,3.0086668154989584,1.245334431982521,0.0065462313003206846,0.01302582354446547,0.015775284078320764,0.005258428026106922,0.010516856052213844,3.7468097112707897,446.8938938777801,0.75,0.85,0.75,0.15,4.0,0.0,0.35,0.8021711060847014,1.0837499999999998,0.9558886051860883,0.51,0.0,0.045,,
11315.0,0.04380656554301349,0.999999999992137,29.585402523286653,3.0075572722206045,1.245793845865517,0.006553454828111785,0.013040051326705993,0.01578688179646005,0.0052622939321533505,0.010524587864306701,3.7468097112707897,436.73004511197445,0.75,0.85,0.75,0.15,4.0,0.0,0.35,0.8021711060847014,1.0837499999999998,0.9558886051860883,0.51,0.0,0.045,,
11325.0,0.042803233258928625,0.9999999999921259,29.5861117612573,3.006447527326723,1.2462536823904795,0.006560696788470412,0.013054315279971676,0.015798510052383283,0.005266170017461095,0.01053234003492219,3.7468097112707897,426.5698565121657,0.75,0.85,0.75,0.15,4.0,0.0,0.35,0.8021711060847014,1.0837499999999998,0.9558886051860883,0.51,0.0,0.045,,
11335.0,0.04179953048051361,0.9999999999921148,29.586820307445038,3.0053375805852918,1.2467139422143256,0.006567957215804964,0.013068615470541806,0.0158101688752432,0.005270056291747735,0.01054011258349547,3.7468097112707897,416.41333074880396,0.75,0.85,0.75,0.15,4.0,0.0,0.35,0.8021711060847014,1.0837499999999998,0.9558886051860883,0.51,0.0,0.045,,
11345.0,0.040795456866550575,0.9999999999921036,29.587528167779983,3.004227431763777,1.2471746259954757,0.006575236144605842,0.013082951964850405,0.015821858294241996,0.005273952764747332,0.010547905529494663,3.7468097112707897,406.26047049658206,0.75,0.85,0.75,0.15,4.0,0.0,0.35,0.8021711060847014,1.0837499999999998,0.9558886051860883,0.51,0.0,0.045,,
11355.0,0.03979101207529064,0.9999999999920925,29.58823534818415,3.00311708062913,1.2476357343937905,0.006582533609445406,0.01309732482948659,0.015833578338631363,0.005277859446210454,0.010555718892420908,3.7468097112707897,396.1112784344472,0.75,0.85,0.75,0.15,4.0,0.0,0.35,0.8021711060847014,1.0837499999999998,0.9558886051860883,0.51,0.0,0.045,,
11365.0,0.038786195764452684,0.9999999999920814,29.588941854571527,3.0020065269477865,1.2480972680707132,0.00658984964497857,0.013111734131195001,0.015845329037712564,0.005281776345904189,0.010563552691808378,3.7468097112707897,385.9657572456109,0.75,0.85,0.75,0.15,4.0,0.0,0.35,0.8021711060847014,1.0837499999999998,0.9558886051860883,0.51,0.0,0.045,,
11375.0,0.03778100759122216,0.9999999999920703,29.589647692848107,3.000895770485667,1.2485592276891078,0.0065971842859425985,0.013126179936876172,0.015857110420836474,0.005285703473612158,0.010571406947224317,3.7468097112707897,375.82390961756215,0.75,0.85,0.75,0.15,4.0,0.0,0.35,0.8021711060847014,1.0837499999999998,0.9558886051860883,0.51,0.0,0.045,,
11385.0,0.03677544721224985,0.9999999999920592,29.59035286891195,2.9997848110081726,1.2490216139134438,0.006604537567157765,0.013140662313586965,0.015868922517403638,0.005289640839134545,0.01057928167826909,3.7468097112707897,365.68573824207704,0.75,0.85,0.75,0.15,4.0,0.0,0.35,0.8021711060847014,1.0837499999999998,0.9558886051860883,0.51,0.0,0.045,voltage cutoff,11385.0
